,rank,category,name,price,product_id,isRocket,discount_percentage,rating,rating_total_count,is_out_of_stock,brand_name,shopping_fee,reviews_for_last1year,개당 용량,개폐방식,재질,투명 여부,접이 가능여부,바퀴 유무,손잡이
0,1,434945,"코멧 홈 대용량 베이직 모던 옥스퍼드 리빙박스 100L, 그레이, 2개",17730,1201955371,True,40,4.5,1510.0,False,코멧,0,1277.0,100L,지퍼식,패브릭,투명,접이식가능,NULL,NULL
1,2,434945,"리벤스 대용량 베이직 리빙박스 100L, 그레이, 4개",34810,159760717,True,28,4.5,3415.0,False,리벤스,0,1476.0,100L,NULL,NULL,투명,접이식가능,바퀴없음,손잡이 포함 (주키형)
2,3,434945,"코멧 홈 대용량 프리미엄 와이어 리빙박스 그레이, 100L, 2개입",20080,267023248,True,38,5.0,1562.0,False,코멧,0,938.0,NULL,지퍼식,패브릭,투명,접이식가능,NULL,NULL
3,4,434945,"가쯔 마카롱리빙박스 72L, 라이트그레이, 2개입",17020,115609633,True,1,4.5,3438.0,False,가쯔,0,1598.0,72L,뚜껑식,NULL,불투명,NULL,바퀴없음,미포함
4,5,434945,"보노하우스 모던 초대형 해피박스, 그레이, 2개입",12830,20929101,True,50,4.5,2143.0,False,보노하우스,0,888.0,NULL,뚜껑식,폴리프로필렌(PP),NULL,NULL,바퀴없음,손잡이 포함 (주키형)
5,6,434945,"조은리빙 프리미엄 디자인 패브릭 리빙박스 66L, 그레이, 2개",11900,1630360211,True,48,4.5,695.0,False,조은리빙,0,699.0,66L,지퍼형,NULL,투명,NULL,바퀴없음,NULL
6,7,434945,"코멕스 정리의 신 네오박스 60 6L, 혼합 색상, 2개입",9390,151494838,True,46,4.5,1367.0,False,코멕스,0,595.0,6L,뚜껑식,폴리프로필렌(PP),반투명,NULL,NULL,NULL
7,8,434945,"코멧 홈 패브릭 리빙박스 66L, 그레이, 2개",11890,5151672730,True,14,4.5,78.0,False,코멧,0,78.0,66000ml,NULL,패브릭,NULL,NULL,NULL,NULL
8,9,434945,"코멕스 정리의 신 네오박스 80 8L, 혼합 색상, 2개입",11410,151495615,True,37,4.5,1176.0,False,코멕스,0,614.0,8L,뚜껑식,폴리프로필렌(PP),반투명,무,NULL,NULL
9,10,434945,"조은리빙 이불정리함 리빙박스 112L + 이불압축팩 투명 대형, 네이비, 2세트",21900,66710105,True,26,4.5,2548.0,False,조은리빙,0,1094.0,NULL,지퍼형,폴리에스터(PE),투명,NULL,바퀴없음,NULL
10,14,434945,"가쯔 멀티블럭 리빙박스 72L, 그레이, 4개",27900,18667200,True,0,4.5,9622.0,False,가쯔,0,1815.0,72L,뚜껑식,NULL,불투명,NULL,바퀴없음,손잡이 포함
11,16,434945,"까사마루 서랍형 수납박스 23L, 그레이, 2개",9810,3399613,True,29,4.5,8070.0,False,까사마루,0,1066.0,23L,뚜껑식,부직포,NULL,접이식가능,바퀴없음,NULL
12,19,434945,"센스2030 커버 바스켓 중, 아이보리, 2개",9900,106466367,True,0,4.5,1419.0,False,센스2030,0,748.0,NULL,뚜껑식,폴리프로필렌(PP),불투명,NULL,바퀴없음,손잡이 포함 (주키형)
13,20,434945,"정리대장 슬라이딩 리빙박스, 화이트, 3개",31720,191267826,True,40,4.5,602.0,False,정리대장,0,338.0,NULL,슬라이딩형,폴리프로필렌(PP),불투명,NULL,바퀴없음,NULL
14,21,434945,"올리빙 크로스 접이식 슬라이딩 리빙박스 대형, 화이트, 4개",29500,199864831,True,38,4.5,1013.0,False,,,613.0,NULL,NULL,NULL,NULL,NULL,NULL,NULL
15,22,434945,"리벤스 베이직 리빙박스 56L, 아이보리, 4개입",24090,5721941,True,26,4.5,2840.0,False,리벤스,0,420.0,56L,NULL,NULL,투명,접이식가능,바퀴없음,손잡이 포함 (주키형)
16,23,434945,"올리빙 도트 리빙박스 120L, 다크그레이, 2개",34000,5004132183,True,63,4.0,1343.0,False,올리빙,0,704.0,120L,NULL,NULL,NULL,NULL,바퀴없음,NULL
17,24,434945,"하늬통상 린넨 방수 이불정리함 초특대형, 2개, 그레이",15800,179478793,True,0,4.5,548.0,False,,0,275.0,NULL,지퍼형,패브릭,불투명,NULL,바퀴없음,손잡이 포함 (주키형)
18,25,434945,"코멕스 네오박스30 3L, 2개",6270,1439104428,True,41,5.0,800.0,False,코멕스,0,425.0,3L,뚜껑형,NULL,반투명,NULL,바퀴없음,NULL
19,26,434945,"하늬통상 패브릭 이불정리함 특대형, 그레이체크, 1개",8230,64724161,True,24,4.5,1607.0,False,하늬통상,0,382.0,NULL,지퍼식,패브릭,NULL,NULL,바퀴없음,손잡이 포함
20,27,434945,"트레인 언더베드 리빙박스 낮은형, 아이보리, 2개",23480,65048851,True,41,4.5,1634.0,False,,0,647.0,50L,뚜껑식,폴리프로필렌(PP),불투명,NULL,바퀴있음,NULL
21,28,434945,"코멕스 네오박스 19L, 1개",11480,3027450,True,39,4.5,801.0,False,코멕스,0,288.0,19L,뚜껑식,폴리프로필렌(PP),반투명,접이식 불가능,NULL,NULL
22,29,434945,"코멕스 네오 340 수납박스 34L, 1개",14900,3027447,True,45,5.0,1326.0,False,코멕스,0,443.0,34L,뚜껑식,폴리프로필렌(PP),반투명,NULL,NULL,NULL
23,32,434945,"주연화학 내추럴 리빙박스 45L, 4개입",23180,3408926,True,3,4.0,3029.0,False,,0,400.0,45L,뚜껑식,플라스틱,반투명,NULL,바퀴있음,NULL
24,33,434945,"하늬통상 패브릭 이불정리함 초특대형, 그레이체크, 2개",14600,179478786,False,0,4.5,520.0,False,,0,335.0,NULL,지퍼형,패브릭,불투명,NULL,바퀴없음,손잡이 포함 (주키형)
25,35,434945,"플라팜 미니 리빙 박스 3단 소 + 칸막이 세트, 혼합 색상, 1세트",15760,1204695450,True,11,4.5,197.0,False,플라팜,0,173.0,NULL,뚜껑형,NULL,투명,NULL,바퀴없음,NULL
26,36,434945,"코멕스 네오박스 11L, 1개",9810,3027451,True,35,5.0,638.0,False,코멕스,0,174.0,11L,뚜껑식,폴리프로필렌(PP),반투명,접이식 불가능,NULL,NULL
27,39,434945,"리벤스 베이직 언더베드 리빙박스 58L, 그레이, 2개입",19200,151407338,True,25,4.5,340.0,False,리벤스,0,174.0,58L,NULL,PVC,투명,접이식가능,바퀴없음,NULL
28,40,434945,"코멕스 네오박스 600 60L, 혼합색상, 1개",25150,1596280389,True,5,4.5,161.0,False,코멕스,0,115.0,60L,뚜껑형,NULL,반투명,NULL,NULL,손잡이 포함 (주키형)
29,41,434945,"가규 모던 라운드 리빙박스 L, 화이트(본체) + 투명(뚜껑), 4개",23000,4543095791,False,36,5.0,309.0,False,,0,309.0,NULL,뚜껑식,폴리프로필렌(PP),불투명,NULL,바퀴없음,손잡이 포함 (주키형)
30,42,434945,"올리빙 트렁크 종이정리함 대형, 무지, 5개",16120,1918880328,True,0,4.5,220.0,False,올리빙,0,220.0,NULL,뚜껑형,종이,불투명,NULL,바퀴없음,NULL
31,43,434945,"조은리빙 모던 리빙박스 100L, 그레이, 2p",19850,19813252,True,33,4.5,3161.0,False,조은리빙,0,611.0,100L,지퍼식,폴리에스터(PE),투명,접이식가능,NULL,NULL
32,44,434945,"센스2030 커버 바스켓 대, 아이보리, 2개",13860,106466389,True,0,4.5,888.0,False,센스2030,0,448.0,NULL,NULL,폴리프로필렌(PP),불투명,NULL,바퀴없음,손잡이 포함 (주키형)
33,45,434945,"올리빙 크로스 확장형 이불정리함, 그레이, 4개입",17720,1477460,True,39,4.0,3080.0,False,올리빙,0,216.0,NULL,지퍼형,부직포,불투명,NULL,바퀴없음,손잡이 포함 (주키형)
34,49,434945,"하늬통상 패브릭 이불정리함 중형, 부엉이, 1개",6020,64724158,True,37,4.5,1044.0,False,하늬통상,0,275.0,NULL,지퍼식,패브릭,불투명,접이식가능,바퀴없음,NULL
35,50,434945,"코멕스 정리의 신 네오박스 50 5L, 혼합 색상, 2개입",8600,151494918,True,38,5.0,290.0,False,코멕스,0,138.0,5L,뚜껑식,폴리프로필렌(PP),반투명,NULL,NULL,NULL
36,51,434945,"올리빙 크로스 트렁크 대형 5겹 종이정리함, 그레이, 4개",12900,117319730,True,25,4.0,581.0,False,올리빙,0,236.0,NULL,뚜껑형,NULL,불투명,NULL,바퀴없음,NULL
37,52,434945,"아이리스 MCB-MD 리빙박스 36L, 투명, 4개입",59800,218273702,False,0,4.0,349.0,False,아이리스,0,201.0,36L,뚜껑식,폴리프로필렌(PP),투명,NULL,NULL,NULL
38,55,434945,"센스2030 커버 바스켓 소, 아이보리, 2개",6420,106466376,True,9,4.5,702.0,False,센스2030,0,331.0,NULL,뚜껑형,NULL,불투명,NULL,바퀴없음,NULL
39,56,434945,"올리빙 크로스 접이식 슬라이딩 리빙박스 중형, 화이트, 4개입",17000,199867903,True,42,4.5,398.0,False,,0,268.0,NULL,NULL,NULL,NULL,접이식가능,NULL,NULL
40,57,434945,"채움리빙 라탄 팬트리 수납 정리함 3호, 그레이, 4개",23800,1940472567,False,0,5.0,290.0,False,채움리빙,0,293.0,NULL,뚜껑형,라탄,불투명,NULL,바퀴없음,NULL
41,58,434945,"과일상자 플라스틱박스 과일박스 공구박스 농산물박스 운반상자 플라스틱바구니 플라스틱상자 사각상자, 1) 소(28L) 녹색",4500,2117532982,False,0,5.0,83.0,False,,"2,500",83.0,28000ml,NULL,NULL,NULL,NULL,NULL,NULL
42,60,434945,"샤바스 스칸디나 패브릭 언더베드박스 헤링본 92L, 차콜, 2개",20080,188218740,True,53,4.5,231.0,False,샤바스,0,127.0,92L,지퍼형,NULL,투명,NULL,바퀴없음,NULL
43,61,434945,"리빙숲 스퀘어 리빙박스4 72L, 그레이, 1개",10900,16863537,True,0,4.5,1226.0,False,리빙숲,0,195.0,72L,뚜껑식,NULL,NULL,NULL,바퀴없음,NULL
44,63,434945,"하늬통상 패브릭 이불정리함 대형, 그레이체크, 2개",14500,64724159,True,0,4.5,734.0,False,,0,157.0,NULL,지퍼형,패브릭,불투명,NULL,바퀴없음,손잡이 포함 (주키형)
45,64,434945,"코멧 이지 핸들 정리 수납 리빙박스, 2개입, 12L",11040,2374667463,True,35,4.5,85.0,False,코멧,0,85.0,NULL,NULL,폴리프로필렌(PP),투명,NULL,바퀴없음,손잡이 포함 (주키형)
46,65,434945,"마카롱리빙박스 24L, 라이트그레이, 2개",9480,115609656,True,10,4.5,756.0,False,,0,410.0,24L,뚜껑식,PP코플렌,불투명,NULL,바퀴없음,NULL
47,66,434945,"아이리스 투명 수납 정리함 와이드형 MCB-L, 4개입",28400,218341577,True,10,4.5,250.0,False,아이리스,0,148.0,NULL,뚜껑형,폴리프로필렌(PP),투명,NULL,바퀴없음,NULL
48,67,434945,"씨밀렉스 래폴드 터치 오픈 리빙박스 35L, 무디화이트, 2개",45800,2004872866,True,0,4.5,179.0,False,씨밀렉스,0,178.0,35L,NULL,폴리프로필렌(PP),불투명,NULL,바퀴없음,NULL
49,68,434945,"가쯔 마카롱 리빙박스 56L, 라이트그레이, 2개",15130,115609626,True,3,4.5,905.0,False,가쯔,0,445.0,56L,뚜껑식,폴리프로필렌(PP),불투명,NULL,바퀴없음,NULL
50,69,434945,"대용량 옷 이불 정리 가방 손잡이 정리함 2개 세트, 소(60L)",6900,5064267552,False,0,4.0,61.0,False,생활공유,0,62.0,60L,NULL,NULL,NULL,NULL,NULL,NULL
51,70,434945,"하주글로벌 숨쉬는 대용량 이불보관 이불정리 옷 정리함, (가로형) 다크그레이",3900,346691141,False,0,4.0,62.0,False,,0,62.0,NULL,NULL,NULL,NULL,NULL,NULL,NULL
52,71,434945,"앤플라스틱 클라스 리빙박스 55L, 반투명 + 블루, 2개입",24370,31273633,True,52,4.0,141.0,False,,0,80.0,55L,뚜껑식,폴리프로필렌(PP),반투명,NULL,바퀴있음,NULL
53,72,434945,"가쯔 와이어 리빙박스 고급형 66L, 폴라베어, 2개",11390,1209571,True,8,4.5,5679.0,False,가쯔,0,280.0,66L,지퍼식,NULL,NULL,접이식가능,바퀴없음,NULL
54,74,434945,"올리빙 커브 리빙박스 70 L, 스페셜, 4개",32000,4964694,True,63,4.0,1863.0,False,올리빙,0,259.0,70L,뚜껑식,코플렌,불투명,NULL,바퀴없음,NULL
55,77,434945,"조은리빙 컬러언더배드 수납박스, 네이비, 2개",15100,1516013284,True,5,4.5,597.0,False,조은리빙,0,197.0,NULL,지퍼식,폴리에스터(PE),NULL,접이식가능,바퀴없음,NULL
56,78,434945,"올리빙 도트 리빙박스 72L, 올리브그린, 4개",34900,5004132129,True,32,4.0,3377.0,False,올리빙,0,617.0,72L,슬라이딩형,플라스틱,불투명,NULL,NULL,NULL
57,82,434945,"코멧 홈 서랍형 수납박스 23L, 그레이, 2개",9800,1557611308,True,29,4.5,122.0,False,코멧,0,123.0,23L,뚜껑형,NULL,불투명,NULL,바퀴없음,NULL
58,83,434945,"마이닝 베이직 리빙박스 66L, 브라운, 2개입",12810,24970112,True,4,4.5,160.0,False,마이닝,0,101.0,66L,지퍼식,NULL,NULL,NULL,바퀴 없음,NULL
59,84,434945,"인사이드리빙 특 대형 이불 보관함 옷 의류 이불정리함 수납함 리빙박스 좁은집수납 그레이, 5개, D형(특대형)",25980,1541452448,False,45,4.0,228.0,False,,0,227.0,NULL,지퍼형,NULL,투명,NULL,NULL,손잡이 포함 (주키형)
60,87,434945,"코멕스 네오박스 22L, 혼합 색상, 1개",13900,3027449,False,27,5.0,476.0,False,코멕스,"2,500",117.0,22L,뚜껑식,폴리프로필렌(PP),반투명,사이즈별 적재,NULL,NULL
61,89,434945,"아이리스코리아 다용도 투명 수납박스 소형 OCA-S, 화이트, 5개입",12900,17684183,True,0,4.5,221.0,False,,0,120.0,NULL,뚜껑식,폴리프로필렌(PP),투명,NULL,바퀴없음,NULL
62,91,434945,"하늬통상 튼튼한 600데니아 이불정리함 특대형, 체리핑크, 2개",13150,1584414,True,18,4.5,1134.0,False,,0,113.0,NULL,지퍼형,NULL,투명,NULL,바퀴없음,손잡이 포함 (주키형)
63,93,434945,"시스맥스 루맥스 슬라이딩 리빙박스 대형 68062, 아이보리, 4개입",49020,18704976,True,52,4.5,637.0,False,시스맥스,0,182.0,46L,뚜껑식,NULL,NULL,NULL,바퀴없음,NULL
64,95,434945,"엔플라스틱 스페이스 언더베드 리빙박스 60L, 투명, 2개입",68900,24836473,False,0,4.0,384.0,False,엔플라스틱,0,144.0,60L,뚜껑식,폴리프로필렌(PP),투명,NULL,바퀴있음,NULL
65,96,434945,"코맥스 네오 플라스틱 리빙박스 600 60L, 혼합색상, 2개",55900,1496045143,False,6,4.5,179.0,False,코멕스,0,158.0,60L,뚜껑형,폴리프로필렌(PP),NULL,NULL,바퀴없음,NULL
66,97,434945,"아이리스 BC 시스템 수납박스 BC-450, 클리어, 1개",13900,4806291787,True,0,4.5,106.0,False,아이리스,0,82.0,NULL,슬라이딩형,폴리프로필렌(PP),투명,NULL,NULL,NULL
67,98,434945,"아이리스 투명 수납 정리함 MCB-34, 8개입",13700,218341459,True,32,4.5,110.0,False,아이리스,0,83.0,NULL,뚜껑형,폴리프로필렌(PP),투명,NULL,바퀴없음,NULL
68,99,434945,"네이쳐리빙 모던데일 슬라이딩 리빙박스 2단 특대, 네이비, 1세트",16650,276850652,True,8,4.0,401.0,False,네이쳐리빙,0,239.0,NULL,슬라이딩형,NULL,불투명,NULL,바퀴없음,NULL
69,100,434945,"조은리빙 모던 리빙박스 100L, 블랙, 6p",53490,1516022666,True,40,4.5,368.0,False,조은리빙,0,80.0,100L,지퍼식,폴리에스터(PE),투명,접이식가능,NULL,NULL
70,101,434945,"올리빙 크로스 접이식 슬라이딩 리빙박스 특대, 화이트, 2개",16110,1240628228,True,7,4.0,190.0,False,올리빙,0,157.0,NULL,NULL,NULL,NULL,접이식가능,NULL,NULL
71,102,434945,"하우스레시피 부직포 높은형 정리함, 그린, 4개",26200,63457651,True,34,4.0,285.0,False,하우스레시피,0,113.0,NULL,뚜껑형,NULL,불투명,NULL,바퀴없음,NULL
72,103,434945,"방수 이불정리함 특대형 + 대형 + 중형 세트, 그레이, 1세트",13900,1824326509,True,0,4.0,75.0,False,,0,75.0,NULL,지퍼형,NULL,불투명,NULL,바퀴없음,손잡이 포함 (주키형)
73,104,434945,"마켓플랜 매직 폴딩박스 대형 56L, 라이트베이지, 2개입",23460,220722771,True,51,4.5,600.0,False,,0,464.0,56L,NULL,NULL,NULL,접이식가능,NULL,NULL
74,105,434945,"엔빙 미니도트 리빙박스 100L, 네이비, 4개",36000,327638565,True,30,4.5,125.0,False,엔빙,0,98.0,100L,지퍼형,NULL,투명,NULL,바퀴없음,NULL
75,107,434945,"올리빙 크로스 언더베드 정리함 58L, 다크그레이, 2개",15900,438061,True,25,4.5,524.0,False,올리빙,0,87.0,58L,지퍼식,폴리에스터(PE),불투명,접이식가능,NULL,NULL
76,108,434945,"네이쳐리빙 모던데일 대용량 슬라이딩 리빙박스 46L, 화이트, 2개",18900,4976360676,True,0,4.0,24.0,False,,0,24.0,46000ml,NULL,NULL,NULL,NULL,NULL,NULL
77,111,434945,"한샘 매쉬 리빙박스 66L, 다크크레이, 3개입",28530,232856013,True,58,4.5,73.0,False,한샘,0,42.0,66L,지퍼형,NULL,투명,NULL,바퀴없음,NULL
78,113,434945,"한샘 샘베딩 가방정리함 서랍형, 내츄럴 베이지, 2개",18620,1770520857,True,1,5.0,24.0,False,한샘,0,24.0,NULL,오픈형,면혼방,불투명,NULL,바퀴없음,NULL
79,114,434945,"조은리빙 스토리지 리빙박스 56L, 블랙, 6p",26930,108644508,True,49,4.5,350.0,False,조은리빙,0,183.0,56L,지퍼식,폴리에스터(PE),투명,접이식가능,NULL,NULL
80,115,434945,"씨밀렉스 언더베드 리빙박스 54L + 언더베드 클립 12p, 아이보리, 3개",42840,1356436243,True,0,4.5,105.0,False,씨밀렉스,0,99.0,54L,뚜껑형,NULL,불투명,NULL,바퀴있음,NULL
81,116,434945,"아이리스코리아 다용도 투명 수납박스 중형 OCA-M, 화이트, 5개",16900,17684186,True,10,4.5,145.0,False,아이리스,0,77.0,NULL,NULL,폴리프로필렌(PP),투명,NULL,바퀴없음,NULL
82,120,434945,"로티홈시스 접이식 다용도 스마트 박스 60L, 레드, 1개",16900,18070162,True,0,4.5,378.0,False,로티홈시스,0,128.0,60L,NULL,플라스틱,불투명,접이식가능,바퀴없음,NULL
83,121,434945,"정리대장 컬러스토리 슬라이딩 리빙박스, 핑크, 3개",34110,191267855,True,36,4.5,619.0,False,정리대장,0,281.0,NULL,뚜껑식,폴리프로필렌(PP),불투명,NULL,바퀴없음,미포함
84,122,434945,"생활창고 미니 정리박스, 그레이, 5개",9680,1370650062,True,32,4.5,59.0,False,,0,58.0,NULL,뚜껑형,폴리프로필렌(PP),투명,NULL,바퀴없음,NULL
85,126,434945,"하늬통상 부직포 이불정리함 초특대형, 베이지, 2개",17270,261421457,True,0,4.5,289.0,False,,0,139.0,NULL,지퍼형,부직포,투명,NULL,바퀴없음,손잡이 포함 (주키형)
86,128,434945,"한샘 샘 폴리 수납바스켓 대 3P 세트 수납박스, 02.샘폴리바스켓(대)베이지 3개",18900,1704297626,False,0,5.0,105.0,False,한샘,0,106.0,NULL,오픈형,폴리에스터(PE),불투명,NULL,바퀴없음,NULL
87,132,434945,"플랫센트 모던라이트 수납함 XL, 3개",26700,1654329145,True,0,4.0,34.0,False,,0,36.0,NULL,뚜껑형,폴리프로필렌(PP),불투명,NULL,바퀴없음,NULL
88,135,434945,"마이닝 땡땡이 리빙박스 66L, 네이비, 6개",36050,337009431,True,6,4.5,68.0,False,마이닝,0,61.0,66L,지퍼형,NULL,투명,NULL,바퀴없음,NULL
89,136,434945,"올리빙 접이식 슬라이딩 리빙박스 특대 + 대 세트, 화이트, 1세트",12900,1267760197,True,0,4.5,119.0,False,올리빙,0,83.0,NULL,슬라이딩형,NULL,불투명,접이식가능,바퀴없음,NULL
90,137,434945,"네이쳐리빙 모던 데일 슬라이딩 리빙박스 3단 와이드, 네이비, 1개",18510,83315634,True,15,4.0,1327.0,False,네이쳐리빙,0,333.0,NULL,뚜껑식,폴리프로필렌(PP),불투명,NULL,바퀴없음,미포함
91,138,434945,"아이리스 체스트 수납박스 BC-370, 투명",8900,331523409,True,0,4.5,87.0,False,아이리스,0,84.0,NULL,슬라이딩형,NULL,투명,NULL,바퀴없음,NULL
92,139,434945,"보노하우스 모던 해피박스, 바이올렛, 아이보리, 2개",11800,20929106,True,4,4.5,904.0,False,보노하우스,0,226.0,NULL,NULL,폴리프로필렌(PP),불투명,NULL,바퀴있음,손잡이 포함 (주키형)
93,140,434945,"앤플라스틱 클라스 리빙박스 45L, 반투명 + 블루, 2개입",20610,31273589,True,45,4.5,83.0,False,,0,46.0,45L,뚜껑식,폴리프로필렌(PP),반투명,NULL,바퀴있음,NULL
94,141,434945,"까사마루 프리미엄 공간박스 27L, 베이지, 2개",16540,30385180,True,47,4.5,687.0,False,까사마루,0,280.0,27L,뚜껑식,폴리에스터(PE),NULL,접이식가능,바퀴없음,NULL
95,142,434945,"마이닝 프리미엄4P 베이지, 4개",23800,32795001,True,0,4.5,93.0,False,마이닝,0,37.0,56L,지퍼식,폴리에스터(PE),투명,접이식가능,NULL,NULL
96,143,434945,"베이직 마이닝 리빙박스 120L, 베이지, 2개",22170,1774995585,True,10,5.0,27.0,False,마이닝,0,27.0,120L,지퍼형,NULL,투명,NULL,바퀴없음,NULL
97,147,434945,"하늬통상 린넨 방수 이불정리함 대형, 그레이, 1개",7900,145414372,True,15,4.5,138.0,False,,0,61.0,NULL,지퍼형,폴리에스터(PE),불투명,NULL,바퀴없음,손잡이 포함 (주키형)
98,151,434945,"리벤스 적층형 폴딩 리빙 수납 박스 50L, 아이보리, 1개",15950,1861708120,True,10,4.0,63.0,False,리벤스,0,64.0,50L,뚜껑형,NULL,불투명,접이식가능,NULL,NULL
99,152,434945,"리빙선데이 접이식 슬라이딩 리빙박스 대형, 화이트, 6개",27000,2151037844,True,24,4.5,13.0,False,,0,13.0,NULL,NULL,NULL,NULL,접이식가능,NULL,NULL
100,154,434945,"패브릭 리빙박스 의류 옷 수납박스 팬트리 수납 정리함, 패브릭 수납함 소 베이지",6900,2331639638,False,0,4.5,48.0,False,할메이드,0,48.0,NULL,뚜껑식,부직포,NULL,접이식가능,NULL,손잡이 포함 (주키형)
101,157,434945,"리벤스 베이직 리빙박스 66L, 그레이, 2개",13610,151407370,True,19,4.0,692.0,False,리벤스,0,282.0,66L,지퍼식,PVC,투명,접이식가능,NULL,NULL
102,158,434945,"코랙코리아 폴딩박스 대형 56L, 블랙, 2개입",22200,181281309,False,3,4.5,114.0,False,,0,73.0,56L,뚜껑형,NULL,불투명,접이식가능,NULL,NULL
103,159,434945,"코멕스 정리의 신 네오박스 400 40L, 혼합 색상, 2개입",45100,183867309,False,0,4.5,141.0,False,코멕스,0,65.0,40L,뚜껑형,NULL,반투명,NULL,NULL,손잡이 포함 (주키형)
104,160,434945,"올리빙 도트 리빙박스 100L, 다크그레이, 2개",32000,5004132206,True,61,4.0,269.0,False,올리빙,0,90.0,100L,슬라이딩형,NULL,불투명,NULL,바퀴없음,NULL
105,161,434945,"플랫센트 모던라이트 수납함 L, 3개",23700,1654329126,True,0,4.5,16.0,False,,0,17.0,NULL,뚜껑형,폴리프로필렌(PP),불투명,NULL,바퀴없음,NULL
106,162,434945,"루맥스 슬라이딩 리빙박스 중형, 아이보리, 4개",49380,310264339,True,11,4.5,29.0,False,루맥스,0,18.0,NULL,슬라이딩형,폴리프로필렌(PP),불투명,NULL,바퀴없음,NULL
107,163,434945,"엔플라스틱 클라스 리빙박스 35L, 반투명 + 블루, 2개입",20900,30852395,False,0,4.0,126.0,False,엔플라스틱,0,51.0,35L,뚜껑식,폴리프로필렌(PP),반투명,NULL,바퀴없음,NULL
108,164,434945,"윈프라이스 베이블레이드 보관함 대형, 투명, 1개",7210,96893113,True,0,4.0,219.0,False,윈프라이스,0,53.0,NULL,NULL,NULL,투명,NULL,바퀴없음,손잡이 포함
109,166,434945,"[딜][무배] 모던 심플 양말 & 속옷정리함 3종 SET, 모던 심플 속옷정리함 그레이 3종 세트(무배)",14800,203317743,False,0,5.0,59.0,False,,0,56.0,NULL,뚜껑형,NULL,불투명,NULL,바퀴없음,NULL
110,168,434945,"대용량 와이어 이불정리함105L+이불압축팩 2P, 와이어이불정리함105L_브라운2개",21900,131468618,False,0,4.5,187.0,False,벨라홈,0,110.0,NULL,지퍼형,폴리에스터(PE),투명,NULL,바퀴없음,NULL
111,169,434945,"러버메이드 브루트 토트박스 75.7L 흰색, 1개",51990,3021122,True,0,4.5,94.0,False,브루트,0,32.0,NULL,뚜껑식,플라스틱,NULL,NULL,바퀴없음,NULL
112,170,434945,"이케아 PARKLA 페르클라 수납박스, 4개, 화이트",15150,1686459791,False,0,5.0,8.0,False,,0,8.0,NULL,NULL,NULL,NULL,NULL,NULL,NULL
113,171,434945,"리벤스 멀티 폴딩 리빙박스 56L 대형, 아이보리, 2개",25310,4822942101,True,5,5.0,17.0,False,리벤스,0,17.0,56L,뚜껑식,폴리프로필렌(PP),NULL,접이식가능,바퀴없음,NULL
114,172,434945,"올리빙 접이식 슬라이딩 리빙박스 특대 + 대 2p + 중 세트, 화이트, 1세트",27900,1267760497,True,0,4.5,190.0,False,올리빙,0,154.0,NULL,슬라이딩형,NULL,불투명,접이식가능,바퀴없음,NULL
115,173,434945,"리빙숲 스퀘어 리빙박스 52L, 그레이, 1개",8800,139912444,True,0,4.5,113.0,False,리빙숲,0,46.0,52L,뚜껑형,NULL,불투명,NULL,NULL,NULL
116,174,434945,"엔플라스틱 스페이스 언더베드 리빙박스 30L, 투명, 2개",24150,35847,True,18,4.0,235.0,False,,0,89.0,30L,뚜껑식,폴리프로필렌(PP),반투명,NULL,NULL,NULL
117,175,434945,"네이쳐리빙 모던데일 슬라이딩 리빙박스 특대, 네이비, 4개",31860,280595120,True,4,4.0,34.0,False,네이쳐리빙,0,19.0,NULL,NULL,NULL,NULL,NULL,NULL,NULL
118,176,434945,"마이닝 베이직 리빙박스 66L, 베이지, 4개",23800,1371074990,True,0,4.5,44.0,False,마이닝,0,44.0,66L,지퍼형,NULL,투명,NULL,바퀴없음,NULL
119,177,434945,"롤앤스택 이불 정리함 이불정리 파우치 패딩 옷 보관함 수납함, 1. S",4900,5152610163,False,22,4.5,5.0,False,롤앤스택,0,5.0,NULL,NULL,NULL,NULL,NULL,NULL,NULL
120,178,434945,"플라팜 미니 리빙 박스 3단 대 + 칸막이 세트, 혼합 색상, 1세트",20800,1204695442,True,12,4.5,76.0,False,플라팜,0,70.0,NULL,뚜껑형,NULL,투명,NULL,바퀴없음,NULL
121,180,434945,"아이리스 BC 시스템 수납박스 얕은 대형 BC-500S, 투명, 4개입",51600,11331785,True,0,4.5,180.0,False,아이리스,0,94.0,NULL,NULL,폴리프로필렌(PP),NULL,NULL,바퀴없음,손잡이 포함
122,184,434945,"리빙숲 온도 리빙박스72L, 클레이화이트, 4개",33590,4792061708,True,2,4.5,41.0,False,리빙숲,0,41.0,72L,뚜껑형,NULL,불투명,NULL,바퀴없음,NULL
123,185,434945,"마이닝 베이직 리빙박스 66L, 베이지",11900,5421976956,True,0,4.5,116.0,False,마이닝,0,91.0,66L,NULL,패브릭,NULL,NULL,NULL,NULL
124,188,434945,"올리오 1+1 대용량 화이트블럭 리빙박스 110L, 그린",29900,4840770252,False,42,4.0,16.0,False,올리오,0,18.0,NULL,NULL,NULL,NULL,NULL,NULL,NULL
125,189,434945,"오하임 사이다 컬러 수납박스 대형 25.5L, 머스타드, 6개입",37900,21419604,True,36,4.5,421.0,False,오하임,0,42.0,25.5L,뚜껑식,폴리프로필렌(PP),불투명,NULL,바퀴없음,NULL
126,190,434945,"조은리빙 스토리지 리빙박스 56L, 그레이, 6개",28350,4930543575,True,0,5.0,11.0,False,조은리빙,0,11.0,56L,지퍼식,폴리에스터(PE),NULL,NULL,NULL,손잡이 포함
127,194,434945,"올리빙 무지서랍식 종이 정리함, 무지, 4개",16470,117319755,True,5,4.0,111.0,False,올리빙,0,58.0,NULL,NULL,종이,불투명,NULL,바퀴없음,손잡이 포함 (주키형)
128,195,434945,"엔플라스틱 클라스 리빙박스 40L, 투명(몸통, 뚜껑), 블루(손잡이), 2개",20770,1230110826,True,7,4.5,56.0,False,,0,50.0,40L,뚜껑형,NULL,투명,NULL,바퀴있음,NULL
129,197,434945,"한샘 샘베딩 수납함 서랍형 대, 내츄럴 베이지, 2개",18050,1770520858,True,9,4.0,18.0,False,한샘,0,18.0,NULL,오픈형,면혼방,불투명,NULL,바퀴없음,NULL
130,199,434945,"리벤스 베이직 언더베드 리빙박스 92L, 그레이, 2개입",21720,195618651,True,33,4.5,75.0,False,리벤스,0,39.0,92L,지퍼형,NULL,투명,NULL,바퀴없음,NULL
131,201,434945,"에스씨리빙클럽 내츄럴 멀티 58L 화이트 리빙박스, 4개",29970,3020920,True,14,4.0,303.0,False,,0,121.0,NULL,뚜껑식,NULL,NULL,NULL,바퀴있음,NULL
132,202,434945,"코멧 홈 대용량 베이직 모던 옥스퍼드 리빙박스 100L, 그레이, 2개",17030,1553219493,True,42,5.0,31.0,False,코멧,0,31.0,100L,지퍼식,패브릭,투명,접이식가능,NULL,NULL
133,203,434945,"조은리빙 스토리지 리빙박스 56L, 그레이, 4개",22800,5049044596,True,0,5.0,8.0,False,조은리빙,0,8.0,56L,지퍼식,폴리에스터(PE),NULL,NULL,NULL,손잡이 포함
134,204,434945,"인블룸 북유럽 패브릭 다용도 수납정리함 특대형, 베이지",12050,223193014,True,0,4.5,25.0,False,인블룸,0,22.0,NULL,지퍼형,NULL,NULL,NULL,NULL,손잡이 포함 (주키형)
135,205,434945,"마이닝 갤럭시 리빙박스 66L, 베이지, 2개",17900,24970108,False,0,4.0,331.0,False,마이닝,0,26.0,66L,지퍼식,폴리에스터(PE),투명,접이식가능,NULL,NULL
136,206,434945,"한샘 샘베딩 가방정리함 행잉형, 1개",12390,1930108609,True,0,4.5,13.0,False,한샘,0,13.0,NULL,오픈형,NULL,불투명,NULL,바퀴없음,NULL
137,207,434945,"마켓피오 옥스포드 파스텔 이불정리함 특대, 블루, 2개",15000,1660814336,True,0,4.0,21.0,False,,0,21.0,NULL,지퍼형,패브릭,투명,NULL,바퀴없음,손잡이 포함 (주키형)
138,209,434945,"엔플라스틱 이지 화이트 리빙박스 120L, 2개",47430,7249378,True,20,4.0,511.0,False,,0,64.0,120L,뚜껑식,폴리프로필렌(PP),불투명,NULL,NULL,NULL
139,210,434945,"엔플라스틱 클라스리빙박스 80L, 몸통(반투명) + 손잡이(블루), 2개",44550,68457852,False,0,4.0,127.0,False,엔플라스틱,0,58.0,NULL,뚜껑형,NULL,반투명,NULL,바퀴있음,NULL
140,211,434945,"하우스레시피 부직포 플라워 낮은형 정리함, 브라운, 2개",13800,63457666,True,31,4.5,67.0,False,하우스레시피,0,33.0,NULL,뚜껑형,NULL,불투명,NULL,바퀴없음,NULL
141,212,434945,"클라스 리빙박스 20L 35L 40L 45L 55L 65L 80L 120L 옷정리함 1P, 클라스 리빙박스 120L 1P",27900,5244050159,False,9,4.5,10.0,False,엔플라스틱,0,10.0,NULL,뚜껑형,NULL,NULL,NULL,바퀴있음,손잡이 포함 (주키형)
142,213,434945,"리벤스 멀티 폴딩 수납 박스 소형, 아이보리, 2개",24900,4744670012,False,0,4.5,14.0,False,리벤스,0,14.0,30L,뚜껑식,폴리프로필렌(PP),NULL,접이식가능,NULL,NULL
143,214,434945,"정리대장 라탄 리빙박스, 브라운, 3개",30880,191267859,True,42,4.5,245.0,False,정리대장,0,107.0,NULL,슬라이딩형,폴리프로필렌(PP),불투명,NULL,바퀴없음,NULL
144,219,434945,"채움리빙 라탄 팬트리 수납 정리함 4호, 화이트, 4개",24000,5307640276,True,0,4.5,11.0,False,채움리빙,0,11.0,NULL,뚜껑식,플라스틱,불투명,NULL,바퀴없음,손잡이 포함 (주키형)
145,220,434945,"트레인 언더베드 리빙박스 높은형, 아이보리, 2개",59300,153369421,False,0,4.5,345.0,False,엔플라스틱,0,116.0,100L,NULL,플라스틱,불투명,NULL,바퀴있음,NULL
146,221,434945,"러버메이드 브루트 토트박스 75.7L 회색 리빙박스, 1개",51990,166093,True,2,4.5,127.0,False,러버메이드,0,47.0,NULL,뚜껑식,플라스틱,NULL,NULL,바퀴없음,NULL
147,223,434945,"다목적 멀티 상비약 정리함, 인디핑크, 1개",22000,4730894068,False,0,4.0,20.0,False,,0,20.0,NULL,NULL,NULL,NULL,NULL,NULL,NULL
148,224,434945,"샤바스 스칸디나 패브릭 리빙박스 헤링본 88L, 차콜, 2개입",17200,188218010,True,54,4.5,155.0,False,샤바스,0,69.0,88L,NULL,패브릭,투명,접이식가능,바퀴없음,NULL
149,226,434945,"한샘 샘 폴리 수납바스켓 (대) 뚜껑포함 수납박스, 02.샘폴리바스켓(대)베이지+뚜껑",8900,1704393995,False,44,5.0,50.0,False,한샘,0,50.0,NULL,뚜껑형,폴리에스터(PE),불투명,NULL,바퀴없음,NULL
150,227,434945,"시스맥스 마이룸 포르타미니 정리 수납 바구니 바스켓, 핑크",2680,1370293341,False,33,4.5,63.0,False,시스맥스,0,62.0,NULL,NULL,NULL,NULL,NULL,NULL,NULL
151,228,434945,"마이닝 리빙박스 66L, 네이비도트, 2개입",12900,47955603,True,0,4.5,36.0,False,마이닝,0,28.0,66L,지퍼식,NULL,NULL,접이식가능,바퀴없음,NULL
152,229,434945,"가규 모던 라운드 리빙박스 M, 화이트, 4개",19000,4543095507,False,36,5.0,103.0,False,,0,103.0,NULL,뚜껑식,폴리프로필렌(PP),불투명,NULL,바퀴없음,손잡이 포함 (주키형)
153,230,434945,"부직포 이불정리함 특대형, 그레이, 2개",15300,261421446,True,0,4.5,88.0,False,,0,48.0,NULL,지퍼형,부직포,투명,NULL,바퀴없음,손잡이 포함 (주키형)
154,231,434945,"올리빙 크로스 리빙박스 56L, 다크그레이, 2개",10600,3019603,True,10,4.5,173.0,False,올리빙,0,59.0,56L,NULL,패브릭,NULL,접이식가능,바퀴없음,손잡이 포함 (주키형)
155,232,434945,"리벤스 접이식 슬라이딩 리빙 수납박스 대형, 아이보리, 4개",33900,1861708144,False,0,4.5,34.0,False,리벤스,0,34.0,NULL,슬라이딩형,NULL,불투명,접이식가능,바퀴없음,NULL
156,233,434945,"다용도 이불주머니 원형 정리함 동물 방수다용도 실용적인 이불정리 보관함, 4개세트",9890,1463054106,False,0,4.0,12.0,False,,0,10.0,NULL,NULL,폴리프로필렌(PP),NULL,NULL,NULL,NULL
157,234,434945,"하늬통상 튼튼한 600데니아 이불정리함 대형, 체리핑크, 1개",5730,12775579,True,27,4.0,762.0,False,하늬통상,0,65.0,NULL,지퍼식,패브릭,NULL,접이식가능,바퀴없음,NULL
158,235,434945,"아이리스코리아 다용도 투명 수납박스 대형 OCA-L, 화이트, 5개입",21510,17684189,True,20,4.0,92.0,False,,0,21.0,NULL,뚜껑식,폴리프로필렌(PP),투명,NULL,바퀴없음,NULL
159,236,434945,"네이쳐리빙 모던 데일 슬라이딩 리빙박스 2단 와이드, 연그레이, 1개",14700,88299531,True,10,4.0,443.0,False,네이쳐리빙,0,144.0,NULL,뚜껑식,폴리프로필렌(PP),불투명,NULL,바퀴없음,미포함
160,237,434945,"빅앤트 플라스틱 폴딩박스 소형 25L, 파랑, 1개",14900,124775046,False,0,5.0,156.0,False,빅앤트,"2,500",58.0,25L,NULL,NULL,NULL,접이식가능,NULL,NULL
161,238,434945,"노바리빙 ONNI 리빙 수납박스 XL 47L, 화이트, 2개",21000,1349596429,True,0,4.5,73.0,False,노바리빙,0,67.0,47L,NULL,NULL,NULL,NULL,NULL,NULL
162,240,434945,"하우스아이템스 대용량 패브릭 투명 리빙박스 침대수납함 이불보 언더베드수납함, 1개, 화이트",12900,1415479256,False,35,5.0,8.0,False,,0,8.0,NULL,NULL,NULL,NULL,접이식가능,바퀴없음,손잡이 포함
163,244,434945,"SC리빙클럽 리빙박스 58L, 내츄럴, 2개",16390,1567507,True,11,4.5,637.0,False,,0,77.0,58L,뚜껑식,플라스틱,반투명,NULL,바퀴있음,NULL
164,246,434945,"케이프타운 부직포 이불 보관함, 1개",3200,1511889201,False,15,4.5,13.0,False,,0,13.0,NULL,지퍼식,NULL,불투명,접이식가능,NULL,손잡이 포함
165,248,434945,"굿아이템 폴딩 리빙박스 70L 하이커버, 1개, 블랙옐로",25400,1925136750,True,0,4.5,145.0,False,,0,140.0,70L,NULL,NULL,NULL,접이식가능,NULL,NULL
166,249,434945,"리벤스 베이직 리빙박스 56L, 그레이, 6개",37350,255906106,True,19,4.5,116.0,False,리벤스,0,92.0,56L,지퍼형,NULL,투명,NULL,바퀴없음,NULL
167,252,434945,"러브트리스 패브릭 대용량 이불 수납포켓 라지 100L, 2개, 디자인3",21400,2011067954,True,0,5.0,11.0,False,,0,12.0,100L,오픈형,패브릭,불투명,NULL,NULL,손잡이 포함 (주키형)
168,253,434945,"마이닝 투명 플라스틱 리빙박스 120L, 혼합색상, 2개",58000,1579228250,False,0,4.0,23.0,False,마이닝,0,22.0,120L,뚜껑형,NULL,투명,NULL,바퀴있음,NULL
169,254,434945,"무인양품 소프트 수납 박스 각형 덮개식 L 4549738369721, 1개, 에크루",24900,2012333378,True,0,5.0,4.0,False,무인양품,0,4.0,NULL,뚜껑식,폴리에스터(PE),불투명,NULL,바퀴없음,손잡이 포함 (주키형)
170,255,434945,"한샘 클리어 다용도 플라스틱 리빙박스 14L, 투명 + 라이트그레이, 3개",20900,2270683513,True,0,5.0,5.0,False,한샘,0,5.0,14L,뚜껑형,NULL,투명,NULL,바퀴없음,NULL
171,256,434945,"[스윗브릿지] 대형사이즈 고급 행거 커버 의류 먼지 오염방지 행거덮개 3style, 1개, 무지반투명",3500,4652461643,False,39,4.0,11.0,False,,0,11.0,NULL,NULL,NULL,NULL,NULL,NULL,NULL
172,260,434945,한샘온라인 샘키즈 반투명 플라스틱뚜껑,1900,4975254068,False,40,5.0,1.0,False,,0,1.0,NULL,NULL,NULL,NULL,NULL,NULL,NULL
173,261,434945,"엔플라스틱 다용도 접이식 박스 60L, 블랙, 1개",16900,12648026,True,34,4.0,132.0,False,엔플라스틱,0,16.0,NULL,NULL,폴리프로필렌(PP),NULL,접이식가능,NULL,손잡이 포함
174,262,434945,"리빙숲 스퀘어 리빙박스 72L, 블루, 1개",10900,142455456,True,0,4.5,243.0,False,리빙숲,0,23.0,72L,뚜껑식,플라스틱,불투명,NULL,바퀴없음,NULL
175,264,434945,"인블룸 리빙박스A(대형) 수납정리함 이불정리함 옷정리함 정리함 수납함 리빙박스, 그레이, 1개",10450,54723932,True,24,4.5,277.0,False,인블룸,0,103.0,NULL,뚜껑식,패브릭,불투명,접이식가능,바퀴없음,NULL
176,265,434945,"가쯔 멀티블럭 리빙박스 56L, 그레이, 2개",12870,18667197,True,0,4.5,750.0,False,가쯔,0,107.0,56L,뚜껑식,폴리프로필렌(PP),불투명,NULL,바퀴없음,NULL
177,266,434945,"리빙선데이 1+1 옷 수납정리함 슬라이딩 리빙박스 중형 화이트, 2개",11900,1963548779,False,7,5.0,9.0,False,,0,9.0,NULL,오픈형,폴리프로필렌(PP),불투명,NULL,바퀴없음,NULL
178,267,434945,"네이쳐리빙 모던 데일 슬라이딩 리빙박스 2단 슬림, 진그레이, 1개",12930,88299526,True,21,4.0,389.0,False,네이쳐리빙,0,144.0,NULL,슬라이딩형,NULL,불투명,NULL,바퀴없음,NULL
179,268,434945,"아이끌레 매직 폴딩박스 특대형 136L, 블랙, 1개",28050,220722757,True,57,4.5,126.0,False,,0,87.0,136L,NULL,NULL,NULL,접이식가능,NULL,NULL
180,273,434945,"러버메이드 회색 브루트 토트박스 53L #9S30, 1개",46810,4875556074,True,8,4.5,67.0,False,러버메이드,0,19.0,53L,뚜껑형,플라스틱,NULL,NULL,바퀴없음,NULL
181,274,434945,"올리빙 크로스 리빙박스 88L, 다크그레이, 2개",17000,3019604,True,31,4.0,304.0,False,올리빙,0,21.0,88L,지퍼식,폴리에스터(PE),불투명,접이식가능,NULL,NULL
182,275,434945,"보노하우스 모던 초대형 해피박스, 바이올렛, 아이보리, 2개",12830,67870606,True,0,4.0,117.0,False,보노하우스,0,65.0,NULL,NULL,NULL,NULL,NULL,NULL,NULL
183,276,434945,"까사마루 프리미엄 공간박스 14L, 베이지, 2개",14680,30385177,True,43,4.5,250.0,False,까사마루,0,108.0,14L,NULL,폴리에스터(PE),불투명,NULL,바퀴없음,NULL
184,278,434945,"하늬통상 린넨 방수 이불정리함 특대형, 그레이, 1개",7900,145414391,True,24,4.5,274.0,False,,0,54.0,NULL,NULL,NULL,NULL,NULL,NULL,NULL
185,279,434945,"하늬통상 린넨 방수 이불정리함 중형, 그레이, 2개",13300,145414389,True,0,4.5,64.0,False,,0,22.0,NULL,지퍼형,패브릭,불투명,NULL,바퀴없음,손잡이 포함 (주키형)
186,280,434945,"하늬통상 튼튼한 600데니아 이불정리함 중형, 체리핑크, 1개",4930,3019987,True,28,4.0,345.0,False,,0,56.0,NULL,지퍼식,옥스포드 원단,불투명,NULL,바퀴없음,NULL
187,281,434945,"한샘 샘폴리 수납바스켓 대 - 리빙박스 다용도정리함 바구니 인형보관함 공간상자 아기장난감 옷장 의류 접이식 드레스룸, 샘폴리 수납바스켓 크림 대",7500,1760565383,False,60,4.5,65.0,False,한샘,0,65.0,NULL,오픈형,폴리에스터(PE),불투명,NULL,바퀴없음,NULL
188,282,434945,"올리빙 크로스 언더베드 정리함 36L, 다크그레이, 2개",11900,438062,True,28,4.5,447.0,False,올리빙,0,63.0,36L,NULL,패브릭,투명,접이식가능,바퀴없음,NULL
189,283,434945,"보노하우스 레브스토리지 수납박스 L, 투명, 2개입",12400,13971958,True,0,4.0,148.0,False,보노하우스,0,40.0,NULL,NULL,폴리프로필렌(PP),투명,NULL,바퀴없음,손잡이 포함 (주키형)
190,285,434945,"러버메이드 흰색 브루트 토트박스 53L #9S30, 1개",45280,3021028,True,2,4.5,64.0,False,러버메이드커머셜프로덕츠,0,16.0,NULL,뚜껑식,플라스틱,NULL,NULL,바퀴없음,NULL
191,288,434945,"인블룸 리빙박스A 수납 정리함 특대형, 베이지, 1개",15220,136667592,True,4,5.0,35.0,False,,0,17.0,NULL,뚜껑형,패브릭,불투명,NULL,바퀴없음,NULL
192,289,434945,"까사마루 미엔느 폴딩박스 48L, 라이트 그레이, 2개",22900,5116105868,True,0,5.0,10.0,False,까사마루,0,10.0,48L,NULL,폴리프로필렌(PP),NULL,접이식가능,NULL,NULL
193,291,434945,"빅앤트 폴딩박스 48리터 25리터, 폴딩박스48리터, 차콜",25000,335771511,False,0,4.5,31.0,False,빅앤트,0,26.0,NULL,NULL,NULL,NULL,접이식가능,NULL,NULL
194,292,434945,"인블룸 리빙박스A 중형, 베이지, 1세트",10030,54723707,True,15,4.5,182.0,False,인블룸,0,41.0,NULL,뚜껑식,패브릭,불투명,접이식가능,바퀴없음,NULL
195,293,434945,"가쯔 멀티 블럭 리빙박스 24L, 그린, 블루, 그레이, 레드, 4개입",11070,47056948,True,16,4.5,1428.0,False,가쯔,0,124.0,24L,뚜껑식,폴리프로필렌(PP),NULL,NULL,바퀴없음,NULL
196,295,434945,"언더베드 리빙박스 대형, 라이트그레이, 1개",20500,2309822354,True,0,5.0,6.0,False,,0,6.0,NULL,뚜껑형,폴리프로필렌(PP),불투명,NULL,바퀴없음,NULL
197,299,434945,"침대형 철제 걸이 바구니, 블랙, 1개",7220,4348946736,True,0,4.5,89.0,False,,0,41.0,NULL,NULL,NULL,NULL,NULL,NULL,NULL
198,302,434945,"한샘 샘베딩 이불정리함, 1개",13900,1930108704,False,0,3.5,11.0,False,한샘,0,11.0,NULL,NULL,NULL,NULL,NULL,NULL,NULL
199,303,434945,"레보떼 패브릭 리빙박스 수납정리함 55L 66L 88L 100L 옷정리, 1개, 그레이 [55L] 1P",7440,1762767764,False,50,4.5,100.0,False,,0,99.0,NULL,지퍼형,패브릭,투명,NULL,바퀴없음,NULL
200,304,434945,"더자카 심플 파스텔 이불정리함 L, 그레이, 2개",13800,2038934864,True,0,4.0,13.0,False,더자카,0,13.0,NULL,NULL,NULL,NULL,NULL,NULL,NULL
201,306,434945,"트레인 언더베드 리빙박스 높은형 2p, 아이보리, 다크그레이, 1세트",39600,158802357,True,40,4.5,158.0,False,엔플라스틱,0,67.0,100L,뚜껑형,NULL,불투명,NULL,바퀴있음,NULL
202,307,434945,"리빙숲 스퀘어 리빙박스 24L, 그레이, 1개",5900,139912419,True,0,4.5,70.0,False,리빙숲,0,15.0,24L,NULL,NULL,NULL,NULL,NULL,NULL
203,308,434945,"가나PB유통 다용도 정리함 5개 묶음, 스카이대형",22500,1655334581,False,0,4.5,30.0,False,,0,32.0,NULL,NULL,NULL,NULL,NULL,NULL,NULL
204,309,434945,"프리미엄 옷 이불 잡화 리빙박스 대형 66L 4개, 66L네이비",27900,25112900,False,0,4.5,16.0,False,,0,8.0,66L,지퍼식,NULL,NULL,접이식가능,NULL,NULL
205,310,434945,"한샘 샘베딩 수납함 윈도우 대, 내츄럴 베이지, 2개",17980,1770521070,True,13,5.0,7.0,False,한샘,0,7.0,NULL,뚜껑형,패브릭,NULL,NULL,바퀴없음,손잡이 포함 (주키형)
206,315,434945,"엠엔피라이프 옥스퍼드 스트라이프 이불정리함 특대형 + 대형, 네이비, 1세트",18500,183502564,True,0,4.5,71.0,False,,0,49.0,NULL,지퍼형,폴리에스터(PE),불투명,NULL,바퀴없음,NULL
207,317,434945,"더자카 심플 파스텔 이불정리함 M, 그레이, 2개",12800,2038934814,True,0,5.0,5.0,False,더자카,0,5.0,NULL,NULL,NULL,NULL,NULL,NULL,NULL
208,318,434945,"코맥스 네오 플라스틱 리빙박스 340 34L, 혼합색상, 2개",37900,1496045226,False,15,4.5,45.0,False,코멕스,0,39.0,34L,뚜껑형,폴리프로필렌(PP),NULL,NULL,NULL,NULL
209,320,434945,"올리빙 도트 리빙박스 24L, 올리브그린, 4개",17900,4964668,True,55,4.0,463.0,False,올리빙,0,36.0,24L,NULL,NULL,불투명,NULL,바퀴없음,NULL
210,321,434945,"하우스레시피 스토리지 플라스틱 리빙박스 40L, 그레이, 2개",20370,1830098760,True,11,4.5,11.0,False,하우스레시피,0,11.0,40L,뚜껑형,NULL,반투명,NULL,바퀴있음,NULL
211,322,434945,"한샘 클리어 다용도 수납박스 14L, 투명 + 라이트그레이, 1개",8900,1954879236,True,0,4.5,5.0,False,한샘,0,5.0,14L,NULL,NULL,NULL,NULL,NULL,NULL
212,323,434945,"밴프 폴딩박스 특대형, 블랙, 1개",17900,1648602633,True,0,4.5,55.0,False,밴프,0,55.0,NULL,NULL,NULL,NULL,접이식가능,NULL,NULL
213,325,434945,"한샘 샘베딩 가방정리함 서랍형, 1개",9200,1930108305,False,33,4.5,19.0,False,한샘,0,19.0,NULL,오픈형,패브릭,불투명,NULL,바퀴없음,NULL
214,331,434945,"앤플라스틱 클라스 리빙박스 45L, 반투명 + 블루, 3개입",100800,31273599,False,0,4.0,80.0,False,,0,25.0,45L,뚜껑식,폴리프로필렌(PP),투명,NULL,바퀴있음,NULL
215,332,434945,"이케아 IKEA SKUBB 스쿠브 수납상자 수납함 보관함 수납장, 화이트",11790,19360579,False,0,4.5,45.0,False,이케아,착불배송,13.0,NULL,NULL,패브릭,NULL,NULL,바퀴없음,NULL
216,333,434945,"이케아 TJENA 수납함 + 뚜껑 27 x 35 20cm, 화이트, 1개",7900,4093404,False,0,4.5,108.0,False,이케아,0,19.0,NULL,뚜껑식,종이,NULL,NULL,NULL,손잡이 포함
217,334,434945,"플라팜 미니 리빙 박스 3단 소 + 칸막이 세트, 혼합 색상, 1세트",15760,2305176760,True,11,4.5,5.0,False,플라팜,0,5.0,NULL,NULL,NULL,NULL,NULL,NULL,NULL
218,338,434945,"DG생활 파스텔 폴딩 박스 중형 DG-05, 그린, 베이지, 스카이, 핑크, 살몬, 5개",22900,4749287265,True,0,4.0,4.0,False,,0,4.0,NULL,NULL,NULL,NULL,접이식가능,NULL,NULL
219,339,434945,"올리빙 도트 리빙박스 52L, 크림그레이, 2개",19900,5004132229,True,3,4.0,140.0,False,올리빙,0,47.0,52L,NULL,NULL,NULL,NULL,NULL,NULL
220,340,434945,"앤플라스틱 클라스 리빙박스 65L, 반투명 + 블루, 2개입",28130,31273645,True,29,4.5,132.0,False,,0,22.0,65L,뚜껑식,폴리프로필렌(PP),투명,NULL,바퀴있음,NULL
221,341,434945,"마이닝 언더베드 플라스틱 리빙박스 42L, 그레이, 2개",39070,1579228470,True,4,5.0,20.0,False,마이닝,0,20.0,42L,슬라이딩형,NULL,불투명,NULL,바퀴있음,NULL
222,342,434945,"굿아이템 폴딩 리빙박스 40L 하이커버, 1개, 그레이옐로우",16900,1925114653,True,0,4.5,87.0,False,,0,80.0,40L,NULL,NULL,NULL,접이식가능,NULL,NULL
223,343,434945,"마이닝 베이직 리빙박스 56L, 베이지, 2개입",12810,24970111,True,0,4.0,86.0,False,마이닝,0,16.0,56L,지퍼식,폴리에스터(PE),투명,접이식가능,NULL,NULL
224,345,434945,"무인양품 MUJI 튼튼한 수납 박스 L 4개 4549337525986, 반투명",84900,2334317651,True,14,5.0,23.0,False,무인양품,0,23.0,NULL,뚜껑형,폴리프로필렌(PP),NULL,NULL,바퀴없음,손잡이 포함 (주키형)
225,347,434945,"리벤스 멀티 폴딩 리빙박스 30L 소형 + 우드 상판 세트, 블랙, 우드색, 1세트",17900,4822941773,False,0,5.0,9.0,False,리벤스,0,9.0,30L,뚜껑식,폴리프로필렌(PP),NULL,접이식가능,바퀴없음,NULL
226,348,434945,"가쯔 멀티 블록 리빙박스 24L, 그레이, 3개",9540,69290697,True,7,4.5,164.0,False,가쯔,0,67.0,24L,뚜껑형,NULL,반투명,NULL,NULL,NULL
227,350,434945,"노바리빙 ONNI 리빙 수납박스 M 30L, 블랙, 2개",16580,1349596428,True,6,4.5,54.0,False,노바리빙,0,46.0,30L,NULL,NULL,NULL,NULL,NULL,NULL
228,351,434945,"리벤스 대용량 베이직 리빙박스 100L, 그레이, 4개",34810,1998640705,True,28,5.0,2.0,False,리벤스,0,2.0,100L,NULL,NULL,NULL,NULL,NULL,NULL
229,352,434945,"코멕스 정리의 신 네오박스 80 8L, 혼합 색상, 2개입",11410,1555774113,True,37,5.0,5.0,False,코멕스,0,4.0,8L,뚜껑식,폴리프로필렌(PP),반투명,NULL,NULL,NULL
230,353,434945,"마이다락 플라스틱 리빙박스 중형, 화이트, 3개입",21540,243852398,True,0,5.0,45.0,False,마이다락,0,25.0,NULL,뚜껑형,폴리프로필렌(PP),불투명,NULL,바퀴없음,NULL
231,354,434945,"마이닝 리빙박스 88L, 베이지, 2개",17800,1296935117,True,0,5.0,10.0,False,마이닝,0,4.0,88L,NULL,NULL,NULL,NULL,NULL,NULL
232,355,434945,"주연화학 멀티리빙박스 38L, 내츄럴, 4개",22210,1567504,True,3,4.5,231.0,False,,0,43.0,NULL,뚜껑식,플라스틱,NULL,NULL,바퀴있음,NULL
233,356,434945,"윤별샵 방수 이불 옷 정리 접이식 패브릭 리빙박스 특대형 81L, 베이지, 1개",15750,2349403321,True,0,5.0,8.0,False,윤별샵,0,8.0,81L,NULL,NULL,NULL,접이식가능,NULL,NULL
234,357,434945,"페브릭 이불정리함 2P 이불정리 옷정리 이불 정리함 수납 옷정리함 페브릭박스 리빙박스 이불함 옷 이불 패딩, 페브릭이불정리함2P, 가로형",6900,5314464543,False,46,4.0,1.0,False,,0,2.0,NULL,NULL,NULL,NULL,NULL,NULL,NULL
235,358,434945,"한샘 샘 폴리 수납바스켓 (중) 뚜껑포함 수납박스, 02.샘폴리바스켓(중)베이지+뚜껑",7200,1704386115,False,0,5.0,24.0,False,한샘,0,24.0,NULL,뚜껑형,폴리에스터(PE),불투명,NULL,바퀴없음,NULL
236,359,434945,"리벤스 클래식 리빙박스 56L, 그레이, 4개입",18400,21959576,True,35,4.0,3857.0,False,리벤스,0,122.0,56L,NULL,NULL,투명,접이식가능,바퀴없음,손잡이 포함 (주키형)
237,360,434945,"생활탐구 손잡이 리빙박스 5 Size 팬트리 트롤리 정리 뚜껑 수납함, 손잡이형_S",3200,1620569579,False,0,4.5,14.0,False,,"3,000",12.0,NULL,뚜껑식,플라스틱,불투명,NULL,NULL,손잡이 포함 (주키형)
238,364,434945,"리벤스 적층형 폴딩 리빙 수납 박스 28L, 화이트, 1개",14640,1861708193,True,3,4.5,40.0,False,리벤스,0,41.0,28L,뚜껑형,NULL,불투명,접이식가능,NULL,NULL
239,365,434945,"가쯔 멀티 블럭 리빙박스 72L, 그린, 블루, 그레이, 레드, 4개입",27900,47056954,True,0,4.0,161.0,False,가쯔,0,21.0,72L,뚜껑식,폴리프로필렌(PP),NULL,NULL,바퀴없음,NULL
240,366,434945,"노바리빙 ONNI 수납박스 S 13L, 화이트, 2개",14840,1365703441,True,1,5.0,17.0,False,노바리빙,0,12.0,13000ml,NULL,NULL,NULL,NULL,NULL,NULL
241,367,434945,"시스맥스 루맥스 슬라이딩 리빙박스 슬림형 대형 68065, 쿨그레이, 4개입",54340,22143314,True,35,4.5,264.0,False,시스맥스,0,67.0,NULL,뚜껑식,폴리프로필렌(PP),불투명,NULL,바퀴없음,NULL
242,368,434945,"더플로우컴퍼니 귀여운 접이식 미니 폴딩 박스 소형, 핑크, 5개",16900,2176020679,True,0,4.5,2.0,False,,0,2.0,NULL,NULL,NULL,NULL,접이식가능,NULL,NULL
243,369,434945,"스카이트립 캠핑테이블 캠핑 폴딩박스 리빙박스 SA-PB01, 00.박스 블랙 (상판 미포함)",9800,4926990493,False,0,5.0,17.0,False,스카이트립,0,17.0,NULL,NULL,NULL,NULL,접이식가능,NULL,NULL
244,370,434945,"무인양품 소프트 수납 박스 L, 1개, 에크루",19900,1982708299,True,0,4.5,2.0,False,무인양품,0,2.0,NULL,NULL,폴리에스터(PE),불투명,접이식가능,바퀴없음,손잡이 포함 (주키형)
245,373,434945,"시스맥스 루맥스 슬라이딩 리빙박스 슬림형 소형 68063, 아이보리, 4개입",42400,22143316,True,37,4.5,61.0,False,시스맥스,0,19.0,NULL,뚜껑식,폴리프로필렌(PP),NULL,NULL,바퀴없음,NULL
246,375,434945,"알뜰살림 이불 옷 보관함 특대형 50L 72L 100L 방수기능 습기차단, 대형 ( 72L )",11000,4373788036,False,26,4.0,19.0,False,,0,19.0,NULL,지퍼식,NULL,불투명,접이식가능,NULL,손잡이 포함 (주키형)
247,377,434945,"위즈홈 오픈도어 리빙박스, 화이트, 1개",21900,249089420,False,26,4.5,48.0,False,위즈홈,0,31.0,NULL,슬라이딩형,폴리프로필렌(PP),불투명,NULL,바퀴없음,NULL
248,379,434945,"하우스아이템스 대용량 패브릭 투명 리빙박스 침대수납함 이불보 언더베드수납함, 1개, 브라운",12900,1212435671,False,35,5.0,10.0,False,,0,9.0,NULL,NULL,NULL,NULL,접이식가능,바퀴없음,손잡이 포함
249,380,434945,"1+1 장난감정리함 레고 인형 아이방정리 수납박스, 소형2p, 그린",19800,4617138601,False,22,5.0,6.0,False,,0,6.0,NULL,뚜껑형,폴리프로필렌(PP),투명,NULL,바퀴없음,NULL
250,383,434945,"네이쳐리빙 모던 데일 슬라이딩 3단 슬림형, 연그레이, 1개",19300,83315652,True,11,4.0,1075.0,False,네이쳐리빙,0,240.0,NULL,뚜껑식,폴리프로필렌(PP),불투명,NULL,바퀴없음,미포함
251,384,434945,"마이닝 땡땡이 리빙박스 66L, 브라운, 2개",11900,2129852054,True,0,4.0,5.0,False,마이닝,0,4.0,66L,NULL,NULL,NULL,NULL,NULL,NULL
252,386,434945,"제이앤씨 다용도 수납박스 특대, 베이지, 1개",13280,124770976,True,9,4.5,140.0,False,제이앤씨,0,68.0,NULL,뚜껑형,NULL,불투명,NULL,바퀴없음,NULL
253,387,434945,"샤바스 스칸디나 패브릭 리빙박스 헤링본 66L, 베이지, 2개입",15920,188218108,True,46,4.5,129.0,False,샤바스,0,35.0,66L,NULL,NULL,NULL,NULL,NULL,NULL
254,388,434945,"프랑코 스텝박스 대 36, 화이트, 2개",35440,5267488870,True,15,5.0,2.0,False,프랑코홈,0,2.0,NULL,슬라이딩형,폴리프로필렌(PP),NULL,NULL,바퀴없음,미포함 (보조키형)
255,389,434945,"하우디가구 부직포 수납함 360 x 270 x 207 mm, 노랑, 1개",5610,5465158,True,4,4.0,292.0,False,,0,78.0,NULL,NULL,패브릭,불투명,NULL,바퀴없음,손잡이 포함
256,394,434945,"굿아이템 폴딩 리빙박스 35L 로우커버, 1개, 그레이옐로우",13070,1423128936,True,7,5.0,66.0,False,,0,59.0,35L,NULL,NULL,NULL,접이식가능,NULL,NULL
257,395,434945,"트레인 언더베드 리빙박스 높은형 3p, 다크그레이",50950,153369382,True,7,4.0,100.0,False,,0,48.0,100L,NULL,플라스틱,불투명,NULL,바퀴있음,NULL
258,396,434945,"패브릭 접이식 옷 수납함 수납가방 의류 옷장 정리함 대용량 75L (1+1), 2개",12900,4327467697,False,0,4.0,2.0,False,원쿡,"3,000",2.0,NULL,NULL,NULL,투명,접이식가능,바퀴없음,손잡이 포함 (주키형)
259,399,434945,"리빙패밀리 네오박스 소풍정리함 수납바구니 3L - 60L, 코멕스 네오박스, 30/3L",6600,4899007222,False,0,4.5,5.0,False,,"3,000",5.0,3000ml,NULL,NULL,NULL,NULL,NULL,NULL
260,400,434945,"폴라캐릭터와이어리빙박스92L언더베드, 폴라베어, 1개",10880,3022319,True,1,4.5,779.0,False,가쯔,0,21.0,92L,지퍼식,폴리에스터(PE),NULL,NULL,바퀴없음,NULL
261,401,434945,"모두리빙 [모두리빙]침대커버_매트리스_온수매트_전기매트 이중집게 고정클립set, 침대소파매트 방석쿠션미끄럼방지벨크로 블랙5p",3700,331742289,False,0,4.0,20.0,False,,0,13.0,NULL,NULL,NULL,NULL,NULL,NULL,NULL
262,402,434945,"엠엔피라이프 옥스포드 이불정리함 대형, 스트라이프(네이비), 1개",8000,4664319315,True,3,4.5,2.0,False,엠엔피라이프,0,2.0,NULL,NULL,NULL,NULL,NULL,NULL,NULL
263,404,434945,"리벤스 멀티 폴딩 리빙박스 56L 대형 2p + 우드 상판 세트, 블랙, 우드색, 1세트",38900,4822941574,False,0,4.5,5.0,False,리벤스,0,5.0,56L,뚜껑식,폴리프로필렌(PP),NULL,접이식가능,바퀴없음,NULL
264,406,434945,"무인양품 소프트 수납 박스 장방형 덮개식 M, 1개, 에크루",19900,2012311924,True,0,5.0,8.0,False,무인양품,0,8.0,NULL,지퍼식,폴리에스터(PE),불투명,NULL,바퀴없음,손잡이 포함 (주키형)
265,407,434945,"가쯔 큐브 공간박스, 아이보리, 4개",9480,69290708,True,10,4.0,631.0,False,가쯔,0,249.0,상세설명참조(아이보리),NULL,부직포,불투명,접이식가능,바퀴없음,NULL
266,408,434945,"한샘 에브리 멀티수납 리빙박스 56L 2P, 상세설명 참조, 다크그레이",12900,1912861889,False,0,5.0,4.0,False,한샘,0,4.0,56000ml,NULL,NULL,NULL,NULL,NULL,NULL
267,410,434945,"가규 모던 라운드 리빙박스 M half, 4개, 화이트(본체) + 투명(뚜껑)",18080,1981860137,True,3,4.5,17.0,False,,0,17.0,NULL,뚜껑식,폴리프로필렌(PP),NULL,NULL,NULL,NULL
268,413,434945,"올맘 멀티 큐브박스 수납함 40L, 화이트, 1개",18200,294634035,True,29,4.5,27.0,False,,0,15.0,40000ml,슬라이딩형,NULL,불투명,NULL,바퀴없음,NULL
269,415,434945,"소르니아 투명리빙박스 장난감정리함 2개세트(뚜껑포함), 2Q+2Q",15000,2358037683,False,46,5.0,3.0,False,소르니아,0,3.0,NULL,뚜껑형,NULL,투명,NULL,바퀴없음,NULL
270,418,434945,"(3P세트)플라스틱 슬라이딩 리빙박스 수납정리함, 대형3P, 슬라이딩_아이보리",29900,1772549025,False,9,5.0,9.0,False,이즈리빙,0,9.0,NULL,뚜껑형,플라스틱,NULL,적층보관 가능,NULL,NULL
271,419,434945,"카카오프렌즈 블로썸 리빙박스, 어피치, 2개입",14800,201856404,True,0,4.0,18.0,False,카카오프렌즈,0,13.0,NULL,NULL,NULL,NULL,NULL,NULL,NULL
272,420,434945,"마이다락 플라스틱 리빙박스 소형, 화이트, 3개입",10890,243852390,True,5,4.5,23.0,False,마이다락,0,16.0,NULL,NULL,NULL,NULL,NULL,NULL,NULL
273,421,434945,"한샘 샘베딩 4단 행잉 오거나이져 대, 1개",13150,1930109931,True,0,3.5,9.0,False,한샘,0,9.0,NULL,오픈형,NULL,불투명,NULL,바퀴없음,NULL
274,422,434945,"가쯔 폴라베어캐릭터 와이어리빙박스 56L 고급형, 혼합 색상, 2개",10370,1209569,True,5,4.5,995.0,False,가쯔,0,50.0,56L,NULL,폴리에스터(PE),NULL,접이식가능,바퀴없음,손잡이 포함
275,429,434945,"엔플라스틱 스칼렛 리빙박스 30L, 그레이, 2개입",14800,40544000,True,25,4.5,86.0,False,엔플라스틱,0,19.0,30L,뚜껑식,폴리프로필렌(PP),NULL,NULL,바퀴없음,NULL
276,430,434945,[빅앤트] 48리터 고무 우드상판,25000,1393020758,False,0,5.0,55.0,False,빅앤트,0,51.0,NULL,NULL,NULL,NULL,NULL,NULL,NULL
277,432,434945,"대형 대용량 플라스틱 옷 장난감 다용도 리빙박스 수납 정리함 박스, 5071B, 15L",9900,4710936271,False,0,4.5,4.0,False,,0,4.0,15L,NULL,NULL,NULL,NULL,NULL,NULL
278,434,434945,"VIC 원칼라 사각 정리함 소형, 그레이, 1개",3920,24292953,True,20,4.5,63.0,False,빅드림,0,29.0,NULL,NULL,린넨,NULL,NULL,바퀴 없음,손잡이 포함
279,436,434945,"소품미야 코스트코 폴딩박스 56L, BLACK",10900,2317624215,False,45,4.0,7.0,False,,0,7.0,56000ml,NULL,NULL,NULL,접이식가능,NULL,NULL
280,437,434945,"벨라홈 프리미엄 대용량 리빙박스 66L, 브라운, 2개",11900,2306458027,True,0,4.5,3.0,False,벨라홈,0,1.0,66L,NULL,NULL,NULL,NULL,NULL,NULL
281,441,434945,"(2P 3P 4P세트)플라스틱 슬라이딩 리빙박스 수납정리함, 특대형2P, 슬라이딩_그레이",23900,1775687647,False,8,4.5,23.0,False,이즈리빙,0,23.0,NULL,뚜껑형,플라스틱,NULL,적층보관 가능,NULL,NULL
282,442,434945,"모던라이프 종이 뚜껑 정리함 5개 박스 택배 상자 리빙 공간 플라스틱 이사 단프라 수납 옷 제작 포장, 1개, 무지 뚜껑식 5개",16500,285507400,False,13,4.0,21.0,False,모던라이프,0,18.0,NULL,NULL,NULL,NULL,NULL,NULL,NULL
283,443,434945,"루맥스 슬라이딩 리빙박스 슬림형 중형 68064, 아이보리, 4개입",46280,22143317,True,39,4.5,207.0,False,시스맥스,0,39.0,NULL,뚜껑식,PP,NULL,NULL,바퀴없음,미포함
284,445,434945,"마이닝 플라스틱 리빙박스 90L, 투명색, 2개",42190,1278303801,True,0,4.5,29.0,False,마이닝,0,23.0,90L,뚜껑형,NULL,NULL,NULL,NULL,손잡이 포함
285,446,434945,[빅앤트] 48리터 폴딩박스 (블랙),25000,1393021053,False,0,4.5,50.0,False,빅앤트,0,47.0,NULL,오픈형,NULL,불투명,NULL,바퀴없음,손잡이 포함 (주키형)
286,447,434945,"침대 밑 리빙박스, 블루, 1개",7500,4327712370,False,25,4.5,7.0,False,,0,7.0,NULL,NULL,NULL,NULL,NULL,NULL,NULL
287,448,434945,"인블룸 1+1세트! 언더베드 린넨천 공간활용 수납정리함 (49L 78L), 대형 78L, 베이지",37300,298417297,False,48,4.5,32.0,False,인블룸,0,22.0,78L,지퍼형,패브릭,NULL,NULL,NULL,손잡이 포함 (주키형)
288,449,434945,"제이앤씨 다용도 수납박스 대, 그레이, 1개",11540,124770950,True,7,4.5,145.0,False,제이앤씨,0,66.0,NULL,뚜껑형,NULL,불투명,NULL,바퀴없음,NULL
289,450,434945,"코스모 마이닝 해피 리빙박스 24L, 브라운, 2개",11560,80236743,True,2,4.5,5.0,False,마이닝,0,2.0,24L,지퍼식,패브릭,투명,NULL,바퀴없음,NULL
290,453,434945,"마이닝 플라스틱 리빙박스 150L, 2개, 투명색",63610,1880172264,True,0,4.5,10.0,False,마이닝,0,10.0,NULL,NULL,NULL,투명,불가능,바퀴있음,손잡이 포함 (주키형)
291,455,434945,"가쯔 폴라캐릭터 와이어 리빙박스 92L 언더베드, 폴라베어, 2개",21760,69290707,True,0,4.0,129.0,False,가쯔,0,25.0,92L,NULL,NULL,NULL,NULL,NULL,NULL
292,456,434945,"THE살림 패브릭 접이식 언더 베드 이불 정리 보관함 2type, 1개, B.특대형",18900,280806708,False,0,4.5,13.0,False,,0,11.0,NULL,NULL,NULL,NULL,접이식가능,NULL,NULL
293,457,434945,"이케이박스 수납정리함, 무지 3겹 무단추 정리함 4개입",8900,1261061474,False,0,4.0,56.0,False,,0,42.0,NULL,NULL,NULL,NULL,NULL,NULL,NULL
294,458,434945,"코맥스 네오 플라스틱 리빙박스 220 22L, 혼합색상, 2개",36900,1496045131,False,0,4.5,21.0,False,코멕스,0,21.0,22L,뚜껑형,플라스틱,NULL,NULL,NULL,NULL
295,460,434945,[빅앤트] 48리터 카트,55000,1393021855,False,0,4.5,22.0,False,빅앤트,0,20.0,NULL,NULL,NULL,NULL,NULL,NULL,NULL
296,461,434945,"로티홈시스 폴딩 수납 리빙 스마트 박스 60L, 퍼플, 1개",21500,4394475557,False,0,5.0,4.0,False,로티홈시스,0,4.0,60L,NULL,NULL,NULL,접이식가능,NULL,NULL
297,462,434945,"홈데코레 언더베드 멀티 수납함, 연그레이, 1개",14150,4790560008,True,0,5.0,8.0,False,,0,4.0,NULL,지퍼형,패브릭,투명,NULL,바퀴없음,NULL
298,463,434945,"가쯔 마카롱리빙박스56L + 72L, 아이보리, 1세트",20900,115609623,True,0,4.5,79.0,False,가쯔,0,32.0,NULL,뚜껑형,NULL,불투명,NULL,바퀴없음,NULL
299,464,434945,"리템LnC EL 리빙박스 중형, 아이보리, 1개",5200,73232810,False,25,4.5,141.0,False,,0,74.0,11L,뚜껑형,NULL,불투명,NULL,NULL,NULL
300,465,434945,"굿아이템 폴딩 리빙박스 56L, 블랙 + 빨강, 1개",16550,134555707,True,0,4.5,81.0,False,,0,36.0,56L,뚜껑식,플라스틱,NULL,접이식가능,NULL,NULL
301,467,434945,"[한샘] 2P 샘 폴리 수납바스켓 (대) 수납 정리함, 크림, 2개",12700,1416357591,False,48,4.5,29.0,False,한샘,0,27.0,NULL,뚜껑식,폴리에스터(PE),불투명,접이식가능,바퀴없음,NULL
302,468,434945,"블루밍홈 로브접이식수납함, 그린ⓘP822314ⓟ",5900,291795710,False,0,4.5,65.0,False,블루밍홈,0,46.0,NULL,오픈형,패브릭,불투명,접이식가능,NULL,NULL
303,469,434945,"플라팜 탱크 밀폐형 리빙박스 26L 다크그레이, 1개",18900,5943577,True,29,4.0,7.0,False,플라팜,0,,NULL,NULL,기타 (PP),NULL,NULL,무,NULL
304,470,434945,"마켓감성 부직포 드레스룸 장롱 정리함 소, 베이지, 2개",14700,2044408407,True,0,5.0,7.0,False,,0,7.0,NULL,오픈형,부직포,불투명,NULL,바퀴없음,NULL
305,471,434945,"가규 모던 라운드 리빙박스 S, 화이트(본체) + 투명(뚜껑), 4개",22900,4543095290,False,0,5.0,48.0,False,,0,48.0,NULL,뚜껑식,폴리프로필렌(PP),불투명,NULL,NULL,NULL
306,473,434945,"리빙박스 소 34X21CM, 랜덤발송, 1개",2000,136938440,False,0,5.0,15.0,False,다이소,0,10.0,NULL,NULL,NULL,반투명,NULL,바퀴없음,NULL
307,476,434945,"빅앤트 접이식 멀티박스 특대형 90L, 차콜, 1개",39000,124774993,False,0,4.5,22.0,False,빅앤트,0,11.0,90L,NULL,NULL,NULL,접이식가능,NULL,NULL
308,479,434945,"트레인 언더베드 리빙박스 낮은형, 아이보리, 2개",23480,2303953102,True,41,4.5,3.0,True,엔플라스틱,,4.0,50L,뚜껑식,플라스틱,불투명,NULL,바퀴있음,NULL
309,480,434945,"가쯔 마카롱 리빙박스 72L, 아이보리, 2개",17020,2171919262,True,1,5.0,3.0,True,가쯔,,3.0,72L,뚜껑식,플라스틱,불투명,NULL,NULL,NULL
310,483,434945,"소품미야 코스트코 폴딩박스 56L, BLACK, 1개",18500,1218830468,False,0,4.5,107.0,False,,0,88.0,56L,뚜껑형,NULL,불투명,접이식가능,NULL,NULL
311,484,434945,"화이트 레고블록 팬트리 리빙박스 화이트 다용도 수납정리함 아이방정리 공간박스, M, 개",10000,5170456218,False,23,5.0,2.0,False,,0,2.0,NULL,뚜껑형,플라스틱,투명,NULL,NULL,미포함 (보조키형)
312,489,434945,"콩 Klivinghome 침대 걸이형 보조 수납바구니, 화이트, 1개",12900,1816835839,True,0,4.5,10.0,False,,0,10.0,NULL,NULL,NULL,NULL,NULL,NULL,NULL
313,490,434945,"엔플라스틱 스칼렛 리빙박스 55L, 화이트, 2개입",25860,40544006,True,23,4.0,55.0,False,엔플라스틱,0,8.0,55L,뚜껑식,폴리프로필렌(PP),NULL,NULL,바퀴있음,NULL
314,495,434945,"노바리빙 ONNI 리빙 수납박스 XS 6.7L, 화이트, 4개",20700,1349596675,True,0,4.5,25.0,False,노바리빙,0,17.0,6.7L,NULL,NULL,NULL,NULL,NULL,NULL
315,496,434945,"지니홀딩스 1+1 ) 접히는 와이어 리빙박스 튼튼한 대용량 이불정리함 이불수납 옷정리함 옷수납함 105L + 압축팩, 브라운+브라운",29900,1422216278,False,0,3.5,3.0,False,,0,2.0,NULL,NULL,NULL,NULL,NULL,NULL,NULL
316,497,434945,"투명 이불 가방 3size / 수납 보관 선물용 부직포 큰가방 / 정리가방, 소",2500,2132820232,False,0,4.5,3.0,False,,"2,500",3.0,NULL,NULL,NULL,NULL,NULL,NULL,NULL
317,498,434945,"아이리스 플랩 수납박스 깊은 대형 BCF-500D, 투명, 3개",92800,1777328037,False,0,5.0,8.0,False,아이리스,0,8.0,NULL,슬라이딩형,NULL,투명,NULL,바퀴없음,NULL
318,502,434945,"올리빙 접이식 슬라이딩 리빙박스 대형 4p + 특대형 4p, 화이트, 1세트",55900,4602513005,True,0,4.0,3.0,False,올리빙,0,3.0,NULL,NULL,NULL,NULL,접이식가능,NULL,NULL
319,503,434945,"리빙숲 스퀘어 리빙박스3 52L, 블루, 1개",8800,139912317,True,0,4.5,34.0,False,리빙숲,0,7.0,52L,NULL,NULL,NULL,NULL,NULL,NULL
320,504,434945,"가드 케이트 이불보관함 A, 그레이, 5개",20000,270946908,True,0,4.0,14.0,False,,0,10.0,NULL,NULL,부직포,NULL,NULL,NULL,NULL
321,505,434945,"해강 패브릭 이불 정리가방 특대형, 체크, 1개",8610,295693075,True,10,5.0,19.0,False,,0,14.0,NULL,NULL,NULL,NULL,NULL,NULL,NULL
322,507,434945,S044 화영제관 은색 흰색 검정 사각 경첩틴케이스,1700,235566011,False,0,4.0,6.0,False,,"3,500",6.0,NULL,NULL,NULL,NULL,NULL,NULL,NULL
323,509,434945,"앤티스 손잡이형 리빙박스 S, 화이트, 2개입",7250,149026635,True,0,4.0,22.0,False,,0,13.0,NULL,NULL,NULL,NULL,NULL,NULL,NULL
324,510,434945,"엔빙 미니도트 리빙박스 66L, 바이올렛, 6개",39900,327638536,True,26,4.5,65.0,False,엔빙,0,45.0,66L,NULL,NULL,NULL,NULL,NULL,NULL
325,511,434945,"모던데일 대용량 슬라이딩 리빙박스 46L 3단, 화이트",27900,5071071432,False,30,4.5,3.0,False,네이쳐리빙,0,3.0,46000ml,NULL,NULL,NULL,NULL,NULL,NULL
326,512,434945,"리템 EL 리빙박스 특대형 30L, 아이보리, 1개",7850,230100330,True,5,4.0,25.0,False,리템,0,23.0,30L,뚜껑형,NULL,불투명,NULL,바퀴없음,NULL
327,513,434945,"이케아 SKUBB 정리함, 화이트",14600,1733077,False,0,4.5,13.0,False,,0,3.0,NULL,NULL,NULL,NULL,NULL,NULL,NULL
328,515,434945,"마이닝 리빙박스 100L, 베이지, 2개입",23600,47955608,True,0,4.5,30.0,False,마이닝,0,5.0,100L,지퍼식,NULL,NULL,접이식가능,바퀴없음,NULL
329,517,434945,"올맘 멀티 큐브박스 수납함 1+1, 블루1+1",29800,291839639,False,9,4.5,67.0,False,올맘,0,61.0,NULL,슬라이딩형,폴리프로필렌(PP),불투명,NULL,바퀴없음,NULL
330,518,434945,"마이닝 리빙박스 66L, 그레이, 2개",12350,5423679019,True,4,4.5,4.0,False,마이닝,0,4.0,66L,지퍼식,PVC,반투명,접이식가능,NULL,NULL
331,519,434945,"리빙숲 온도 리빙박스 24L, 클레이화이트, 4개",22900,4867098119,False,0,5.0,1.0,False,리빙숲,0,1.0,24L,NULL,NULL,NULL,NULL,NULL,NULL
332,520,434945,"올리빙 접이식 슬라이딩 리빙박스 중형 2p + 대 2p + 특대 2p, 화이트, 1세트",35900,4743933370,True,0,4.5,22.0,False,올리빙,0,22.0,NULL,NULL,NULL,NULL,접이식가능,NULL,NULL
333,521,434945,"아임 매직 접이식 폴딩박스 트렁크 정리 캠핑용품 리빙박스 L-56L M30L, M (30L), 블루",8900,4927009951,False,0,1.5,2.0,False,,0,2.0,30000ml,NULL,NULL,NULL,접이식가능,NULL,NULL
334,522,434945,"리템LnC EL 리빙박스 소형, 아이보리, 1개",2900,73232816,False,0,4.5,19.0,False,,"2,500",10.0,3L,NULL,NULL,NULL,NULL,NULL,NULL
335,525,434945,"한샘 매쉬 리빙박스 66L 3P 옷 이불 정리 보관 수납함, 3개입, 다크그레이",38900,1524094641,False,0,4.5,9.0,False,한샘,0,7.0,NULL,지퍼식,패브릭,NULL,접이식가능,NULL,손잡이 포함
336,527,434945,"홈앤하우스 메이븐 프리미엄 리빙박스 40L, 닛트바닐라, 4개",26780,4965396132,True,9,4.0,1.0,False,홈앤하우스,0,1.0,40L,지퍼식,NULL,NULL,NULL,바퀴없음,손잡이 포함 (주키형)
337,532,434945,"로티홈시스 접이식 스마트박스 60L + 덮개, 레드, 1세트",25900,4875398014,True,0,5.0,4.0,False,로티홈시스,0,4.0,60000ml,NULL,NULL,NULL,접이식가능,NULL,NULL
338,533,434945,"한샘 샘베딩 수납함 서랍형, 1개",9010,1930108576,True,2,5.0,7.0,False,한샘,0,7.0,NULL,NULL,NULL,NULL,NULL,NULL,NULL
339,536,434945,"리벤스 멀티 폴딩 리빙박스 56L 대형 + 우드 상판 세트, 아이보리, 우드색, 1세트",22700,4822941604,True,6,5.0,4.0,False,리벤스,0,5.0,56L,뚜껑식,폴리프로필렌(PP),NULL,접이식가능,바퀴없음,NULL
340,537,434945,"비노 에코트리 프리미엄 리빙박스 120L, 다크그레이, 1개",14360,2280978684,True,9,4.5,35.0,False,,0,35.0,120L,NULL,NULL,NULL,NULL,NULL,NULL
341,538,434945,"[글라라세상]침대세트/정리보/이불보/이사짐 정리/이불보관/이불정리/혼수용, 1개",4500,77908918,False,0,4.5,20.0,False,,0,12.0,NULL,NULL,나일론100%,NULL,NULL,NULL,NULL
342,539,434945,"금호 플라스틱 리빙박스 50리터 바퀴형, 1개, 투명",14100,334283464,False,51,4.5,11.0,False,,0,9.0,NULL,뚜껑식,폴리프로필렌(PP),반투명,NULL,바퀴있음,손잡이 포함 (주키형)
343,540,434945,"더플로우 접이식 미니 폴딩박스 대형, 핑크, 3개",21500,2170344590,True,0,5.0,4.0,False,,0,4.0,NULL,NULL,NULL,NULL,접이식가능,NULL,NULL
344,541,434945,"아이카사 폴딩박스 M, lilac, 1개",7380,200566454,False,10,5.0,284.0,False,아이카사,0,19.0,NULL,접이식,폴리프로필렌(PP),NULL,접이식가능,NULL,NULL
345,543,434945,"가쯔 폴라캐릭터 와이어 리빙박스 24L 고급형, 폴라베어, 4개",15800,69290703,True,0,4.5,87.0,False,가쯔,0,28.0,24L,NULL,NULL,NULL,NULL,NULL,NULL
346,544,434945,"로티홈시스 접이식 다용도 스마트박스 60L, 옐로우, 1개",16900,1301473068,True,5,5.0,18.0,False,로티홈시스,0,10.0,60L,NULL,NULL,NULL,접이식가능,NULL,NULL
347,545,434945,"트레인 언더베드 리빙박스 1P 낮은형 / 높은형, 다크그레이, 트레인 언더베드 리빙박스 낮은형 1P",12900,1610232527,False,23,4.0,36.0,False,엔플라스틱,0,36.0,40L,뚜껑형,NULL,NULL,NULL,바퀴있음,NULL
348,546,434945,"아이리스 플랩 리빙박스 소형 3p, 화이트, 1세트",27900,78241349,True,0,4.5,24.0,False,아이리스,0,14.0,NULL,뚜껑식,폴리프로필렌(PP),불투명,NULL,바퀴없음,손잡이 포함 (주키형)
349,547,434945,"다용도 접이식 폴딩박스 30L, GREEN, 2개",15450,4663579712,True,0,5.0,5.0,False,,0,5.0,30L,NULL,NULL,NULL,접이식가능,NULL,NULL
350,548,434945,"공구왕황부장 빅앤트 BIGANT 48리터 폴딩박스(앞문오픈형) 아이보리 접이식 박스 장바구니 자동차 트렁크 다용도, 단품",28000,5076644594,False,0,4.5,5.0,False,,"3,000",5.0,NULL,NULL,NULL,NULL,접이식가능,NULL,NULL
351,550,434945,"리릿 대용량 프리미엄 와이어 리빙박스, 66L 1+1",19900,4853525794,False,0,5.0,10.0,False,,0,10.0,66L,지퍼형,NULL,투명,NULL,바퀴없음,NULL
352,554,434945,"한샘 샘 폴리 수납바스켓 대, 상세설명 참조, 베이지",5300,1790090443,False,0,5.0,2.0,False,한샘,0,2.0,NULL,NULL,NULL,NULL,NULL,NULL,NULL
353,555,434945,"마이닝 88리터 2P 브라운, 2개",16250,80236737,True,3,4.0,9.0,False,마이닝,0,2.0,88L,지퍼식,폴리에스터(PE),NULL,NULL,바퀴없음,NULL
354,558,434945,"창신리빙 프랑코 리빙박스 62L, 블루, 2개 세트",24500,230316779,False,0,5.0,24.0,False,창신리빙,"3,000",17.0,NULL,NULL,NULL,NULL,NULL,NULL,NULL
355,560,434945,"마이다락 플라스틱 리빙박스 대형, 그레이, 3개입",23550,243852420,True,4,4.5,35.0,False,마이다락,0,14.0,NULL,NULL,NULL,NULL,NULL,NULL,NULL
356,561,434945,"페이퍼백 모음 화분커버 메르시페이퍼백 종이화분, D6메르시페이퍼백(화이트)미니",1470,1232506882,False,30,4.5,22.0,False,에스엠파티,"3,000",14.0,NULL,NULL,NULL,NULL,NULL,바퀴없음,NULL
357,564,434945,"굿픽스 폴딩박스 수납정리함 M 30L, 블루, 1개",10270,133678805,True,26,4.5,34.0,False,굿픽스,0,9.0,30L,NULL,NULL,NULL,접이식가능,NULL,NULL
358,565,434945,"해피박스 먼지커버, 블랙, 10개",5000,125472,True,0,4.0,411.0,False,,0,1.0,NULL,NULL,플라스틱,NULL,NULL,NULL,NULL
359,566,434945,"오픈형 접이식 리빙박스 53L, 블루, 1개",19900,4731961993,True,0,5.0,3.0,False,,0,3.0,53L,NULL,NULL,NULL,접이식가능,NULL,NULL
360,567,434945,"엠엔피라이프 옥스포드 이불정리함 특대형, 스트라이프(네이비), 1개",8900,4664319531,True,3,5.0,3.0,False,엠엔피라이프,0,3.0,NULL,NULL,NULL,NULL,NULL,NULL,NULL
361,568,434945,"폴딩형 슬라이딩 옷장정리 수납트레이 낮은형, 화이트그레이, 2개",18200,1730306637,False,0,5.0,7.0,False,,0,7.0,NULL,NULL,NULL,NULL,접이식가능,NULL,NULL
362,572,434945,"멀티 큐브박스 리빙박스 40L, 화이트, 3개",41700,322061314,True,46,4.5,49.0,False,,0,43.0,40L,슬라이딩형,NULL,불투명,NULL,바퀴없음,NULL
363,573,434945,"해강 패브릭 이불 정리가방 중형, 무지그레이, 1개",5850,295693096,True,2,4.5,21.0,False,,0,16.0,NULL,NULL,NULL,NULL,NULL,NULL,NULL
364,574,434945,"플라스틱 슬라이딩 리빙박스 수납정리함 특대형, 그레이, 3개",32900,2305823781,False,8,4.5,8.0,False,이즈리빙,0,8.0,NULL,NULL,NULL,NULL,NULL,NULL,NULL
365,579,434945,"조은리빙 스토리지 리빙박스 56L, 그레이, 2개",14850,1516002312,True,16,4.0,70.0,False,조은리빙,0,12.0,56L,지퍼식,폴리에스터(PE),투명,접이식가능,NULL,NULL
366,582,434945,"가규 라운드 리빙박스 XL, 2p, 화이트",14500,5319134573,False,19,5.0,8.0,False,,0,8.0,NULL,뚜껑식,폴리프로필렌(PP),NULL,NULL,NULL,NULL
367,583,434945,"가쯔 멀티블럭 리빙박스 56L, 그레이, 4개",25740,82364354,True,0,4.0,131.0,False,가쯔,0,26.0,56L,뚜껑식,폴리프로필렌(PP),불투명,NULL,바퀴없음,NULL
368,584,434945,"[당일출고] 레보떼 패브릭 리빙박스/큐브박스 수납정리함 55L/66L/88L/100L, 15. 100L 패브릭 리빙박스 베이지 1p",11760,2081599776,False,64,5.0,3.0,False,,0,3.0,100L,지퍼형,NULL,투명,NULL,바퀴없음,NULL
369,585,434945,"코멧 홈 언더베드 리빙박스 112L + 압축팩 대형 2P, 그레이",20050,4323045423,True,22,,,False,코멧,0,,NULL,NULL,NULL,NULL,NULL,NULL,NULL
370,586,434945,"올리빙 커브 리빙박스 42L, 스페셜, 4개",26900,1638635874,True,62,4.0,168.0,False,올리빙,0,22.0,42L,뚜껑식,플라스틱,불투명,NULL,바퀴없음,NULL
371,587,434945,"구디푸디 손잡이 펜트리 수납 다용도실 정리함, 1개, 펜트리 정리함_뚜껑형 (5호)",7000,1786061490,False,0,5.0,17.0,False,구디푸디,0,17.0,NULL,뚜껑형,플라스틱,불투명,NULL,바퀴없음,NULL
372,588,434945,"정리대장 폴더 리빙박스 34L, 화이트, 3개",35250,1459690538,True,6,4.5,48.0,False,정리대장,0,36.0,34L,NULL,NULL,NULL,접이식가능,NULL,NULL
373,590,434945,"인블룸 리빙박스A 소형, 베이지, 1개",8170,54723514,True,17,4.5,120.0,False,인블룸,0,36.0,NULL,뚜껑식,패브릭,불투명,접이식가능,바퀴없음,NULL
374,591,434945,"씨밀렉스 닛띵 슬라이드 정리함 오픈형 대 4p + 상판 세트, 그레이, 1세트",33200,5275533059,True,0,5.0,5.0,False,씨밀렉스,0,5.0,NULL,NULL,폴리프로필렌(PP),불투명,접이식가능,바퀴없음,미포함 (보조키형)
375,592,434945,"올리빙 크로스 리빙박스 66L, 다크그레이, 2개",13140,3019605,True,27,4.5,203.0,False,올리빙,0,11.0,66L,지퍼식,패브릭,불투명,접이식가능,NULL,NULL
376,595,434945,"가우덴 수납 감성 우유 상자 캠핑 밀크 박스 1+1, 아이보리, 라일락",19800,2315061984,False,10,5.0,2.0,False,,0,2.0,NULL,NULL,NULL,NULL,NULL,NULL,NULL
377,596,434945,"헬로리빙 씨티라이프 적층형 와이드 다기능 정리함 리빙박스 3단, 애플 그레이, 1개",23730,329243860,True,42,4.0,4.0,False,헬로리빙,0,3.0,NULL,NULL,NULL,NULL,NULL,NULL,NULL
378,597,434945,"IKEA 이케아 SAMLA 수납 박스, 투명",2600,1620541,False,0,4.5,55.0,False,,0,4.0,NULL,오픈형,폴리프로필렌(PP),투명,NULL,NULL,NULL
379,598,434945,"올리오 1+1 대용량 화이트블럭 리빙박스 90L, 그린",29900,4840772020,False,38,5.0,2.0,False,올리오,0,2.0,90L,NULL,NULL,NULL,NULL,NULL,NULL
380,599,434945,"코멕스 정리의 신 네오박스 60 6L, 혼합 색상, 2개입",9390,2174543319,True,46,5.0,3.0,True,코멕스,,3.0,6L,뚜껑식,폴리프로필렌(PP),NULL,NULL,NULL,NULL
381,600,434945,"코멧 홈 대용량 프리미엄 와이어 리빙박스 그레이, 66L, 2개입",13600,4340674317,True,54,4.5,3.0,True,코멧,,3.0,NULL,지퍼식,NULL,NULL,접이식가능,바퀴없음,NULL
382,601,434945,"SWC 언더베드 리빙박스 42L, 투명, 2개",27690,163980,True,21,4.0,92.0,False,,0,18.0,NULL,뚜껑식,폴리프로필렌(PP),NULL,NULL,NULL,NULL
383,602,434945,"리빙박스 중 39X26CM, 랜덤발송, 1개",3000,136938430,False,0,5.0,8.0,False,다이소,0,4.0,NULL,NULL,NULL,반투명,NULL,바퀴없음,NULL
384,603,434945,"다용도 접이식 멀티 폴딩박스 30L, 브라운, 2개",15450,4735469626,True,0,2.5,2.0,False,,0,2.0,30L,NULL,NULL,NULL,접이식가능,NULL,NULL
385,605,434945,"노트케이스 017 땡땡이 정리함 100L, 네이비, 2개",19900,19147093,True,33,4.0,236.0,False,,0,17.0,100L,지퍼식,폴리에스터(PE),투명,접이식가능,NULL,NULL
386,606,434945,"클라씨 펜트리수납 붙박이장 정리함 팬트리 침대 밑 박스바구니 아기옷 수건, 2번, 사이즈",4350,1147659642,False,33,5.0,46.0,False,클라씨,"3,000",42.0,NULL,NULL,NULL,NULL,NULL,NULL,NULL
387,607,434945,"비노 에코트리 프리미엄 리빙박스 60L, 아이보리, 2개",18780,2280978749,True,0,4.5,40.0,False,,0,41.0,60L,지퍼형,NULL,투명,NULL,바퀴없음,NULL
388,609,434945,[빅앤트] 25리터 폴딩박스(차콜),14900,1393020589,False,0,5.0,18.0,False,빅앤트,0,18.0,NULL,NULL,NULL,NULL,접이식가능,NULL,NULL
389,611,434945,"아이카사 폴딩박스 L Passive Lock 22cm, grey, 1개",20700,200566421,False,10,4.5,46.0,False,아이카사,0,8.0,NULL,뚜껑식,폴리프로필렌(PP),NULL,접이식가능,NULL,NULL
390,613,434945,"플랫센트 모던라이트 수납함 M, 3개",20700,1654330120,True,0,5.0,4.0,False,,0,4.0,NULL,뚜껑형,폴리프로필렌(PP),불투명,NULL,바퀴없음,NULL
391,614,434945,"노바리빙 ONNI 리빙 수납박스 S 13L, 블랙, 2개",14840,1349596580,True,1,4.5,20.0,False,노바리빙,0,15.0,13L,NULL,NULL,NULL,NULL,NULL,NULL
392,615,434945,"KOCHA 빅앤빅 대형 이불 정리함 보관함 캠핑 수납함 의류보관 방수, 1개, 검정(100L)",9600,260485370,False,0,4.5,38.0,False,,"2,500",25.0,NULL,지퍼형,패브릭,불투명,NULL,바퀴없음,손잡이 포함 (주키형)
393,617,434945,"올리빙 접이식 슬라이딩 리빙박스 중형 4p + 대형 4p, 화이트, 1세트",45900,4602512999,True,0,5.0,4.0,False,올리빙,0,4.0,NULL,오픈형,NULL,불투명,접이식가능,바퀴없음,NULL
394,619,434945,"엔플라스틱 이지 리빙박스 80L, 반투명, 2개",42900,3027499,True,13,4.0,224.0,False,,0,17.0,80L,뚜껑식,폴리프로필렌(PP),반투명,NULL,바퀴있음,NULL
395,620,434945,"디홀릭 종이 신발 정리함, A형, 4개입",13000,44837131,False,0,4.0,207.0,False,디홀릭,0,30.0,NULL,뚜껑식,NULL,NULL,NULL,바퀴없음,손잡이 포함
396,622,434945,"네이쳐리빙 문라이프 캠핑 폴딩박스 정리함 56L + 방수팩 세트, 그레이, 1세트",17900,2252053813,False,0,4.5,3.0,False,네이쳐리빙,0,4.0,56000ml,NULL,NULL,NULL,접이식가능,NULL,NULL
397,623,434945,"가쯔 폴라캐릭터 와이어 리빙박스 고급형 100L, 폴라베어, 2개",16350,2070258278,True,6,5.0,3.0,False,가쯔,0,3.0,100L,NULL,NULL,NULL,NULL,NULL,NULL
398,624,434945,"SC리빙클럽 멀티리빙박스 45L, 내츄럴, 2개",14450,1567505,True,5,4.5,245.0,False,,0,29.0,45L,뚜껑식,플라스틱,반투명,NULL,바퀴있음,NULL
399,626,434945,"비스토어 언더베드 이불정리함 [58L], 1개, 베이지",8000,1858782754,False,0,5.0,3.0,False,비스토어,0,3.0,58000ml,NULL,NULL,NULL,NULL,NULL,NULL
400,628,434945,"코스트코 폴딩박스 46L 접이식 리빙박스 플라스틱 정리함, 옐로우",9800,4703452227,False,9,5.0,2.0,False,,"2,500",2.0,NULL,NULL,NULL,NULL,접이식가능,NULL,NULL
401,631,434945,"코스모 마이닝 프리미엄 리빙박스 브라운, 1개",9290,343223,True,0,4.5,70.0,False,마이닝,0,2.0,NULL,지퍼식,패브릭,NULL,NULL,무,NULL
402,632,434945,"마이닝 투명 플라스틱 리빙박스 70L, 혼합색상, 2개",35490,1277746782,True,9,4.0,10.0,False,마이닝,0,6.0,70L,뚜껑형,NULL,투명,NULL,바퀴있음,NULL
403,633,434945,"홈앤미 신발 정리 수납박스 보관함 대형, 혼합색상, 6개",28870,4731982397,True,3,4.5,5.0,False,홈앤미,0,5.0,NULL,NULL,NULL,NULL,NULL,NULL,NULL
404,635,434945,"올맘 슬라이딩 리빙박스 대형 60L + 중형 50L 2p, 화이트, 1세트",29660,77417566,True,23,3.5,442.0,False,,0,73.0,NULL,슬라이딩형,플라스틱,불투명,NULL,바퀴있음,NULL
405,637,434945,"리빙스마일 폴딩박스 레드파인 A세트 60L, 브라운, 1세트",34270,277649783,True,0,4.5,112.0,False,,0,70.0,60000ml,NULL,NULL,NULL,접이식가능,NULL,NULL
406,638,434945,"보노하우스 아이엠 리빙박스 수납정리함 M 15.8L, 화이트, 4개",15200,2274824958,True,46,5.0,4.0,False,보노하우스,0,4.0,15.8L,NULL,NULL,NULL,NULL,NULL,NULL
407,639,434945,"보노하우스 레브스토리지 수납박스 M, 투명, 4개입",21240,13971944,True,0,4.5,128.0,False,보노하우스,0,43.0,NULL,뚜껑식,폴리프로필렌(PP),투명,NULL,NULL,NULL
408,640,434945,"바퀴달린 대형리빙박스 대용량 리빙박스 이불 인형 정리함 120l 200l 300l, 35L /40x28x21cm, 스카이",19400,2252235672,False,0,4.5,3.0,False,,0,3.0,35000ml,NULL,NULL,NULL,NULL,바퀴있음,NULL
409,641,434945,"[디어디어] 캠핑용 폴딩박스, 상세설명 참조, 우드상판추가(폴딩박스 제외)/오크",30000,5421077041,False,0,5.0,2.0,False,,0,2.0,NULL,NULL,NULL,NULL,접이식가능,NULL,NULL
410,642,434945,"[루키스토어] 가쯔 심플다용도 공간박스 수납 정리함 보관 2P - PJS10, 아이보리, 2개",7660,2965443,True,0,4.0,1546.0,False,가쯔,0,87.0,NULL,NULL,패브릭,불투명,접이식가능,바퀴없음,손잡이 포함 (주키형)
411,643,434945,"한샘 에브리 칸칸 수납박스 (2종택1) 부직포 와이어, 01.에브리 칸칸수납박스 라이트그레이 47L",9900,5064954220,False,0,,,False,한샘,"3,000",,47000ml,NULL,NULL,NULL,NULL,NULL,NULL
412,644,434945,"엔플라스틱 스칼렛 리빙박스 38L, 그레이, 4개",34560,40544002,True,33,4.5,28.0,False,엔플라스틱,0,9.0,38L,NULL,폴리프로필렌(PP),반투명,NULL,바퀴없음,NULL
413,646,434945,"이케아 PARKLA 페르클라 수납박스, 3개, 화이트",11700,1848988252,False,0,4.5,3.0,False,,0,3.0,NULL,NULL,NULL,NULL,NULL,NULL,NULL
414,647,434945,"마이닝 갤럭시 리빙박스 56L, 브라운, 2개",12800,24970106,True,15,4.5,31.0,False,마이닝,0,3.0,56L,지퍼식,폴리에스터(PE),--- 기타 ---,접이식가능,NULL,NULL
415,648,434945,"무인양품 소프트 수납 박스 각형 덮개식 S, 1개, 에크루",19900,2012314171,True,0,5.0,5.0,False,무인양품,0,5.0,NULL,지퍼식,폴리에스터(PE),불투명,NULL,바퀴없음,손잡이 포함 (주키형)
416,650,434945,"다용도 접이식 정리&보관바구니 소형, 옐로우, 2개",16720,4616541328,True,3,5.0,3.0,False,,0,3.0,NULL,NULL,NULL,NULL,접이식가능,NULL,NULL
417,651,434945,"샤바스 스칸디나 패브릭 리빙박스 헤링본 100L, 그레이, 2개",24900,1762078295,True,0,4.5,9.0,False,샤바스,0,9.0,100L,지퍼형,NULL,투명,NULL,바퀴없음,NULL
418,653,434945,"무인양품 소프트 수납 박스 덮개식 하프 L, 1개, 에크루",15000,1982686782,True,0,4.5,3.0,False,무인양품,0,3.0,NULL,뚜껑식,패브릭,불투명,NULL,바퀴없음,손잡이 포함
419,654,434945,"씨밀렉스 닛띵 담담 팬트리정리함 S2호, 아이보리, 8개",19220,5347115397,True,0,5.0,1.0,False,씨밀렉스,0,1.0,NULL,뚜껑식,폴리프로필렌(PP),반투명,NULL,바퀴없음,NULL
420,655,434945,"블루썬 캠핑 폴딩 박스, 그린, 1개",17150,4981733781,True,22,4.5,10.0,False,,0,10.0,NULL,뚜껑식,폴리프로필렌(PP),NULL,접이식가능,바퀴없음,NULL
421,657,434945,"플랫센트 모던라이트 수납함 S, 3개",23600,1654329115,True,0,4.0,3.0,False,,0,3.0,NULL,뚜껑형,폴리프로필렌(PP),불투명,NULL,바퀴없음,NULL
422,658,434945,"마이닝 대용량 캐릭터 리빙박스 120L, 브라운, 2개",22170,5423679034,True,0,5.0,6.0,False,,0,6.0,120L,지퍼식,PVC,반투명,접이식가능,NULL,NULL
423,662,434945,"[한샘] 샘베딩 드레스룸 틈새 수납함 W800 2개, 상세 설명 참조",27900,1895326294,False,6,,,False,한샘,"3,000",,NULL,NULL,NULL,NULL,NULL,NULL,NULL
424,663,434945,"리템 루맥스 큐브 리빙박스, 아이보리, 4개",74480,4889174980,True,11,5.0,19.0,False,루맥스,0,19.0,NULL,뚜껑식,폴리프로필렌(PP),NULL,NULL,바퀴없음,NULL
425,664,434945,"마이닝 심플 브라운 리빙박스, 1개",8960,1166116,True,0,4.5,32.0,False,마이닝,0,4.0,NULL,지퍼식,패브릭/부직포,NULL,NULL,무,NULL
426,665,434945,"인블룸 리빙박스 A 특대, 그레이, 1개",13750,136701138,True,13,4.5,28.0,False,인블룸,0,10.0,NULL,뚜껑형,패브릭,불투명,NULL,바퀴없음,NULL
427,666,434945,"라이크홈즈 [90X110] 대형 고퀄리티 행거커버 옷커버 덮개 오염방지 의류 가리개 2STYLE, 1개, 무지반투명",3450,4656428461,False,41,4.5,5.0,False,,0,5.0,NULL,NULL,NULL,NULL,NULL,NULL,NULL
428,669,434945,"앤티스 손잡이형 리빙박스 M, 화이트, 1개",5800,149026550,True,0,4.5,32.0,False,,0,15.0,NULL,오픈형,플라스틱,불투명,NULL,바퀴없음,NULL
429,670,434945,"레보떼 인테리어 수납의자 / 수납스툴 / 화장대의자, 01. 큐브형 레더 아이보리 1p",12500,2088119573,False,33,5.0,92.0,False,,0,92.0,NULL,NULL,NULL,NULL,NULL,NULL,NULL
430,671,434945,"조은리빙 큰도트 리빙박스 100L 1+1, 블랙, 1개",21360,19813262,True,28,4.5,151.0,False,조은리빙,0,14.0,100L,NULL,부직포,NULL,접이식가능,바퀴없음,손잡이 포함 (주키형)
431,672,434945,"가쯔 멀티 블록 리빙박스 56L, 그레이, 3개",19120,69290698,True,0,4.0,72.0,False,가쯔,0,38.0,56L,뚜껑식,플라스틱,불투명,NULL,NULL,NULL
432,673,434945,"[엣지랩] 5+1 접이식 다용도 팬트리정리 수납박스 (3color), 블랙",15500,5117068085,False,32,4.0,2.0,False,,0,2.0,NULL,NULL,NULL,NULL,접이식가능,NULL,NULL
433,674,434945,"유니온 갤럭시 리빙박스 100리터, 베이지, 2개",19900,33263281,False,26,4.5,41.0,False,,0,28.0,NULL,지퍼식,NULL,NULL,NULL,NULL,손잡이 포함
434,675,434945,"올리빙 크로스 트렁크 종이정리함 4종 대형, 오렌지",12900,41783653,False,13,4.0,220.0,False,올리빙,0,6.0,NULL,NULL,NULL,NULL,NULL,NULL,NULL
435,676,434945,"다용도 대용량 이불 정리함 오픈형 옷 보관함 리빙박스, 파인애플",7900,5221077902,False,0,5.0,3.0,False,,0,3.0,NULL,NULL,NULL,NULL,NULL,NULL,NULL
436,680,434945,"밴프 폴딩박스 대형, 블랙, 1개",10500,1648600746,True,0,4.5,35.0,False,밴프,0,35.0,NULL,NULL,NULL,NULL,접이식가능,NULL,NULL
437,681,434945,"영그린 대용량 옷정리 리빙박스 100L, 아이보리, 1개",11450,167781312,True,6,4.0,58.0,False,영그린,0,5.0,100L,지퍼형,NULL,투명,NULL,바퀴없음,NULL
438,682,434945,"이불가방(투명) 12종 (부직포)2종 소형에서 대형까지 다양한 사이즈, 투명40*35*12",2550,2115465266,False,37,4.0,3.0,False,,0,3.0,NULL,NULL,NULL,NULL,NULL,NULL,NULL
439,683,434945,"패브릭 방수 이불가방 리빙박스 대형, 브라운, 1개",12750,2346547888,True,0,5.0,6.0,False,윤별샵,0,6.0,54L,NULL,NULL,NULL,NULL,NULL,NULL
440,684,434945,"공구왕황부장 빅앤트 BIGANT 48리터 폴딩박스 원목상판 우드상판 나무캡 공구박스 접이식바스켓 뚜껑, 단품",25000,5076783805,False,0,,,False,,"3,000",,NULL,NULL,NULL,NULL,접이식가능,NULL,NULL
441,685,434945,"1+1세트 손잡이 접이식 폴딩박스, 2개, 소형 그린 1+1",11800,2181519085,False,48,4.0,8.0,False,인블룸,0,8.0,NULL,뚜껑식,NULL,반투명,접이식가능,바퀴없음,손잡이 포함 (주키형)
442,686,434945,"이케아 SKUBB 수납박스 중 502.903.61, 화이트, 1개",9460,63168789,False,0,4.5,44.0,False,이케아,착불배송,3.0,NULL,지퍼형,NULL,불투명,NULL,바퀴없음,NULL
443,688,434945,"마이닝 갤럭시 리빙박스 56L, 베이지, 2개입",16100,24970114,True,0,4.0,13.0,False,마이닝,0,6.0,56L,지퍼식,폴리에스터(PE),투명,접이식가능,NULL,NULL
444,690,434945,"루맥스 슬라이딩 리빙박스 중형, 그레이, 4개",43600,307648759,True,27,5.0,21.0,False,루맥스,0,16.0,NULL,슬라이딩형,폴리프로필렌(PP),불투명,NULL,바퀴없음,NULL
445,691,434945,"모두리빙 침대커버 매트리스패드 이중스틸집게 길이조절 고정밴드, 4p, 화이트",4650,1081816289,False,30,4.5,13.0,False,,0,12.0,NULL,NULL,NULL,NULL,NULL,NULL,NULL
446,692,434945,"한샘 샘 폴리 3p 수납바스켓 모음, 3개, 02.샘폴리바스켓(중)베이지",15900,1319033316,False,0,5.0,11.0,False,한샘,0,9.0,NULL,뚜껑식,NULL,불투명,접이식가능,바퀴없음,손잡이 포함 (주키형)
447,694,434945,"플랫센트 모던라이트 칸막이형 수납함 M, 2개",17800,1654330495,True,0,4.5,5.0,False,,0,5.0,NULL,뚜껑형,폴리프로필렌(PP),불투명,NULL,바퀴없음,NULL
448,696,434945,"VIC 애니멀 수납 정리함, 사자, 1개",12130,24292949,True,5,4.5,40.0,False,빅드림,0,27.0,NULL,NULL,린넨,NULL,NULL,바퀴 없음,NULL
449,697,434945,"금호 플라스틱 리빙박스 60리터 바퀴형, 1개, 투명",16300,334283350,False,49,4.5,17.0,False,,0,14.0,NULL,뚜껑식,폴리프로필렌(PP),반투명,NULL,바퀴있음,손잡이 포함 (주키형)
450,699,434945,한샘 EVERY 칸칸수납박스 66L - 리빙박스 수납정리함 이불 수납함 옷 정리 옷장 수납 슬라이딩,14200,5025335169,False,0,,,False,한샘,0,,66000ml,NULL,NULL,NULL,NULL,NULL,NULL
451,700,434945,"코맥스 네오 플라스틱 리빙박스 270 27L, 혼합색상, 3개",50800,1496045277,False,5,4.0,4.0,False,코멕스,0,4.0,27L,뚜껑형,폴리프로필렌(PP),NULL,NULL,바퀴없음,NULL
452,701,434945,코멕스 네오박스 190(19L),11760,4925041907,False,4,5.0,1.0,False,KOMAX,"2,500",1.0,19000ml,NULL,NULL,NULL,NULL,NULL,NULL
453,702,434945,한샘 샘 폴리 수납바스켓 베이지 와이드,7900,4975254166,False,38,4.5,2.0,False,한샘,0,2.0,NULL,NULL,NULL,NULL,NULL,NULL,NULL
454,704,434945,"올리오 1+1 대용량 파스텔 리빙박스 110L, 라이트그레이",32900,4854886182,False,23,4.5,3.0,False,올리오,0,3.0,NULL,NULL,NULL,NULL,NULL,NULL,NULL
455,711,434945,"씨밀렉스 베이직케어 수납 리빙박스 30L, 핑크, 4개",29280,1648470112,True,25,4.0,7.0,False,씨밀렉스,0,7.0,30L,뚜껑형,NULL,불투명,NULL,바퀴없음,NULL
456,712,434945,"부직포 이불정리함 대형, 베이지, 2개",16000,261421397,True,0,4.0,49.0,False,,0,21.0,NULL,NULL,NULL,NULL,NULL,NULL,NULL
457,714,434945,"더자카 화이트라인 원컬러 리빙박스 XL, 블루, 1개",8880,121959781,True,4,4.0,26.0,False,더자카,0,6.0,NULL,NULL,NULL,NULL,NULL,NULL,NULL
458,715,434945,"폴라캐릭터와이어리빙박스66L고급형2개, 폴라엘리, 2p",11390,4008712,True,8,4.5,1023.0,False,가쯔,0,65.0,66L,지퍼식,NULL,NULL,접이식가능,바퀴없음,NULL
459,717,434945,"홈앤하우스 메이븐 프리미엄 리빙박스 60L, 챠콜그레이, 4개",26620,4965396851,True,6,4.5,9.0,True,홈앤하우스,,3.0,60L,지퍼식,NULL,NULL,NULL,바퀴없음,손잡이 포함 (주키형)
460,718,434945,"하늬통상 패브릭 이불정리함 초특대형, 그레이체크, 2개",17000,2305146475,True,0,5.0,3.0,True,하늬통상,,3.0,NULL,NULL,NULL,NULL,NULL,NULL,NULL
461,719,434945,"코멕스 네오 340 수납박스 34L, 1개",14900,1998357100,True,45,4.5,3.0,True,코멕스,,3.0,34L,뚜껑식,폴리프로필렌(PP),반투명,NULL,NULL,NULL
462,720,434945,"가쯔 마카롱리빙박스 72L, 라이트그레이, 4개",23710,2171918815,True,23,3.5,3.0,True,가쯔,,3.0,72L,NULL,NULL,NULL,NULL,NULL,NULL
463,721,434945,"네이쳐리빙 모던데일 밀키 슬라이딩 리빙박스 2단 슬림, 연그레이, 1개",14150,336883370,True,0,4.0,23.0,False,,0,20.0,NULL,슬라이딩형,NULL,불투명,NULL,바퀴없음,NULL
464,722,434945,"리벤스 멀티 폴딩 리빙박스 30L 소형 2p + 우드 상판 세트, 블랙, 우드색, 1세트",23180,4822942260,True,3,5.0,2.0,False,리벤스,0,2.0,30L,뚜껑식,폴리프로필렌(PP),NULL,접이식가능,바퀴없음,NULL
465,723,434945,"리벤스 접이식 슬라이딩 리빙 수납박스 중형, 아이보리, 4개",23100,1861708189,True,15,4.5,22.0,False,리벤스,0,22.0,NULL,슬라이딩형,NULL,불투명,접이식가능,바퀴없음,NULL
466,724,434945,"가쯔 폴라캐릭터 와이어 리빙박스 고급형 66L, 폴라베어, 4개",22220,69290706,True,16,4.0,308.0,False,가쯔,0,42.0,66L,지퍼식,폴리에스터(PE),불투명,접이식가능,NULL,NULL
467,725,434945,"빅앤트 접이식 멀티박스 중형 48L, 파랑, 1개",25000,124775022,False,0,4.5,63.0,False,빅앤트,0,56.0,48L,NULL,NULL,NULL,접이식가능,NULL,NULL
468,727,434945,"가쯔 큐브 공간 박스, 네이비, 2개입",6420,22437195,True,3,4.0,240.0,False,가쯔,0,64.0,상세설명참조(네이비),뚜껑식,부직포,불투명,접이식가능,NULL,NULL
469,728,434945,"이노마타 공간활용 소품정리 컨테이너 리빙박스 452, 혼합색상, 1개",12070,2011657370,True,1,4.0,7.0,False,이노마타,0,6.0,NULL,뚜껑형,폴리프로필렌(PP),불투명,NULL,바퀴없음,NULL
470,729,434945,"굿아이템 폴딩 리빙박스 65L 로우커버, 1개, 화이트블루",21900,1925127825,True,0,4.5,56.0,False,,0,52.0,65L,NULL,NULL,NULL,접이식가능,NULL,NULL
471,731,434945,"아이리스코리아 플랩박스 L, 화이트, 1개",16200,19387015,True,0,4.0,73.0,False,아이리스,0,4.0,NULL,뚜껑식,폴리프로필렌(PP),NULL,NULL,NULL,NULL
472,732,434945,"나인앤나인 해피 리빙박스 65L, 2개",23180,3312192,True,24,4.5,18.0,False,모아시스템즈,0,1.0,NULL,뚜껑식,플라스틱,NULL,NULL,유,NULL
473,733,434945,더베딩샵 접이식 매트리스 보관가방 보관함 수납함 수납가방 슈퍼싱글 / 퀸,10000,1830066226,False,0,4.5,9.0,False,더베딩샵,0,8.0,NULL,지퍼형,NULL,NULL,접이식가능,바퀴없음,NULL
474,735,434945,"부직포 이불정리함 3종 세트, 그레이, 1세트",19230,261421435,True,0,4.5,45.0,False,,0,25.0,NULL,지퍼형,부직포,투명,NULL,바퀴없음,손잡이 포함 (주키형)
475,738,434945,"무인양품 소프트 수납 박스 장방형 L, 1개, 에크루",18900,2012320589,True,0,4.5,2.0,False,무인양품,0,2.0,NULL,NULL,패브릭,불투명,접이식가능,바퀴없음,손잡이 포함
476,743,434945,"코멕스 네오박스 340, 상세설명 참조, 없음",13650,5232615633,False,9,,,False,,0,,NULL,NULL,NULL,NULL,NULL,NULL,NULL
477,744,434945,"해강 패브릭 이불 정리가방 대형, 무지그레이, 1개",6610,295693064,True,2,4.5,15.0,False,,0,13.0,NULL,NULL,NULL,NULL,NULL,NULL,NULL
478,748,434945,"하우스레시피 부직포 플라워 높은형 정리함, 브라운, 2개",16360,63457679,True,18,4.0,62.0,False,하우스레시피,0,15.0,NULL,NULL,NULL,NULL,NULL,NULL,NULL
479,750,434945,"멀티폴샵 옷장 서랍 폴딩 수납 트레이 붙박이장 슬라이딩 장롱 정리 리빙 박스, 1개, 높은형",12700,1478628950,False,14,5.0,4.0,False,,"2,500",4.0,NULL,개방식,NULL,불투명,접이식가능,바퀴없음,미포함
480,752,434945,"씨밀렉스 닛띵 담담 팬트리정리함 S1호, 아이보리, 4개",9420,5347115685,True,5,5.0,2.0,False,씨밀렉스,0,2.0,NULL,뚜껑식,폴리프로필렌(PP),반투명,NULL,바퀴없음,NULL
481,753,434945,"마이닝 리빙박스 56L, 브라운, 10개",59500,4758137871,True,0,4.0,5.0,False,마이닝,0,5.0,56L,NULL,NULL,NULL,NULL,NULL,NULL
482,756,434945,"앤티스 린넨 방습 수납 정리함, 카키, 1개",25800,1414402597,True,0,5.0,1.0,False,,0,1.0,NULL,NULL,NULL,NULL,NULL,NULL,NULL
483,758,434945,"라이프밸런스 메가스토리지백 (1+1), 스퀘어",9900,5166482332,False,33,5.0,1.0,False,,0,1.0,NULL,NULL,NULL,NULL,NULL,NULL,NULL
484,759,434945,"앳홈리빙 의류 이불 보관함 부직포 정리함, 그레이 세로형",2900,4940841694,False,0,3.5,2.0,False,,0,2.0,NULL,NULL,NULL,NULL,NULL,NULL,NULL
485,760,434945,"코멕스 네오박스 110 수납박스 11L, 혼합색상, 2개",22800,179220413,False,0,5.0,5.0,False,코멕스,0,4.0,11L,뚜껑식,플라스틱,NULL,NULL,NULL,손잡이 포함
486,761,434945,"제이앤씨 지퍼형 수납박스 특대, 베이지, 1개",14730,239144431,True,0,4.5,67.0,False,제이앤씨,0,34.0,NULL,NULL,NULL,NULL,NULL,NULL,NULL
487,762,434945,"굿픽스 폴딩박스 수납정리함 L 56L, 베이지, 1개",13920,133678840,True,26,4.5,39.0,False,굿픽스,0,1.0,56L,NULL,NULL,NULL,접이식가능,NULL,NULL
488,763,434945,"비스비바 블록 폴딩 박스 M, 브라운, 2개",9380,1740716489,True,19,4.5,14.0,False,비스비바,0,14.0,NULL,NULL,NULL,NULL,접이식가능,NULL,NULL
489,764,434945,"클라씨 초대형 용량 패브릭 리빙박스 언더베드 부직포 수납함 겨울옷 인형 장난감 정리함 이불보관 바구니함, S, 그레이",6200,2322515932,False,22,5.0,2.0,False,클라씨,"3,000",2.0,NULL,NULL,NULL,NULL,NULL,NULL,NULL
490,765,434945,"가쯔 멀티블럭리빙박스 72L + 24L 2p, 레드, 1세트",14800,70533198,True,0,4.5,80.0,False,가쯔,0,26.0,NULL,뚜껑식,폴리프로필렌(PP),반투명,NULL,바퀴없음,미포함
491,767,434945,"엔플라스틱 이지 리빙박스 60L, 화이트, 2개",37730,1179885053,True,3,4.5,2.0,False,,0,2.0,60L,뚜껑형,NULL,불투명,NULL,바퀴있음,NULL
492,773,434945,"에이블 접이식 리빙 박스, 화이트, 1개",8570,1649689985,True,3,4.0,1.0,False,,0,1.0,NULL,NULL,NULL,NULL,접이식가능,NULL,NULL
493,774,434945,"언더배드 리빙박스 42L, 투명, 4개",145890,164015,False,0,4.0,172.0,False,,0,25.0,42L,뚜껑식,폴리프로필렌(PP),반투명,NULL,바퀴있음,NULL
494,775,434945,"홈데코레 언더베드 멀티 수납함, 베이지색, 1개",14150,4996571676,True,0,5.0,4.0,False,,0,2.0,NULL,NULL,NULL,NULL,NULL,NULL,NULL
495,777,434945,"Z-박스 제트 스토리지 사이드 오픈 폴딩박스, TAN 50L+우드상판 set",47200,2279061487,False,20,5.0,9.0,False,,0,9.0,50000ml,NULL,NULL,NULL,접이식가능,NULL,NULL
496,778,434945,"마이닝 양말 18칸 정리함 1p + 속옷 8칸 정리함 1p, 1세트",8250,80256759,True,3,4.5,42.0,False,마이닝,0,13.0,NULL,NULL,부직포,NULL,NULL,NULL,NULL
497,780,434945,"마이닝 리빙박스 55L, 투명, 2개",21600,1296935108,True,29,4.0,10.0,False,마이닝,0,10.0,55L,NULL,NULL,NULL,NULL,NULL,NULL
498,784,434945,"코멕스 네오박스 270 27L, 혼합색상, 1개",19400,1463624236,False,0,4.5,19.0,False,코멕스,0,8.0,27L,NULL,NULL,NULL,NULL,NULL,NULL
499,787,434945,"더자카 베스트심플 대형 이불정리함 S, Y207ZHSL013, 1개",6110,121959791,True,3,4.0,7.0,False,더자카,0,2.0,NULL,NULL,NULL,NULL,NULL,NULL,NULL
500,788,434945,"주연화학 에스씨리빙클럽 멀티리빙박스 58L, 오렌지, 5개입",37460,1567509,True,14,4.0,81.0,False,,0,10.0,NULL,뚜껑식,플라스틱,NULL,NULL,무,NULL
501,789,434945,"GN라이프 접이식 리빙박스, 화이트, 1개",13450,5007361777,True,0,4.5,2.0,False,,0,2.0,NULL,뚜껑식,NULL,불투명,접이식가능,바퀴없음,NULL
502,790,434945,"하우스플랜 AB스토리지 이불정리함 확장형 123L, 혼합 색상, 1개",14710,136702151,True,26,5.0,10.0,False,,0,5.0,123L,NULL,NULL,NULL,NULL,NULL,NULL
503,791,434945,"무인양품 소프트 수납 박스 장방형 S, 1개, 에크루",16900,1982687750,True,0,5.0,3.0,False,무인양품,0,3.0,NULL,NULL,패브릭,불투명,접이식가능,바퀴없음,손잡이 포함
504,795,434945,"리빙박스 대, 2개, 혼합색상",7900,2228587665,True,0,4.0,25.0,False,,0,24.0,NULL,NULL,NULL,투명,접이식가능,바퀴없음,손잡이 포함
505,797,434945,"[비스토어] 이불가방 이불정리함, 왕특대형-브라운",3300,1167749884,False,0,4.5,25.0,False,,0,19.0,NULL,NULL,NULL,투명,접이식가능,바퀴없음,손잡이 포함
506,800,434945,"다다마 멀티폴딩박스, 코코아베이지, 1개",19940,141139719,True,0,4.5,35.0,False,다다마,0,17.0,NULL,NULL,NULL,NULL,접이식가능,NULL,NULL
507,802,434945,[빅앤트] 48리터 폴딩박스 (다홍),25000,1393021013,False,0,4.5,18.0,False,빅앤트,0,18.0,NULL,NULL,NULL,NULL,NULL,NULL,NULL
508,803,434945,"리빙선데이 접이식 슬라이딩 리빙박스 중형, 화이트, 4개",15400,2033060502,True,1,4.5,4.0,False,,0,4.0,NULL,NULL,NULL,NULL,접이식가능,NULL,NULL
509,804,434945,"생활백서 캠핑 접이식 폴딩 정리 박스 아이스박스 트렁크정리 다용도정리함, 아이보리+블루 45L, 추가안함",29200,5027728854,False,0,4.5,3.0,False,생활백서,0,3.0,45000ml,NULL,NULL,NULL,접이식가능,NULL,NULL
510,806,434945,"이불 의류 옷 언더베드 정리함 의류보관용, 혼합색상, 1개",8040,1925411857,True,1,3.0,3.0,False,,0,3.0,NULL,NULL,NULL,NULL,NULL,NULL,NULL
511,807,434945,"미니리빙박스 다용도수납함 다 미니 리빙박스 수납함 소품정리 정리함 다이소, 민트",5500,4644246495,False,14,4.0,1.0,False,,0,1.0,NULL,NULL,NULL,NULL,NULL,NULL,NULL
512,808,434945,"BINO 에코트리 프리미엄 리빙박스 120L, 블루, 1개",14360,2275313954,True,9,5.0,11.0,False,BINO,0,11.0,120L,NULL,NULL,NULL,NULL,NULL,NULL
513,809,434945,"씨밀렉스 닛띵 슬라이드 정리함 오픈형 대 8p + 상판 2p 세트, 아이보리, 1세트",61500,5275533111,True,0,5.0,1.0,False,씨밀렉스,0,1.0,NULL,NULL,폴리프로필렌(PP),불투명,접이식가능,바퀴없음,미포함 (보조키형)
514,811,434945,"루맥스 슬라이딩 리빙박스 슬링형 소형/중형/대형, 소 (IV/아이보리)",11900,268929460,False,0,5.0,7.0,False,시스맥스,0,4.0,NULL,NULL,NULL,NULL,NULL,NULL,NULL
515,814,434945,"VIC 원칼라 사각 정리함 대형, 그레이, 1개",6400,24292951,True,0,4.5,99.0,False,빅드림,0,31.0,NULL,NULL,린넨,NULL,NULL,바퀴 없음,손잡이 포함
516,815,434945,"더이팩토리 다용도 정리함 대형, 베이지, 2개",18220,4829852069,True,25,4.5,3.0,False,,0,3.0,NULL,NULL,NULL,NULL,NULL,NULL,NULL
517,817,434945,"마이룸 루맥스 슬라이딩 이동식바퀴 1set(4개), 그레이, 1set",3750,166964617,False,25,4.5,12.0,False,,0,8.0,0,슬라이딩 도어,폴리프로필렌(PP),불투명,NULL,바퀴있음,NULL
518,818,434945,"PLAGO 이불가방 보따리 다용도가방, 03. 수납 대형",13000,213629324,False,0,5.0,53.0,False,PLAGO,"3,000",19.0,110L,지퍼식,나일론,NULL,NULL,바퀴없음,손잡이 포함
519,820,434945,"보노하우스 팬트리 수납박스 XS 1+1, 크림 XS 2개",5900,4622333385,False,40,5.0,1.0,False,보노하우스,0,1.0,NULL,NULL,NULL,NULL,NULL,NULL,NULL
520,821,434945,"코멕스 네오박스 190 (19L) x4개 /리빙박스 옷정리함, 상세설명 참조, 없음",49900,1162468921,False,0,4.0,2.0,False,,0,2.0,19000ml,NULL,NULL,NULL,NULL,NULL,NULL
521,823,434945,"아트박스/보노하우스 슬림서랍장 멀티바스켓 전용 바퀴 1세트(4EA), 본품",2000,136417623,False,0,4.0,16.0,False,보노하우스,0,7.0,NULL,NULL,NULL,NULL,NULL,NULL,NULL
522,825,434945,"시스맥스 루맥스 슬라이딩 리빙박스 중형 68061, 본상품선택, 화이트",18400,18294279,False,0,5.0,5.0,False,시스맥스,"3,000",,NULL,NULL,NULL,NULL,NULL,무,NULL
523,826,434945,"정리정돈 휴대용 공간활용 폴딩박스 L, 베이지, 1개",14500,1814921258,True,0,4.5,6.0,False,,0,6.0,NULL,NULL,NULL,NULL,접이식가능,NULL,NULL
524,827,434945,"리빙숲 온도 리빙박스 24L, 클레이그레이, 4개",22900,4792061725,False,0,5.0,1.0,False,리빙숲,0,1.0,24L,NULL,NULL,NULL,NULL,NULL,NULL
525,828,434945,"코드86 접이식 수납정리함 중, 베이지, 1개",6630,4830191273,True,0,4.0,1.0,False,,0,1.0,NULL,NULL,NULL,NULL,접이식가능,NULL,NULL
526,829,434945,[다이소]직사각리빙박스(49*33*23 cm)-1026837,5000,5285090617,False,0,5.0,1.0,False,,0,1.0,NULL,NULL,NULL,NULL,NULL,NULL,NULL
527,831,434945,"올리오 화이트블럭 리빙박스 72L 4개, 그레이",33900,1739657289,False,0,5.0,4.0,False,올리오,0,4.0,72000ml,NULL,NULL,NULL,NULL,NULL,NULL
528,832,434945,"생활탐구 침대밑수납장 언더베드 리빙박스 수납함 옷정리노하우, 소형 (바퀴O)",21900,2282542258,False,24,5.0,1.0,False,,"2,500",1.0,NULL,뚜껑식,플라스틱,불투명,NULL,바퀴있음,NULL
529,834,434945,"모아모아요 튼튼한 옥스포드 이불정리함 600D 이불가방정리 보관함 리빙박스, No.05 옥스포드 이불정리함 특대 그레이",6200,201189752,False,58,4.0,12.0,False,모아모아요,0,9.0,NULL,NULL,NULL,NULL,NULL,NULL,NULL
530,835,434945,"가쯔 폴라엘리 와이어 리빙박스 고급형 56L, 2개",10370,997261,True,5,4.5,330.0,False,가쯔,0,21.0,NULL,지퍼식,패브릭/부직포,NULL,NULL,무,NULL
531,837,434945,"앤티스 손잡이형 접이식 다기능 보관 상자 L 그레이, 1개",8100,136186725,True,0,5.0,3.0,False,,0,1.0,NULL,NULL,NULL,NULL,접이식가능,NULL,NULL
532,838,434945,"사각 부직포 공간박스 1개 큐브 소품 옷 장난감 사무실 가정 책장 정리함, 그레이",6040,5274968524,False,9,,,False,,"3,000",,NULL,NULL,NULL,NULL,NULL,NULL,NULL
533,839,434945,"제이앤씨 지퍼형 수납박스 소, 그레이, 1개",10000,239144135,True,0,4.5,18.0,False,제이앤씨,0,11.0,NULL,NULL,NULL,NULL,NULL,NULL,NULL
534,840,434945,"노바리빙 ONNI 리빙 수납박스 XS 6.8L, 블랙, 2개",10060,1349596633,True,9,4.5,28.0,True,노바리빙,,23.0,6.8L,NULL,NULL,NULL,NULL,NULL,NULL
535,842,434945,"(2P세트)플라스틱 슬라이딩 리빙박스 수납정리함, 특대형2P, 슬라이딩_반투명",23900,1772560377,False,8,5.0,5.0,False,이즈리빙,0,5.0,NULL,뚜껑형,플라스틱,NULL,적층보관 가능,NULL,NULL
536,843,434945,"가쯔 큐브 공간박스 2p + 뚜껑 2p, 아이보리, 1세트",7850,22437200,True,0,4.0,374.0,False,가쯔,0,61.0,NULL,뚜껑식,부직포,NULL,접이식가능,바퀴없음,NULL
537,847,434945,"창신리빙 내츄럴 화이트 스텝 수납박스 36cm 2호, 1개",39800,934742,False,0,4.0,24.0,False,창신리빙,0,4.0,NULL,NULL,플라스틱,NULL,NULL,무,NULL
538,848,434945,"트리 칸칸 수납함 멀티 박스, 혼합 색상, 1개",3900,71383758,True,58,4.5,8.0,False,,0,5.0,NULL,NULL,폴리프로필렌(PP),NULL,NULL,바퀴없음,NULL
539,849,434945,"[바보사랑]위즈홈 옷정리 트레이 옷접는폴더 포함, 옷정리트레이20P(높은형)+옷접는폴더1P",26510,169479749,False,0,4.0,15.0,False,바보사랑,0,5.0,NULL,NULL,NULL,NULL,접이식가능,NULL,NULL
540,851,434945,"모던베이직 플라스틱 리빙박스 차콜 40L 55L, 40L 차콜 그린",10900,2138803259,False,56,5.0,6.0,False,,0,6.0,40000ml,NULL,NULL,NULL,NULL,NULL,NULL
541,852,434945,[한샘] 샘키즈 수납정리함 화이트 플라스틱박스 뚜껑,2500,1971585149,False,40,5.0,5.0,False,한샘,0,5.0,NULL,NULL,NULL,NULL,NULL,NULL,NULL
542,854,434945,"인블룸 1+1세트! 리빙박스A 다용도 정리함 (대형38L 특대형55L 초대형82L), 그레이, 소형 1+1",14800,154653967,False,44,4.5,56.0,False,인블룸,0,33.0,NULL,뚜껑식,폴리프로필렌(PP),NULL,NULL,바퀴없음,손잡이 포함
543,855,434945,"패브릭 대형 리빙박스 다용도 옷 수납 정리함, 대형그레이",16000,2020337490,False,20,5.0,3.0,False,,"3,000",3.0,NULL,NULL,NULL,NULL,NULL,NULL,NULL
544,857,434945,"마이홈리빙 패브릭 이불 보관 주머니 특대형 가방, 1개, 브라운",7800,1991131519,False,0,4.0,6.0,False,,0,6.0,NULL,NULL,NULL,NULL,NULL,NULL,NULL
545,858,434945,"오픈형 투명 접이식 리빙박스 33L, 화이트, 1개",18900,4824142969,True,0,4.0,3.0,False,,0,3.0,33L,NULL,NULL,NULL,접이식가능,NULL,NULL
546,860,434945,"조은리빙 언더베드 케비넷 리빙박스 72L, 블랙, 1개",16230,152203656,True,0,4.0,39.0,False,조은리빙,0,9.0,72L,지퍼식,폴리프로필렌(PP),불투명,NULL,바퀴없음,NULL
547,861,434945,"이소품 담다 오픈형 폴딩박스 09174A, 핑크, 1개",38250,4590474004,True,1,4.5,3.0,False,이소품,0,3.0,NULL,NULL,NULL,NULL,접이식가능,NULL,NULL
548,862,434945,"1+1세트 인블룸 다목적 접이식 폴딩박스 2종 택1, 56L_브라운 1+1",26300,2273802026,False,28,4.5,4.0,False,인블룸,0,4.0,50000ml,NULL,NULL,NULL,접이식가능,NULL,NULL
549,864,434945,"홈앤하우스 포레스트 우드상판 폴딩박스 대형, 아이보리, 1개",22540,5002201683,True,0,5.0,1.0,False,홈앤하우스,0,1.0,56L,뚜껑식,플라스틱,NULL,접이식가능,바퀴없음,NULL
550,865,434945,코멕스 네오박스 340 (34L) 리빙박스,16320,2321804144,False,38,,,False,코멕스,"3,000",,34L,NULL,NULL,NULL,NULL,NULL,NULL
551,868,434945,"코랙코리아 폴딩박스 중형 30L, 베이지, 1개",9430,181281323,True,42,4.0,51.0,False,,0,37.0,30L,NULL,NULL,NULL,접이식가능,NULL,NULL
552,870,434945,"나무 상자 우드 수납박스21 높이 18cm, 원목색, 1개",12500,4663182677,True,0,5.0,1.0,False,,0,1.0,NULL,NULL,NULL,NULL,NULL,NULL,NULL
553,871,434945,[빅앤트] 90리터 폴딩박스 (다홍),39000,1393052755,False,0,4.5,5.0,False,빅앤트,0,4.0,NULL,오픈형,NULL,불투명,NULL,바퀴없음,손잡이 포함 (주키형)
554,872,434945,"네이쳐리빙 문라이프 캠핑 폴딩박스 정리함 30L + 방수팩 세트, 블랙, 1세트",13330,2252053715,True,1,4.0,4.0,False,네이쳐리빙,0,4.0,30000ml,NULL,NULL,NULL,접이식가능,NULL,NULL
555,873,434945,"[홈앤하우스] 다용도 펜트리 수납 바스켓 3P/4P 세트, 종류:3P세트(특대1P+대2P)",19300,4692524548,False,51,5.0,1.0,False,홈앤하우스,0,1.0,NULL,NULL,NULL,NULL,NULL,NULL,NULL
556,877,434945,"[국내생산] 2+1 슬라이딩 기저귀 장난감 정리함 리빙박스, 01.슬라이딩-화이트/2+1대형",34000,4606040297,False,27,4.5,2.0,False,모든집,0,2.0,NULL,슬라이딩형,폴리프로필렌(PP),불투명,NULL,바퀴없음,NULL
557,878,434945,"미스터마켓 이불수납 이불정리 파우치 이불정리함 이불보관 이불장, 1팩, 사슴",2500,1797655144,False,16,4.0,10.0,False,,"2,500",10.0,NULL,NULL,NULL,NULL,NULL,NULL,NULL
558,879,434945,"팬트리 캠핑 폴딩박스 플라스틱 리빙박스 대용량 수납 정리함, 모자이크 그레이",13900,1232319451,False,0,4.5,41.0,False,할메이드,"2,500",38.0,56L,뚜껑식,폴리프로필렌(PP),NULL,접이식가능,NULL,손잡이 포함
559,880,434945,"리빙선데이 접이식 슬라이딩 리빙박스 특대, 화이트, 4개",28500,2014874504,True,0,5.0,1.0,False,,0,1.0,NULL,NULL,NULL,NULL,접이식가능,NULL,NULL
560,881,434945,"마켓피오 린넨 접이식 이불정리함 66L, 베이지, 2개",31000,1660814456,True,0,5.0,2.0,False,,0,2.0,66L,지퍼형,NULL,투명,접이식가능,NULL,NULL
561,882,434945,"프랑코 리빙박스 62L 2개set, 상세설명 참조, 베이지",26400,290080331,False,12,5.0,3.0,False,창신리빙,0,2.0,62000ml,NULL,NULL,NULL,NULL,NULL,NULL
562,884,434945,"에이원플러스 캠핑 폴딩박스 원목상판 테이블 전면오픈, 오픈도어 폴딩박스 블랙",16800,1776050718,False,0,4.5,15.0,False,,"3,000",15.0,NULL,NULL,NULL,NULL,접이식가능,NULL,NULL
563,885,434945,"굿아이템 접이식 폴딩박스 상판 리빙박스 수납박스 코스트코, A타입, 블루하늘56리터",19000,2175751620,False,36,4.5,12.0,False,,0,12.0,NULL,NULL,NULL,NULL,접이식가능,NULL,NULL
564,887,434945,"빈템 소녀 마스크 보관 케이스, TYPE 03, 3개",8700,4919046996,True,0,5.0,2.0,False,,0,2.0,NULL,NULL,NULL,NULL,NULL,NULL,NULL
565,888,434945,"케이트가든 플라스틱 미니멀 폴딩박스, 옐로우, 2개",12500,2251941946,True,0,4.5,3.0,False,케이트가든,0,3.0,NULL,NULL,NULL,NULL,접이식가능,NULL,NULL
566,889,434945,"락앤락 선반정리수납함 5L, 1개, INP992 아이보리",3900,301400131,False,30,4.5,15.0,False,락앤락,0,11.0,5L,뚜껑식,폴리프로필렌(PP),불투명,NULL,NULL,NULL
567,891,434945,"한샘 샘 폴리 수납바스켓 모음, 1개, 03.샘폴리바스켓(대)그레이",7900,1634587883,False,0,5.0,23.0,False,한샘,0,23.0,NULL,뚜껑식,패브릭,불투명,접이식가능,NULL,손잡이 포함
568,892,434945,"생활살림 대용량 이불가방 이불보관함 소품 수납가방, 베이지(특대)",7500,1557307708,False,50,5.0,2.0,False,생활살림,"2,500",2.0,NULL,지퍼식,폴리에스터(PE),불투명,접이식가능,NULL,손잡이 포함
569,893,434945,"마켓감성 가정용 컬러패턴 옷이불 보관가방 특대형, 스카이플라워, 2개",16000,92337413,True,0,4.0,58.0,False,,0,8.0,NULL,NULL,NULL,NULL,NULL,NULL,NULL
570,897,434945,"오하임 사이다 컬러 수납박스 소형, 스카이블루, 6개입",16830,21419549,True,53,4.5,123.0,False,오하임,0,14.0,4.8L,NULL,폴리프로필렌(PP),불투명,NULL,바퀴없음,손잡이 포함 (주키형)
571,898,434945,"보양재5개1묶음900x1800x3T/단프라 플라베니아 시트, 상세설명 참조, 플라베니아 보양재 화이트 5개",18570,325134529,False,11,4.5,8.0,False,,0,7.0,NULL,NULL,NULL,NULL,NULL,NULL,NULL
572,899,434945,"패브릭 방수 이불정리함 낮잠 이불 가방 옷 의류 수납 정리함, 패브릭 이불정리함 소형",3900,4382525378,False,0,4.5,5.0,False,,0,5.0,NULL,지퍼식,폴리에스터(PE),불투명,접이식가능,NULL,손잡이포함
573,900,434945,"보노하우스 아이엠 리빙박스 23.5L L, 네이비, 2개",11000,4760265142,True,0,3.0,2.0,False,보노하우스,0,2.0,23.5L,NULL,NULL,NULL,NULL,NULL,NULL
574,901,434945,"접이식 다용도 정리함 소형, 그레이, 2개",16540,4798252137,True,0,5.0,1.0,False,,0,1.0,NULL,NULL,NULL,NULL,접이식가능,NULL,NULL
575,905,434945,"갓샵 단 돈 100원! 미스터리 대환장 랜덤박스 럭키박스!, 상세설명 참조, 없음",100,299267541,False,0,2.5,333.0,False,갓샵,0,47.0,NULL,NULL,NULL,NULL,NULL,NULL,NULL
576,907,434945,"가쯔 멀티블럭 리빙박스 56L + 72L, 그레이, 1세트",15330,48410352,True,0,4.0,43.0,False,가쯔,0,5.0,NULL,뚜껑식,폴리프로필렌(PP),NULL,NULL,바퀴없음,미포함
577,909,434945,"키친플라워 리빙박스 66L, 핑크, 3개",26380,5122114436,True,5,5.0,2.0,False,키친플라워,0,2.0,66L,지퍼식,NULL,NULL,접이식가능,바퀴없음,NULL
578,910,434945,S027 화영제관 은색 사각틴케이스 대용량 다용도 케이스,7500,239168154,False,0,5.0,1.0,False,,"3,500",,NULL,NULL,NULL,NULL,NULL,NULL,NULL
579,913,434945,"아이리스 플랩 리빙박스 소형, 투명",9300,19387010,True,0,4.5,83.0,False,아이리스,0,9.0,NULL,뚜껑식,폴리프로필렌(PP),NULL,NULL,NULL,손잡이 포함
580,919,434945,"더플로우 다용도 블록 리빙박스, 옐로우, 1개",17900,2281643966,True,0,5.0,3.0,False,,0,3.0,NULL,NULL,NULL,NULL,NULL,NULL,NULL
581,922,434945,"DAILY LIFE 패브릭 리빙박스 특대형 55L, 그린, 2개",24010,1392113944,True,0,5.0,3.0,False,,0,3.0,55L,NULL,NULL,NULL,NULL,NULL,NULL
582,923,434945,"데일리블룸 국산 소품정리함 수납 폴딩박스 오픈형 접이식 대용량 수납박스, 선택안함, 베이지",23400,5417334524,False,0,2.5,2.0,False,데일리블룸,"3,000",2.0,NULL,NULL,NULL,NULL,접이식가능,NULL,NULL
583,925,434945,"생활백서 폴딩 캠핑 박스 75L, 아이보리 + 블루, 1개",34400,2004275306,True,0,5.0,1.0,False,생활백서,0,1.0,75L,NULL,NULL,NULL,접이식가능,NULL,NULL
584,926,434945,"창신리빙 프랑코 리빙박스 62L, 베이지, 4개",45560,5379878318,True,0,5.0,1.0,False,수납이야기,0,1.0,62L,뚜껑식,플라스틱,NULL,NULL,바퀴없음,미포함
585,928,434945,한샘 샘키즈 화이트 플라스틱뚜껑,1900,4975254614,False,40,5.0,2.0,False,한샘,0,2.0,NULL,NULL,NULL,NULL,NULL,NULL,NULL
586,929,434945,"침대밑 수납장 언더베드 리빙 박스 옷장 서랍 니트보관 정리 이케아 수납함 드레스룸 정리함, 소형 (바퀴o)",25000,4939975050,False,7,5.0,2.0,False,,0,2.0,NULL,NULL,NULL,NULL,NULL,NULL,NULL
587,931,434945,"리빙숲 스퀘어 리빙박스 52L, 레드, 1개",8800,142455486,True,0,4.5,52.0,False,리빙숲,0,9.0,52L,NULL,NULL,NULL,NULL,NULL,NULL
588,934,434945,"금호 플라스틱 리빙박스 15L-75L 모음, 1개, 60리터 (반투명)",14500,334283369,False,54,4.5,7.0,False,,0,6.0,NULL,뚜껑식,플라스틱,반투명,NULL,바퀴있음,손잡이 포함
589,936,434945,"가쯔 폴라캐릭터 와이어 리빙박스 고급형 88L, 폴라엘리, 2개",15040,2070258282,True,10,4.5,5.0,False,가쯔,0,5.0,88L,NULL,NULL,NULL,NULL,NULL,NULL
590,937,434945,"지퍼 옷 패딩 이불 정리함 특대형, 그레이, 1개",6730,2123232848,True,0,4.5,2.0,False,,0,2.0,NULL,NULL,NULL,NULL,NULL,NULL,NULL
591,939,434945,"가쯔 마카롱 리빙 박스 90L + 110L, 아이보리, 1세트",36450,5114985313,True,2,5.0,1.0,False,가쯔,0,1.0,NULL,뚜껑식,플라스틱,불투명,NULL,바퀴없음,NULL
592,940,434945,"모던라이프 국산 다용도 정리함 종이 수납박스 플라스틱 리빙박스 옷 수납정리함, 1개, 무지트렁크 5P",17800,1729691862,False,0,2.5,4.0,False,모던라이프,0,4.0,NULL,NULL,NULL,NULL,NULL,NULL,NULL
593,942,434945,"가규 모던 라운드 리빙박스 S half, 아이보리, 8p",24000,1981598431,True,0,5.0,10.0,False,,0,11.0,NULL,NULL,NULL,NULL,NULL,NULL,NULL
594,943,434945,"리빙선데이 접이식 슬라이딩 리빙박스 중 + 대 + 특대, 화이트, 1세트",23900,2263123568,True,0,5.0,1.0,False,,0,1.0,NULL,NULL,NULL,NULL,접이식가능,NULL,NULL
595,945,434945,"락앤락 선반정리 수납함 18L, 아이보리, 1개",9900,230167512,False,37,4.5,31.0,False,락앤락,0,20.0,18L,뚜껑형,폴리프로필렌(PP),NULL,NULL,NULL,손잡이 포함 (주키형)
596,946,434945,"마이닝 갤럭시 땡땡이 리빙박스 66L, 블루, 2개입",12520,24970110,True,0,4.5,24.0,False,마이닝,0,3.0,66L,지퍼식,NULL,NULL,NULL,바퀴 없음,NULL
597,947,434945,[빅앤트] 90리터 고무나무상판,33000,1393052549,False,0,4.5,17.0,False,빅앤트,"3,000",13.0,NULL,NULL,NULL,NULL,NULL,NULL,NULL
598,955,434945,"보노하우스 파스텔 해피박스, 핑크, 2개",11110,68423061,True,0,4.5,74.0,False,보노하우스,0,16.0,NULL,NULL,NULL,NULL,NULL,NULL,NULL
599,956,434945,"마이룸 시스템서랍장 소, 아이보리, 1개",20410,160536877,True,24,5.0,2.0,False,,0,1.0,NULL,NULL,NULL,NULL,NULL,NULL,NULL
600,959,434945,"인블룸 북유럽 패브릭 다용도 수납정리함 소형, 브라운, 1개",9290,249207129,True,3,4.5,12.0,False,인블룸,0,7.0,NULL,지퍼형,NULL,불투명,NULL,바퀴없음,손잡이 포함 (주키형)
601,960,434945,"가쯔 마카롱리빙박스 72L, 라이트그레이, 2개입",17020,1998475398,True,1,5.0,4.0,True,가쯔,,4.0,72L,뚜껑식,NULL,불투명,NULL,바퀴없음,미포함
602,962,434945,"리빙선데이 접이식 슬라이딩 리빙박스 대, 화이트, 4개",17800,2014874492,True,9,5.0,3.0,False,,0,3.0,NULL,NULL,NULL,NULL,접이식가능,NULL,NULL
603,963,434945,"마이닝 갤럭시 리빙 56L, 브라운",23800,80236808,True,0,4.0,12.0,False,코스모,0,,NULL,지퍼식,폴리에스터(PE),NULL,NULL,바퀴없음,NULL
604,964,434945,"다용도 수납 포켓 정리함 대, 브라운, 2개",24540,4825020612,True,0,5.0,1.0,False,,0,1.0,NULL,NULL,NULL,NULL,NULL,NULL,NULL
605,966,434945,"정리대장 프레임 리빙박스 34L, 화이트, 1개",14980,1459691022,True,10,4.5,37.0,False,정리대장,0,31.0,34L,NULL,NULL,NULL,NULL,NULL,NULL
606,967,434945,"리빙셀렉트 접이식 슬라이딩 정리함 수납트레이 옷장정리, 소형",4900,4590443543,False,0,5.0,1.0,False,,0,1.0,NULL,NULL,NULL,NULL,접이식가능,NULL,NULL
607,969,434945,"마이닝 언더베드 플라스틱 리빙박스 92L, 베이지, 2개",65430,1579228503,True,0,4.5,11.0,False,마이닝,0,11.0,92L,NULL,NULL,NULL,NULL,NULL,NULL
608,971,434945,"창신리빙 내츄럴 화이트 스텝박스 1호, 1개",18420,3021330,True,47,4.0,12.0,False,창신리빙,0,1.0,NULL,NULL,폴리프로필렌(PP),NULL,NULL,무,NULL
609,973,434945,"인터바겐 걸이식 옷 옷장 수납함 보관함 리빙 박스 - 걸이식정리함 그레이, 5칸 그레이",14900,1766776227,False,0,5.0,1.0,False,,0,1.0,NULL,NULL,NULL,NULL,NULL,NULL,NULL
610,974,434945,"한샘 샘 폴리 수납바스켓 3P 수납박스 정리 10종/택1, 02.샘폴리바스켓(대)베이지 3개",18400,1704473983,False,0,5.0,5.0,False,한샘,0,5.0,NULL,NULL,NULL,NULL,NULL,NULL,NULL
611,977,434945,"라탄 수납형 박스 중, 브라운, 1개",14900,2091397515,True,0,5.0,4.0,False,,0,4.0,NULL,NULL,라탄,NULL,NULL,NULL,NULL
612,978,434945,"이케아 PARKLA 페르클라 수납박스 2개 세트, 103.953.84",8280,237219852,False,0,5.0,13.0,False,이케아,0,11.0,NULL,지퍼형,폴리에스터(PE),반투명,NULL,바퀴없음,NULL
613,979,434945,"프리미엄 대용량 리빙박스 66L 6개세트, 아이보리",30900,209724702,False,0,4.0,27.0,False,벨라홈,0,15.0,66000ml,NULL,NULL,NULL,NULL,NULL,NULL
614,980,434945,"알럽홈 옥스포드천 휴대용 이불보관 가방 M, 다람쥐, 1개",8800,2239673663,True,0,5.0,1.0,False,,0,1.0,NULL,NULL,NULL,NULL,NULL,NULL,NULL
615,981,434945,"폴리 수납 바스켓 책장 수납박스 공간박스 패브릭 수납함 천 정사각형 바구니, 브라운",4000,2083000649,False,20,4.0,4.0,False,,"2,500",4.0,NULL,NULL,부직포,불투명,접이식가능,바퀴없음,손잡이 포함 (주키형)
616,982,434945,"더플로우 접이식 미니 폴딩 박스 수납함 대, 옐로우, 3개",21500,2203638950,True,0,4.5,3.0,False,,0,3.0,NULL,NULL,NULL,NULL,접이식가능,NULL,NULL
617,984,434945,"구디푸디 슬라이딩 정리함 옷장정리 수납트레이 리빙박스, 소형",4900,4590353273,False,0,4.5,8.0,False,구디푸디,0,8.0,NULL,오픈형,폴리프로필렌(PP),불투명,NULL,바퀴없음,NULL
618,985,434945,[빅앤트] 48리터 플라스틱 캡(블랙),8000,1393020697,False,0,4.5,36.0,False,빅앤트,"3,000",35.0,NULL,NULL,NULL,NULL,접이식가능,NULL,NULL
619,986,434945,"마이닝 폴딩리빙박스, 그레이, 1개",12910,4321996807,True,0,4.5,5.0,False,마이닝,0,5.0,NULL,NULL,NULL,NULL,접이식가능,NULL,NULL
620,987,434945,"올리빙 커브 리빙박스 26L, 다크그레이, 4개",16900,4964669,True,57,4.0,154.0,False,올리빙,0,14.0,26L,뚜껑식,NULL,불투명,NULL,바퀴없음,손잡이 포함 (주키형)
621,990,434945,"살림마왕 대형 이불 보관함 곰팡이 습기방지 의류 보관 정리 수납함 리빙박스 옷정리 코트 패딩, 압축팩 소40X60",1900,4535873721,False,0,5.0,2.0,False,,0,2.0,NULL,NULL,NULL,NULL,NULL,NULL,NULL
622,992,434945,"마이닝 대나무 숯 옷 이불정리함 39L, 그레이, 6개",36400,4735758148,True,0,1.0,1.0,False,마이닝,0,1.0,39L,NULL,NULL,NULL,NULL,NULL,NULL
623,994,434945,"올리오 파스텔 리빙박스 72L 2개, 인디핑크",19900,318997593,False,28,5.0,3.0,False,올리오,0,3.0,72L,NULL,NULL,NULL,NULL,NULL,NULL
624,996,434945,"이케아 PARKLA 페르클라 수납박스 언더베드 다용도 이불 옷 리빙박스 수납 함, 5개",19560,2223045452,False,0,5.0,2.0,False,이케아,0,2.0,NULL,NULL,NULL,NULL,NULL,NULL,NULL
625,997,434945,"홈데코레 언더베드 베이직 수납함, 브라운, 1개",9130,2154578739,True,8,5.0,3.0,False,,0,3.0,NULL,NULL,NULL,NULL,NULL,NULL,NULL
626,999,434945,"후니네가게 가정용 셔츠 다용도 티셔츠 서랍형 슬라이딩 수납 의류 옷정리 트레이 슬림 폴더 서랍 형 옷 정리함(1), 1개, 베이지",20900,1414655603,False,27,3.5,4.0,False,,0,3.0,NULL,슬라이딩형,NULL,불투명,접이식가능,바퀴없음,NULL
627,1000,434945,"씨밀렉스 베이직케어 수납 리빙박스 20L, 그레이, 4개",29480,1648470654,True,4,4.5,4.0,False,씨밀렉스,0,4.0,20L,NULL,NULL,NULL,NULL,NULL,NULL
628,1001,434945,"팬트리 수납 바구니 붙박이장 정리 수납함 소품 정리함 손잡이 리빙박스, 손잡이형 대-그레이",6990,1847011423,False,0,5.0,18.0,False,할메이드,"2,500",18.0,NULL,뚜껑식,폴리프로필렌(PP),NULL,NULL,NULL,NULL
629,1002,434945,"[딜] 팬트리 바스켓 1+1+1 DD, 8호",10900,1494194582,False,0,3.5,3.0,False,,0,3.0,NULL,NULL,NULL,NULL,NULL,NULL,NULL
630,1003,434945,"씨밀렉스 닛띵 담담 팬트리정리함 L2호, 그레이, 8개",27970,5347115695,True,0,5.0,1.0,False,씨밀렉스,0,1.0,NULL,뚜껑식,폴리프로필렌(PP),반투명,NULL,바퀴없음,NULL
631,1005,434945,"[SC리빙클럽] 리빙박스 45리터 4개, 오렌지",23180,4365247,True,3,4.5,84.0,False,,0,5.0,NULL,뚜껑식,플라스틱,NULL,NULL,유,NULL
632,1009,434945,"다용도 팬트리 수납함 12종 세트, 그레이",19800,5375824787,False,50,,,False,,0,,NULL,NULL,NULL,NULL,NULL,NULL,NULL
633,1011,434945,"이불 보관함 옷 의류 이불정리함 수납함 리빙박스 좁은집수납 특 대형 스완패턴 인사이드리빙, 특대형, 2개",14500,1920707698,False,36,5.0,4.0,False,,0,4.0,NULL,지퍼식,NULL,불투명,접이식가능,바퀴없음,손잡이 포함
634,1012,434945,"마켓감성 옥스포드 큐트 이불가방, 오렌지, 1개",9400,92337330,True,0,4.0,21.0,False,,0,6.0,NULL,NULL,NULL,NULL,NULL,NULL,NULL
635,1013,434945,"락앤락 선반정리 수납함 18L, 2개, 아이보리",19800,1099001151,False,39,4.5,5.0,False,락앤락,0,4.0,NULL,NULL,NULL,NULL,NULL,NULL,NULL
636,1014,434945,"조은리빙 오버액션토끼 당근 리빙박스 66L, 네이비, 2개",22820,5124551578,True,0,4.5,14.0,False,조은리빙,0,14.0,66L,NULL,NULL,NULL,NULL,NULL,NULL
637,1015,434945,"오하임 사이다 컬러 수납박스 중형, 코랄핑크, 3개입",16900,21419573,True,29,4.5,155.0,False,오하임,0,14.0,15L,뚜껑식,폴리프로필렌(PP),NULL,NULL,바퀴없음,NULL
638,1017,434945,"가나PB유통 이사박스 3.5T, 블랙 7호",5500,64894800,False,0,4.5,3.0,False,,"3,500",1.0,NULL,NULL,NULL,NULL,NULL,무,NULL
639,1019,434945,"창신리빙 시스템 리빙박스 CD박스, 기타",5600,1380227280,False,0,5.0,4.0,False,창신리빙,0,4.0,NULL,NULL,NULL,NULL,NULL,NULL,NULL
640,1020,434945,"더자카 데일리컬러 다용도 정리수납함 L, Y307ZHSM007, 1개",9780,137024522,True,0,4.0,34.0,False,더자카,0,8.0,NULL,뚜껑식,NULL,불투명,NULL,바퀴없음,미포함
641,1021,434945,"가규 모던 라운드 리빙박스 M half 18칸, 화이트(본체) + 투명(뚜껑), 4개",25000,4543095116,True,0,,,False,,0,,NULL,NULL,NULL,NULL,NULL,NULL,NULL
642,1024,434945,"올맘 슬라이딩 리빙박스 대형 60L + 중형 50L, 블루, 1세트",22900,77417561,True,11,4.0,89.0,False,,0,19.0,NULL,슬라이딩,NULL,불투명,NULL,바퀴있음,NULL
643,1025,434945,다용도 수납박스 50L 플라스틱 리빙박스 대형리빙박스 대용량수납박스/손잡이수납함/리빙박스/수납박스/수납함/옷정리함/정리박스/슬라이딩박스/의류수납함/투명리빙박스,21440,215682557,False,9,5.0,3.0,False,,0,,NULL,뚜껑형,폴리프로필렌(PP),반투명,NULL,바퀴있음,NULL
644,1026,434945,"엔플라스틱 자이언트 리빙박스 120L 2P, 블루",48400,318849436,False,44,4.5,26.0,False,엔플라스틱,0,19.0,NULL,NULL,NULL,NULL,NULL,NULL,NULL
645,1027,434945,"홈앤하우스 메이븐 프리미엄 리빙박스 40L, 챠콜그레이, 4개",25960,4947763988,True,9,3.0,1.0,False,홈앤하우스,0,1.0,40L,NULL,NULL,NULL,NULL,NULL,NULL
646,1028,434945,"코스모 마이닝 땡땡이 리빙박스 66L, 브라운, 1개",6660,80256733,True,0,4.5,10.0,False,마이닝,0,4.0,66L,지퍼식,폴리에스터(PE),NULL,접이식가능,NULL,NULL
647,1029,434945,"대용량 캐릭터 리빙박스 120L, 베이지, 4개",49370,1977365800,True,8,4.5,6.0,False,,0,6.0,120L,NULL,NULL,NULL,NULL,NULL,NULL
648,1032,434945,"오픈형 접이식 리빙박스 53L, 옐로우, 1개",19900,4978062594,True,0,5.0,1.0,False,,0,1.0,53L,NULL,NULL,NULL,접이식가능,NULL,NULL
649,1033,434945,"조은리빙 미니도트 리빙박스 100L, 네이비, 2개",21000,19813257,False,0,4.5,694.0,False,조은리빙,0,19.0,100L,지퍼식,부직포,투명,접이식가능,NULL,NULL
650,1034,434945,S057 화영제관 은색 흰색 사각틴케이스,2100,235651567,False,0,5.0,8.0,False,,"3,500",6.0,NULL,NULL,NULL,NULL,NULL,NULL,NULL
651,1036,434945,"마이닝 66리터 리빙박스, 그레이, 6개",42170,4736231158,True,0,5.0,2.0,False,마이닝,0,2.0,66L,NULL,NULL,NULL,NULL,NULL,NULL
652,1042,434945,"부르트 2016 사각토트컨테이너 75리터, 그레이",63700,103767061,False,0,5.0,3.0,False,,0,3.0,NULL,NULL,NULL,NULL,NULL,NULL,NULL
653,1044,434945,"더플로우 접이식 미니 폴딩박스 소형, 옐로우, 5개",16900,2170344744,True,0,4.0,1.0,False,,0,1.0,NULL,NULL,NULL,NULL,접이식가능,NULL,NULL
654,1045,434945,"씨밀렉스 원터치로 열고 닫는 래폴드 터치 오픈 리빙박스, 그린 1개",25800,2012002913,False,0,5.0,4.0,False,씨밀렉스,0,4.0,NULL,NULL,NULL,NULL,NULL,NULL,NULL
655,1046,434945,"마이닝 대나무 숯 3칸 옷 이불정리함 63L, 그레이, 4개",25500,5064962759,True,0,,,False,마이닝,0,,63L,지퍼식,패브릭,NULL,NULL,NULL,손잡이 포함
656,1047,434945,"씨밀렉스 다용도 파스텔 수납함 대, 화이트, 4개",14530,1387013782,True,1,4.5,15.0,False,씨밀렉스,0,15.0,NULL,NULL,NULL,NULL,NULL,NULL,NULL
657,1048,434945,"해피툴 EL 리빙박스 소형, 쿨그레이, 2개",4060,83012534,True,0,5.0,78.0,False,해피툴,0,11.0,3L,뚜껑형,NULL,불투명,NULL,NULL,NULL
658,1050,434945,"오픈도어 인테리어 리빙박스 수납함, 다크그레이",21900,4610718316,False,26,,,False,위즈홈,0,,NULL,NULL,NULL,NULL,NULL,NULL,NULL
659,1051,434945,"보노하우스 아이엠 리빙박스 수납정리함 L 23.5L, 화이트, 3개",13200,2280523646,True,50,5.0,1.0,False,보노하우스,0,1.0,23.5L,NULL,NULL,NULL,NULL,NULL,NULL
660,1052,434945,"프랑코 정리함 1호 4L, 그레이, 1개",4900,5125965021,True,0,,,False,프랑코홈,0,,4L,NULL,NULL,NULL,NULL,NULL,NULL
661,1053,434945,"대용량 와이어 이불정리함105L+이불압축팩 3P, 01.이불정리함105L+이불압축팩3P(브라운",29900,228640718,False,0,4.5,9.0,False,벨라홈,0,4.0,NULL,NULL,NULL,NULL,NULL,NULL,NULL
662,1054,434945,"DIY 크라프트 수납 종이박스 24 x 30 cm, 1개",4260,4876640052,True,12,5.0,1.0,False,,0,1.0,NULL,NULL,NULL,NULL,NULL,NULL,NULL
663,1055,434945,"마켓플랜 펠리칸 리빙박스 특대형, 핑크, 3개",40900,5000564217,True,0,5.0,4.0,False,,0,4.0,NULL,NULL,NULL,NULL,NULL,NULL,NULL
664,1056,434945,"씨밀렉스 베이직케어 리빙박스 20L, 핑크, 4개",25230,1649681774,True,17,5.0,2.0,False,씨밀렉스,0,2.0,20L,NULL,NULL,NULL,NULL,NULL,NULL
665,1057,434945,"스토리지랩 접이식 수납 정리함 종이 리빙 박스 60L, 혼합색상, 1개",13960,1287491519,True,0,4.5,3.0,False,,0,2.0,60L,NULL,NULL,NULL,접이식가능,NULL,NULL
666,1061,434945,"플라팜 다용도 미니 리빙박스 3단 3호 + 칸막이 세트, 혼합색상, 1세트",38900,4916755692,True,0,5.0,3.0,False,플라팜,0,3.0,NULL,뚜껑식,폴리프로필렌(PP),NULL,NULL,바퀴없음,손잡이 포함
667,1062,434945,"기타 [세렌셉템버]리빙박스8종세트(아이보리4종+그레이4종), 없음",45800,1887276873,False,0,5.0,1.0,False,,0,1.0,NULL,NULL,NULL,NULL,NULL,NULL,NULL
668,1063,434945,"부직포정리함 언더베드 보관함 수납함 드레스백 이불정리 리빙, (1P)",2400,53352420,False,0,3.5,315.0,False,,"2,500",27.0,NULL,NULL,패브릭/부직포,NULL,NULL,무,NULL
669,1064,434945,"마이닝 프리미엄 리빙박스 단색큐브, 베이지, 1개",9290,343227,True,0,4.5,240.0,False,마이닝,0,2.0,NULL,지퍼식,폴리에스터(PE),NULL,NULL,바퀴없음,손잡이 포함
670,1065,434945,"프리메이드 슬라이딩 리빙박스 대형 1+1, 2개, 베이지",27900,280714744,False,0,5.0,6.0,False,프리메이드,0,2.0,NULL,NULL,NULL,반투명,접이식 불가능,바퀴없음,미포함
671,1067,434945,"블럭마트 린넨 사각 고급 바스켓/정리함 대, 크림, 1개",17340,13145426,True,0,5.0,9.0,False,,0,4.0,NULL,NULL,패브릭,NULL,NULL,NULL,손잡이 포함
672,1068,434945,"코멕스 네오박스 190 (19L) x 2개 리빙박스, 상세설명 참조, 없음",29900,1162473314,False,0,5.0,1.0,False,코멕스,0,1.0,19L,NULL,NULL,NULL,NULL,NULL,NULL
673,1069,434945,"보노하우스 팬트리 수납박스 L 1+1, 크림 L 2개",13900,4622312495,False,29,,,False,보노하우스,0,,NULL,NULL,NULL,NULL,NULL,NULL,NULL
674,1070,434945,"더준 침대밑 언더베드 수납장 옷정리함 폴딩박스 리빙박스, 블루",8600,1952474033,False,10,5.0,1.0,False,더준,"2,500",1.0,NULL,지퍼식,NULL,투명,접이식가능,NULL,손잡이 포함
675,1071,434945,이케아 SAMLA 삼라 수납함 투명 56x39x42 cm/65 l 501.809.42,15690,4709227561,False,0,5.0,1.0,False,이케아,0,1.0,65000ml,NULL,NULL,NULL,NULL,NULL,NULL
676,1072,434945,"더자카 데일리컬러 다용도 정리수납함 XL, 그레이, 3개",23150,137024532,True,0,4.5,56.0,False,더자카,0,33.0,NULL,NULL,NULL,NULL,NULL,NULL,NULL
677,1073,434945,"아이끌레 매직 폴딩박스 대형 56L, 2개입, 라이트베이지",22500,5143050218,False,35,4.5,21.0,False,,0,8.0,56L,NULL,NULL,NULL,접이식가능,NULL,NULL
678,1076,434945,"더자카 다용도 정리함, C, 2개입",6380,21223547,True,0,4.0,9.0,False,더자카,0,4.0,NULL,NULL,NULL,NULL,접이식가능,바퀴없음,NULL
679,1079,434945,"영그린 100L 대용량 옷정리 리빙박스, 그레이, 1개",12820,162709969,False,5,4.5,9.0,False,영그린,0,4.0,100L,지퍼식,패브릭,NULL,NULL,NULL,손잡이 포함 (주키형)
680,1080,434945,"가쯔 멀티블럭 리빙박스 72L, 그레이, 4개",27900,2171814133,True,0,4.5,2.0,True,가쯔,,2.0,NULL,NULL,NULL,NULL,NULL,NULL,손잡이 포함
