,rank,category,name,price,product_id,isRocket,discount_percentage,rating,rating_total_count,is_out_of_stock,brand_name,shopping_fee,reviews_for_last1year,색상,재질,접이,바퀴,사용인원
0,1,184780,"지퍼니처 사각 플라스틱 간이의자, 그레이, 1p",2590,4238882,False,0,4.5,1719.0,False,지퍼니처,"2,500",492.0,그레이,플라스틱,NULL,바퀴없음,NULL
1,2,184780,"까사마루 자작나무 우든 롤 테이블 대형, 오크",66360,4758531543,True,13,4.0,69.0,False,까사마루,0,69.0,NULL,NULL,NULL,NULL,NULL
2,3,184780,"지오리빙 플라스틱 라탄 의자, 사각(브라운)",4590,236997139,False,0,4.5,428.0,False,,0,302.0,브라운,NULL,비접이식,NULL,NULL
3,4,184780,"상도가구 아웃인 접이식 브로몰딩 야외 테이블 1500, 우드브라운",47770,68522331,True,28,4.5,173.0,False,상도가구,0,100.0,NULL,NULL,접이식가능,NULL,NULL
4,5,184780,"투에이산업 수정 사각의자, 블루",7260,77719712,True,0,4.5,621.0,False,,0,213.0,블루,NULL,비접이식,NULL,NULL
5,6,184780,"투에이산업 수정 회전의자, 레드",7700,77719726,True,0,4.5,244.0,False,,0,89.0,레드,NULL,비접이식,NULL,NULL
6,7,184780,"피크닉 폴딩 테이블, 베이지",15000,2079892397,True,16,4.5,13.0,False,,0,13.0,NULL,NULL,접이식가능,NULL,NULL
7,8,184780,"엉클트리 야외 테이블 야외용 탁자 세트 정원 마당 파라솔 별매, 일체형 야외테이블 4인용 무도색",130000,1872510719,False,0,4.0,54.0,False,,착불배송,54.0,NULL,NULL,NULL,NULL,NULL
8,9,184780,"오에이데스크 프리미엄 브로몰딩 테이블 1800 접이식, 브라운",56000,51410409,True,40,4.5,287.0,False,,0,119.0,브라운,플라스틱,NULL,NULL,NULL
9,10,184780,"지퍼니처 접이식 플라스틱 테이블, 사각(그레이)",26900,18613163,False,0,4.5,239.0,False,지퍼니처,0,88.0,그레이,플라스틱+철제,접이식가능,NULL,4인용
10,11,184780,"지오리빙 접이식 플라스틱 테이블, 레드(원형)",26900,323920242,False,0,4.5,96.0,False,,0,87.0,NULL,NULL,NULL,NULL,NULL
11,12,184780,"오에이데스크 브로몰딩 테이블 1520 접이식, 화이트",47950,51410379,True,35,4.0,324.0,False,,0,189.0,화이트,플라스틱,,NULL,NULL
12,13,184780,"오에이데스크 브로몰딩 테이블 760, 화이트",20320,51410392,True,40,4.0,179.0,False,,0,105.0,화이트,플라스틱,NULL,NULL,NULL
13,14,184780,"까사마루 자작나무 우든 롤 테이블 중형, 오크",57960,4758528991,True,15,4.0,38.0,False,까사마루,0,38.0,NULL,NULL,NULL,NULL,NULL
14,15,184780,"대창하이택 팔걸이 라탄 플라스틱의자 야외의자, B형 라탄 팔걸이(그레이)",12900,102340014,False,0,4.5,240.0,False,,0,89.0,그레이,플라스틱,NULL,NULL,NULL
15,16,184780,트렌디하우스 브로몰딩 직사각테이블 1200mm,38900,1614881,False,5,4.5,300.0,False,,0,120.0,화이트,플라스틱,NULL,NULL,4인용
16,17,184780,"지오리빙 포장마차 테이블 의자 세트, 사각+사각",45900,344987960,False,0,4.5,141.0,False,,0,106.0,NULL,NULL,NULL,NULL,NULL
17,18,184780,"월드컵 사각의자 3p, 블루",29900,274994212,False,0,4.5,93.0,False,,0,72.0,블루,NULL,비접이식,NULL,NULL
18,20,184780,"상도가구 아웃인 접이식 브로몰딩 야외 테이블 1200, 다크그레이",36860,68522327,False,19,4.0,192.0,False,상도가구,0,141.0,NULL,NULL,접이식가능,NULL,NULL
19,21,184780,"위드퍼니처 아르망 1800 브로몰딩 접이식 테이블, 브라운",128000,1786905352,False,0,5.0,100.0,False,위드퍼니처,0,99.0,NULL,NULL,접이식가능,NULL,NULL
20,22,184780,"브로몰딩테이블 접이식 야외용테이블 1200 야외테이블, 접이식 1200",37500,182942314,False,1,4.5,63.0,False,,0,49.0,화이트,플라스틱,접이식가능,NULL,NULL
21,23,184780,"오에이데스크 브로몰딩 접이식 의자, 화이트",22540,51410368,True,35,4.5,270.0,False,,0,123.0,화이트,플라스틱,접이식가능,NULL,NULL
22,24,184780,"지오리빙 접이식 플라스틱 테이블, 다크그레이(사각)",26900,307678490,False,0,4.5,49.0,False,,0,44.0,NULL,NULL,NULL,NULL,NULL
23,25,184780,"트렌디하우스 브로몰딩 직사각 접이식 테이블 122CZ, 1개",99700,1614880,False,0,4.0,101.0,False,,0,11.0,화이트,플라스틱,접이식가능,NULL,NULL
24,27,184780,"- 삼선팔걸이의자 편의점의자 프라스틱의자 야외의자, 빨강",12900,2786032,False,0,4.5,17.0,False,,착불배송,4.0,레드,플라스틱,NULL,바퀴없음,NULL
25,29,184780,"국산 라탄 사각 회전 의자, 라탄사각의자",4600,174114293,False,0,4.5,124.0,False,,0,54.0,브라운,플라스틱,NULL,바퀴없음,NULL
26,30,184780,"팬물산 프레스 오각의자 3p, 블루",15750,4604529434,True,23,5.0,10.0,False,팬물산,0,10.0,블루,NULL,비접이식,NULL,NULL
27,32,184780,"투에이산업 원형 회전의자 레드 2p + 블루 2p, 혼합 색상",23400,148185742,True,0,4.5,102.0,False,,0,35.0,NULL,NULL,비접이식,NULL,NULL
28,33,184780,"위드퍼니처 유로 39번 라탄의자, 월넛, 1개",22900,2416988,False,28,4.0,81.0,False,위드퍼니처,착불배송,38.0,브라운,라탄,NULL,바퀴없음,NULL
29,34,184780,"투에이산업 원형 회전의자 3p, 레드",17500,148185721,True,0,4.5,99.0,False,,0,40.0,NULL,NULL,비접이식,NULL,NULL
30,35,184780,"프리미엄 브로몰딩 접이식 테이블 1800 OT131, 우드무늬",46980,1291567843,True,9,4.5,90.0,False,조아캠프,0,79.0,NULL,NULL,접이식가능,NULL,NULL
31,36,184780,"이리빙몰 사각플라스틱 간이의자, 03_보조의자(블루)",2700,115794270,False,0,4.5,75.0,False,,"5,000",31.0,블루,플라스틱,NULL,NULL,NULL
32,38,184780,"이리빙몰 B형 팔걸이의자 테이블세트야외테이블세트, 원형 B형그레이 셋트",80000,116386628,False,0,4.5,85.0,False,,0,40.0,NULL,NULL,NULL,NULL,NULL
33,40,184780,"몽돌 브로몰딩 테이블 1220 일자형, 화이트",32100,51410372,True,39,4.5,273.0,False,몽돌,0,143.0,화이트,플라스틱,NULL,NULL,NULL
34,42,184780,"우생 브로몰딩 1800 접이식 테이블 캠핑 펜션 야외 팬션 학교 교회 회의실 강당 프리마켓 테이블 행사매대, 접이식 1800",58800,242452995,False,8,4.5,26.0,False,,0,23.0,화이트,플라스틱,접이식가능,NULL,NULL
35,43,184780,"다드림 원목 미니 접이식테이블 야외 캠핑 휴대용 책상 화분받침대 디퓨저 캔들 받침, 접이식테이블-원형",10900,1675714236,False,26,4.5,26.0,False,다드림,0,26.0,NULL,NULL,접이식가능,NULL,NULL
36,44,184780,"지오리빙 포장마차 테이블 의자 세트, 원형+회전(레드)",47900,5313173653,False,0,5.0,5.0,False,,0,5.0,NULL,NULL,NULL,NULL,NULL
37,45,184780,"오에이데스크 프리미엄 브로몰딩 테이블 원형 800, 브라운",36500,51410412,True,51,5.0,74.0,False,,0,36.0,브라운,플라스틱,NULL,NULL,NULL
38,46,184780,"오에이데스크 브로몰딩 테이블 원형 600, 화이트",18900,51410401,True,38,4.0,80.0,False,,0,30.0,화이트,플라스틱,NULL,NULL,NULL
39,47,184780,"올리브가구 일체형 야외원목테이블 카페테이블 야외평상 바베큐그릴 파라솔 별도 야외테이블세트, 03_일체형 월넛도색 4인용",239000,1076738385,False,0,4.5,62.0,False,,착불배송,62.0,월넛,원목,NULL,NULL,8인용
40,48,184780,"이마켓 플라스틱 폴딩 테이블, 원형 블루",27000,102344520,False,0,4.0,203.0,False,,0,56.0,NULL,플라스틱 철제,접이식가능,NULL,NULL
41,50,184780,"지오리빙 플라스틱 테이블 의자 세트, 사각+등받이(레드)",76900,317389656,False,0,4.5,98.0,False,,0,75.0,NULL,NULL,NULL,NULL,NULL
42,51,184780,"오에이데스크 브로몰딩 테이블 원형 800, 화이트",31390,51410403,True,42,4.5,56.0,False,,0,30.0,화이트,플라스틱,NULL,NULL,NULL
43,53,184780,"오에이데스크 프리미엄 브로몰딩 접이식 의자, 브라운",26880,51410405,True,37,4.5,222.0,False,,0,92.0,브라운,플라스틱,접이식가능,NULL,NULL
44,54,184780,"지오리빙 팔걸이 플라스틱의자, 팔걸이의자(블랙)",12500,1667158311,False,0,4.5,19.0,False,,0,19.0,블랙,NULL,비접이식,NULL,NULL
45,55,184780,"라탄 의자 2p, 커피",52000,1186537310,False,23,4.5,52.0,False,,0,47.0,브라운,NULL,비접이식,NULL,NULL
46,57,184780,"[쿠팡 직수입] 라이프타임 반접이식 경량 테이블, 화이트",84100,2280349,True,21,4.5,191.0,False,라이프타임,0,33.0,화이트,고밀도 폴리에틸렌,NULL,NULL,NULL
47,58,184780,"fs h야외테이블편의점테이블접이식탁자보조탁자, 사각-파랑",23000,2822220,False,0,4.0,137.0,False,,착불배송,36.0,블루,플라스틱,NULL,NULL,NULL
48,59,184780,"상도가구 브로몰딩 접이식 테이블 1200, 화이트",39900,5335467,False,20,4.5,658.0,False,상도가구,0,25.0,화이트,플라스틱,NULL,NULL,NULL
49,61,184780,"트렌디하우스 브로몰딩 접이식 테이블 1200 1500 1800 접이식의자 야외테이블, (122CZ) 접이식테이블 1200mm",38900,218767866,False,0,4.5,12.0,False,,0,9.0,NULL,PP,,NULL,NULL
50,64,184780,트랜디하우스 브로몰딩 직사각 접이식 테이블 1800mm,50030,28764537,True,16,4.0,94.0,False,,0,57.0,NULL,NULL,접이식가능,NULL,NULL
51,65,184780,"오에이데스크 프리미엄 브로몰딩 접이식 벤치, 브라운",37320,51410415,True,44,5.0,89.0,False,,0,43.0,브라운,철제,NULL,NULL,NULL
52,67,184780,"유로39번 라탄 야외의자(4개), 유로39번 라탄 야외의자(2+2)-월넛",98900,68147015,False,28,4.5,20.0,False,위드퍼니처,0,13.0,NULL,라탄,불가능,바퀴없음,NULL
53,68,184780,"지오리빙 원형 플라스틱 라탄 의자, 블랙",4490,4867367501,False,0,4.5,6.0,False,,0,6.0,NULL,NULL,NULL,NULL,NULL
54,69,184780,"지퍼니처 플라스틱 야외의자, 등받이의자(그레이)",8900,23755350,False,0,4.0,76.0,False,지퍼니처,착불배송,1.0,그레이,플라스틱,NULL,NULL,NULL
55,70,184780,"지오리빙 접이식 플라스틱 테이블, 브라운(사각)",26900,237026290,False,0,4.5,36.0,False,,0,32.0,NULL,NULL,NULL,NULL,NULL
56,71,184780,아르망 1800 브로몰딩 테이블 아르세의자 6개 세트,229000,284926813,False,28,4.5,42.0,False,위드퍼니처,0,24.0,NULL,NULL,NULL,NULL,NULL
57,72,184780,"무중력의자 3변형 썬베드체어, S_META3블랙",34900,205846997,False,22,4.5,16.0,False,무중력의자,0,9.0,NULL,NULL,NULL,NULL,NULL
58,73,184780,"베리구즈 무지 박스테이블 1p + 비닐백, 브라운",3870,115123899,True,3,4.5,37.0,False,,0,14.0,NULL,NULL,NULL,NULL,NULL
59,74,184780,"오에이데스크 브로몰딩 원형 접이식 테이블, 화이트",46080,51603559,True,45,4.0,77.0,False,,0,39.0,화이트,플라스틱,,NULL,NULL
60,75,184780,"[이베스타]대중소 야외평상/원목/틈새없는마루/5*7기준, 3x6자 900mm무도색",120000,177877596,False,0,4.0,48.0,False,,착불배송,26.0,NULL,NULL,NULL,NULL,NULL
61,76,184780,"야다 간이 보조 플라스틱의자(안락의자-색상랜덤), 안락의자(색상랜덤)",5800,80252272,False,0,4.5,53.0,False,야다,"2,600",15.0,NULL,NULL,비접이식,NULL,NULL
62,77,184780,"오에이데스크 브로몰딩 테이블 860, 화이트",37760,51410397,True,36,4.0,74.0,False,,0,28.0,화이트,플라스틱,NULL,NULL,NULL
63,79,184780,"몬스터캠핑 우드롤 접이식테이블 S /M /L size, S사이즈_아카시아(FD)",39900,4853916601,False,43,4.5,32.0,False,상도가구,0,32.0,NULL,NULL,접이식가능,NULL,NULL
64,81,184780,"오에이데스크 브로몰딩 테이블 원형 1200, 화이트",48050,51410398,True,47,4.0,41.0,False,,0,20.0,화이트,플라스틱,NULL,NULL,NULL
65,82,184780,"대신프라스틱 블럭깔판 플라스틱깔판 조립식깔판 파렛트 바닥재 국산원료, 2.플라스틱 깔판(녹색)1800x600x50",16500,1903182733,False,0,4.5,8.0,False,,착불배송,8.0,그린,플라스틱,NULL,NULL,NULL
66,83,184780,"[쿠팡 직수입] 라이프타임 반접이식 기본 테이블, 화이트",79200,3507229,True,0,4.5,163.0,False,라이프타임,0,26.0,화이트,고밀도 폴리에틸렌,NULL,NULL,NULL
67,84,184780,"위드퍼니처 아르망 3단 브로몰딩 접이식 테이블 1200, 브라운",98800,1937375759,False,0,4.5,21.0,False,위드퍼니처,0,20.0,NULL,NULL,접이식가능,NULL,NULL
68,85,184780,아르망 1800 브로몰딩 접이식 테이블+벤치2개 세트,152900,284905375,False,30,4.5,38.0,False,위드퍼니처,0,33.0,브라운,NULL,접이식가능,NULL,6인용
69,86,184780,[코스트코] 라이프타임 버티컬 조립식 창고,298500,68156621,False,0,3.5,15.0,False,,"50,000",7.0,그레이,"HDPE, 파우더코팅 스틸 외",NULL,NULL,NULL
70,87,184780,"착한테이블 전문목수 일체형 야외용 탁자 세트 야외평상 파라솔 야외테이블, 4인일체형 최고급원목테이블 무도색",159000,4583858608,False,0,4.5,95.0,False,,착불배송,53.0,무도색,원목,NULL,NULL,NULL
71,88,184780,"공간웰리빙 팔걸이 비치 플라스틱의자 보조 간이 야외, 팔걸이A형 블루",10980,172086805,False,0,4.5,47.0,False,,"10,000",28.0,블루,NULL,비접이식,NULL,NULL
72,89,184780,"V/Y_:플라스틱 웰빙의자 행사용 편의점 파라솔 식당 음식점의자 : FL466A90+ATC, (F/L) 파랑",31730,47059911,False,0,4.5,258.0,False,,"2,500",72.0,블루,NULL,비접이식,NULL,NULL
73,90,184780,"에스파스 플라스틱 회전 간이의자 4p, 레드",28900,1744822156,True,0,5.0,7.0,False,,0,7.0,레드,NULL,비접이식,NULL,NULL
74,91,184780,"순수국산 플라스틱 보조의자 4개/야외용 간이의자 편의점 파라솔의자 사각 투톤원형, 원형 아이보리-옐로우 4개",24000,2250435610,False,0,4.5,11.0,False,,0,11.0,화이트,NULL,비접이식,NULL,NULL
75,92,184780,"[자연쉼터] (도색가격) 방부목 조립식 마루 평상 야외 원목 나무 침대 도색제품, 투명색 방부목 3자",131000,1287218374,False,0,4.5,70.0,False,,착불배송,56.0,투명,원목,NULL,NULL,NULL
76,93,184780,"오에이데스크 브로몰딩 테이블 1830 접이식, 화이트",52280,51410390,True,37,4.0,115.0,False,,0,46.0,화이트,플라스틱,,NULL,NULL
77,94,184780,"위드퍼니처 아르세 브로몰딩 접이식 의자, 브라운",31000,1786905253,True,0,4.0,12.0,False,위드퍼니처,0,12.0,NULL,NULL,접이식가능,NULL,NULL
78,95,184780,"공간웰리빙 팔걸이 비치 플라스틱의자 보조 간이 야외, 팔걸이A형 그레이",10980,1601932551,False,0,4.5,15.0,False,,"10,000",15.0,그레이,NULL,비접이식,NULL,NULL
79,96,184780,"미니멀리즘 카페 티 등나무 라탄 테이블 선반 협탁 사이드 거실 의자 체어 2인세트 전원주택 정원 야외 테라스 꾸미기 부부 인테리어 커피, 의자 2 개와 테이블 1 개",77070,2108225997,False,42,4.0,9.0,False,,0,9.0,NULL,NULL,NULL,NULL,NULL
80,97,184780,"트렌디하우스 브로몰딩 정사각 접이식 테이블, 1개",54900,1614886,False,0,4.0,35.0,False,,0,6.0,화이트,플라스틱,접이식가능,NULL,4인용
81,98,184780,"동일 사각탁자 사각테이블 간이테이블 탁자 파라솔테이블 접이식테이블, 빨강색",30500,47242494,False,0,4.0,122.0,False,,0,36.0,NULL,NULL,NULL,NULL,NULL
82,99,184780,"지퍼니처 캡틴 플라스틱의자, 04_화이트, 1p",6900,4703447,False,0,5.0,137.0,False,지퍼니처,"2,500",30.0,화이트,플라스틱,비접이식,바퀴없음,NULL
83,102,184780,"국산 플라스틱 의자, A.대왕사각의자[1호/그린]",1900,70139779,False,0,4.0,29.0,False,,"2,500",11.0,그린,플라스틱,NULL,바퀴없음,NULL
84,104,184780,"지오리빙 포장마차 테이블 의자 세트, 원형+사각(옐로우)",45900,1504001145,False,0,4.0,16.0,False,,0,15.0,NULL,NULL,NULL,NULL,NULL
85,106,184780,"유로 40번 야외 라탄 의자 카페 정원 테라스, 네추럴",27900,2176242867,False,28,4.5,3.0,False,위드퍼니처,0,3.0,베이지,NULL,비접이식,NULL,NULL
86,108,184780,"하늘창가구 두줄알미늄의자 4개묶음 야외용 테라스의자 정원의자 4p 펜션 리조트, 두줄알미늄의자(4개세트)",141200,1638328000,False,2,4.0,1.0,False,하늘창가구,0,1.0,실버,알루미늄,NULL,바퀴없음,NULL
87,109,184780,"하늘창 뉴사자벤치 야외벤치 정원 가든 2인용 목재 공원벤치 원목 카페 테라스, 뉴사자벤치-내츄럴",112200,132768637,False,13,4.0,12.0,False,하늘창가구,0,9.0,브라운,원목,NULL,NULL,NULL
88,110,184780,"유로 아이 800 39번 4인 야외 테이블 세트, 테이블1ea+의자4ea",155800,336874280,False,28,5.0,12.0,False,위드퍼니처,0,12.0,NULL,NULL,NULL,NULL,NULL
89,111,184780,"브릭스 4인 야외 라탄 테이블 소파 세트 소비자조립, 브라운",294900,1255434376,False,34,5.0,19.0,False,위드퍼니처,0,16.0,NULL,NULL,NULL,NULL,NULL
90,113,184780,"로얄 사각의자(대), 대승 로얄 사각의자(대) _그레이(8044)",4100,4537156235,False,0,5.0,5.0,False,,"3,000",5.0,NULL,NULL,NULL,NULL,NULL
91,115,184780,"상도가구 아웃인 접이식 브로몰딩 야외 테이블 1800, 다크 그레이(FD)",58900,1708166787,False,17,4.5,51.0,False,상도가구,0,40.0,NULL,NULL,접이식가능,NULL,NULL
92,116,184780,아르망 1800 접이식 테이블+벤치+아르세의자 3개 세트,189000,284908948,False,28,4.5,35.0,False,위드퍼니처,0,28.0,브라운,NULL,접이식가능,NULL,6인용
93,117,184780,"위드퍼니처 아르망 브로몰딩 접이식 벤치 1800, 브라운",76800,1776912008,False,0,5.0,16.0,False,위드퍼니처,0,16.0,NULL,NULL,NULL,NULL,NULL
94,118,184780,브로몰딩 1500 접이식테이블 야외 캠핑 행사용 피크닉 다용도,56900,137159782,False,16,4.5,3.0,False,상도가구,0,1.0,화이트,플라스틱,NULL,NULL,NULL
95,119,184780,"위드퍼니처 아르망 브로몰딩 접이식 의자, 브라운",26000,1816535147,True,10,4.5,19.0,False,위드퍼니처,0,19.0,NULL,NULL,접이식가능,NULL,NULL
96,120,184780,"제이제이플라스틱 포장마차 테이블세트, 적색",47900,1740926022,False,0,4.5,13.0,False,,0,13.0,레드,플라스틱,NULL,NULL,4인용
97,121,184780,"지오리빙 팔걸이 플라스틱의자, 팔걸이의자(그레이)",12500,319683974,False,0,4.5,13.0,False,,0,12.0,그레이,NULL,비접이식,NULL,NULL
98,122,184780,"코엠건설산업 렉산골판 690*1800 C-63 지붕재 폴리카보네이트 PC, 690*1800 그린",11500,115136198,False,0,4.0,13.0,False,,착불배송,8.0,NULL,NULL,NULL,NULL,NULL
99,123,184780,"팬물산 프레스 사각의자 3p, 블루",32900,4393354822,False,0,4.5,3.0,False,,0,3.0,블루,NULL,비접이식,NULL,NULL
100,124,184780,"도리퍼니처 뉴 브로몰딩 1500 접이식 테이블, 화이트",52500,5278143345,False,0,,,False,도리퍼니처,0,,NULL,NULL,접이식가능,NULL,NULL
101,125,184780,"오에이데스크 프리미엄 브로몰딩 파라솔테이블 1720 일자형[OT127], [OT127]",79900,5057657746,False,0,,,False,,0,,NULL,NULL,NULL,NULL,NULL
102,126,184780,"플라스틱 팔걸이 의자 4ea 세트, 블루*4개",43900,4946451207,False,20,5.0,4.0,False,,0,4.0,NULL,NULL,NULL,NULL,NULL
103,127,184780,"브로몰딩 파라솔 테이블 원형 940 OT126, 화이트",54810,5264567121,True,8,,,False,,0,,NULL,NULL,접이식가능,NULL,NULL
104,128,184780,"뉴코드체어 야외라탄의자 고정형 휴양지느낌 인조라탄 야외용의자 테라스 카페 인테리어, 쿠션미포함, 화이트",62200,4891394371,False,19,5.0,1.0,False,,0,1.0,NULL,NULL,NULL,NULL,NULL
105,129,184780,"이안에다있다 국산 플라스틱 사각 의자 야외용 간이 보조, 블루",4500,89695338,False,0,4.5,10.0,False,,"3,000",1.0,블루,NULL,비접이식,NULL,NULL
106,131,184780,"사계절공간연출 투톤원형보조플라스틱의자, 블루",4900,5289702,False,0,4.5,274.0,False,,착불배송,34.0,블루,플라스틱,NULL,바퀴없음,NULL
107,132,184780,"까사마루 알루미늄 폴딩 플랫체어, 아이보리",38900,5233682564,True,8,5.0,1.0,False,까사마루,0,1.0,NULL,알루미늄,접이식가능,바퀴없음,NULL
108,134,184780,"로티홈시스 접이식 브로몰딩 테이블, 브로몰딩테이블우드무늬1800",56900,114995620,False,0,4.5,49.0,False,로티홈시스,0,21.0,NULL,NULL,NULL,NULL,NULL
109,135,184780,케터 파티오 벤치 야외보관함 227L,159000,1515337638,False,0,4.0,16.0,False,케터,"16,000",15.0,브라운,플라스틱,NULL,NULL,NULL
110,137,184780,"위드퍼니처 아르망 1020 브로몰딩 접이식 벤치 야외의자, 브라운",32000,2011141408,True,2,5.0,2.0,False,위드퍼니처,0,2.0,NULL,NULL,접이식가능,바퀴없음,NULL
111,138,184780,"지퍼니처 캡틴의자 테이블세트 야외테이블세트, 원형set 옐로우",59900,109010292,False,28,4.5,39.0,False,지퍼니처,0,23.0,옐로우,플라스틱,테이블접이식가능,NULL,4인용
112,139,184780,"에스디엘 야외 벤치의자 공원벤치 야외테이블 야외벤치, 02. 평벤치/120",89000,1871666325,False,0,4.0,8.0,False,,0,8.0,NULL,NULL,NULL,NULL,NULL
113,141,184780,"엉클트리 분리형 야외 테이블 원목 야외용 탁자 세트 정원 마당 파라솔 별매, (등평)4인용 한쪽 등받이(무도색)",196000,1883931382,False,0,5.0,11.0,False,,착불배송,11.0,NULL,NULL,NULL,NULL,NULL
114,142,184780,"접이식 휴대용 캠핑 테이블 간이 보조 식탁 야외 용품 초경량 바베큐 폴딩 좌식 레져 피크닉 등산 낚시 이동식 차박 세트 베란다 일체형 높이조절 RC-30125 실버, 실버 알루미늄 일체형 캠핑테이블",54500,1516440837,False,20,4.0,9.0,False,캠프엠,0,7.0,NULL,NULL,NULL,NULL,NULL
115,143,184780,"공간웰리빙 플라스틱의자 간이 보조 야외 접이, B형 블루",2600,172081179,False,0,4.0,42.0,False,,"5,000",10.0,NULL,NULL,비접이식,NULL,NULL
116,147,184780,"상도가구 아웃인 접이식 브로몰딩 야외 테이블 1500, 다크 그레이(FD)",53960,5057072017,False,5,4.5,31.0,False,상도가구,0,27.0,NULL,NULL,접이식가능,NULL,NULL
117,148,184780,"지오리빙 포장마차 테이블 의자 세트, 사각+사각(블랙)",45900,1638033490,False,0,4.0,19.0,False,,0,19.0,NULL,NULL,NULL,NULL,NULL
118,149,184780,"[sk플라스틱] 플라스틱 파렛트, 01수출용1100x1100x120검정 6.5k",13000,204370479,False,0,4.0,29.0,False,,착불배송,19.0,NULL,NULL,NULL,NULL,NULL
119,151,184780,"지오리빙 플라스틱 테이블 의자 세트 야외테이블세트, 원형+등받이의자(옐로우)",76900,1653021100,False,0,4.5,7.0,False,,0,7.0,NULL,NULL,NULL,NULL,NULL
120,152,184780,"비스트로 테이블 의자 세트 야외 간이 2인 테이블세트, 초코",93900,221422704,False,28,4.0,11.0,False,위드퍼니처,0,5.0,NULL,NULL,NULL,NULL,NULL
121,153,184780,"피카소가구 썬베드 비치의자 야외선베드 수영장의자 야외의자 야외침대 루프탑베드, 썬베드-화이트",89000,110582348,False,10,3.0,11.0,False,,0,10.0,화이트,플라스틱,NULL,NULL,NULL
122,155,184780,"플레르가구 접이식 야외용 테라스 베란다 카페 라탄 테이블 의자 세트, 테이블+의자2 (6월초 입고예정)",99000,1658131102,False,34,5.0,1.0,False,플레르가구,"12,000",1.0,브라운,PP,접이식가능,NULL,2인용
123,156,184780,"뉴코드스윙체어 아카폴코 흔들의자 실내 라탄의자 안락의자 라탄흔들의자 야외의자, 뉴 코드스윙체어-블랙",82600,239704670,False,15,4.5,9.0,False,하늘창가구,0,7.0,NULL,NULL,비접이식,NULL,NULL
124,157,184780,"지퍼니처 등받이의자 테이블세트 그레이 야외테이블세트, 사각ser(그레이)",78900,108988125,False,16,5.0,14.0,False,지퍼니처,0,4.0,그레이,플라스틱,테이블접이식가능,NULL,4인용
125,158,184780,"[수입품] 럭셔리 야외용 흔들 그네 의자테라스 정원 펜션, 01. 럭셔리 그리드 스윙 그네",360000,2146395780,False,0,5.0,1.0,False,,"30,000",1.0,NULL,NULL,NULL,NULL,NULL
126,159,184780,"착한테이블 편리한 분리형 원목 야외용 탁자 정원 마당 파라솔 별매 야외 테이블 한쪽등받이 세트, 4인 한쪽 도토리색",271000,1370802803,False,0,5.0,12.0,False,,착불배송,12.0,월넛,원목,NULL,NULL,4인용
127,160,184780,"엉클트리 야외 테이블 야외용 탁자 세트 정원 마당 파라솔 별매 캠핑 테라스, (단품)4인 다용도 야외테이블 무도색(도색없음)",102000,1899723440,False,0,5.0,5.0,False,,착불배송,5.0,NULL,NULL,NULL,NULL,NULL
128,165,184780,"라탄회전의자, 신한라탄회전의자 브라운",6800,4537046351,False,0,5.0,5.0,False,,"3,000",5.0,NULL,NULL,NULL,NULL,NULL
129,167,184780,"오에이데스크 브로몰딩 접이식 벤치 OT188, 화이트",54620,51410362,False,5,4.5,60.0,False,,0,23.0,화이트,플라스틱,NULL,NULL,NULL
130,168,184780,아르망 1200 3단 브로몰딩 테이블 아르망의자 4개세트,160900,284893026,False,32,4.5,24.0,False,위드퍼니처,0,22.0,NULL,NULL,NULL,NULL,NULL
131,169,184780,"Woosaeng 4-8인용 접이식 고정식 야외 간이 작업용 캠핑 테이블, 접이식1200",37500,261463690,False,1,4.0,6.0,False,,0,1.0,NULL,NULL,접이식가능,NULL,NULL
132,170,184780,"코엠건설산업 렉산골판 스모그 1070*1800 반투명 지붕재 PC 폴리카보네이트, 1100*1800 브라운",20000,115140063,False,2,4.5,14.0,False,,착불배송,7.0,NULL,NULL,NULL,NULL,NULL
133,171,184780,"도리퍼니처 하랑 플라스틱 보조 스툴, 블루",7750,4550387707,True,0,5.0,1.0,False,도리퍼니처,0,1.0,NULL,NULL,NULL,NULL,NULL
134,173,184780,[모던하우스] WOW 리틀 정글 파라솔 의자세트,15470,5498531234,False,9,,,False,모던하우스,0,,NULL,NULL,NULL,NULL,NULL
135,174,184780,"착한테이블 대량납품전문 전문목수운영하는 야외가구공장 야외 철제 원목 벤치 의자, 힐링 등받이벤치-도토리색",137000,178683275,False,0,4.5,11.0,False,,착불배송,9.0,NULL,NULL,NULL,NULL,NULL
136,175,184780,"위드퍼니처 유로 강화 접이식 사각 유리 야외테이블 70cm, 초코",50900,5226504393,True,0,5.0,1.0,False,,0,1.0,NULL,NULL,접이식가능,NULL,NULL
137,176,184780,"- 등받이의자 편의점의자 식당의자 비치파라솔의자 야외의자, 빨강",11900,2786050,False,0,4.5,27.0,False,,착불배송,2.0,레드,플라스틱,NULL,바퀴없음,NULL
138,177,184780,"지오리빙 플라스틱 테이블 의자 세트, 사각+회전(그레이)",58900,249030438,False,0,4.5,11.0,False,,0,6.0,NULL,NULL,NULL,NULL,NULL
139,179,184780,"도리퍼니처 뉴 브로몰딩 1800 접이식 테이블, 혼합색상",51480,4656303081,True,5,1.0,2.0,False,도리퍼니처,0,2.0,NULL,NULL,접이식가능,NULL,NULL
140,180,184780,"빌리지인테리어 야외 테이블 테라스 파라솔 티테이블세트 등나무 의자 야외 팬션 가구, 옵션13",433600,5219044965,False,0,,,False,,"50,000",,NULL,NULL,NULL,NULL,NULL
141,182,184780,"올리브가구 분리형 야외원목테이블 카페테이블 야외평상 바베큐그릴 파라솔 야외테이블세트, 분리형 월넛도색 4인용",269000,1111424780,False,0,4.5,18.0,False,,착불배송,18.0,NULL,NULL,NULL,NULL,NULL
142,183,184780,"접이식테이블2 브로몰딩, 없음",23940,246040235,False,20,4.5,15.0,False,상도가구,0,13.0,NULL,NULL,접이식가능,NULL,NULL
143,184,184780,"비앤비 몸과 마음 모두 릴렉스~! 야외용 흔들 그네의자, 02_그네의자QA1074",239000,60991326,False,0,5.0,7.0,False,비앤비,0,4.0,NULL,NULL,비접이식,NULL,NULL
144,186,184780,"하늘창가구 사각망80 120세트 야외용가구 카페테라스 철제 블랙색상 야외테이블세트 펜션, 사각망80 4인세트-파라솔270-그린+베이스",383500,1556591407,False,7,4.5,3.0,False,하늘창가구,0,3.0,NULL,NULL,NULL,NULL,NULL
145,187,184780,"나인티원 흔들 그네 원목 나무 의자 정원 마당 펜션 야외용, 2~3인용 흔들그네의자",574000,1582810464,False,0,5.0,2.0,False,,0,2.0,NULL,NULL,NULL,NULL,NULL
146,188,184780,"제이에스리빙 간이 보조 캠핑 접이식 이동식 의자 차박 베란다 캠핑 테이블 폴딩 낚시 야외 등산 계곡 레저 바베큐 야외 실내 35x30x34, 그레이(단품)",4000,316002787,False,9,4.5,4.0,False,,0,,NULL,NULL,NULL,NULL,NULL
147,189,184780,"모던하우스구로점 오풀로 카페테이블 세트, 사진참조",59900,1316256737,False,39,5.0,5.0,False,,0,5.0,NULL,NULL,NULL,NULL,NULL
148,190,184780,"[쿠팡 직수입] 라이프타임 접이식 기본 테이블, 화이트",93890,2280347,True,0,4.5,154.0,False,라이프타임,0,24.0,화이트,플라스틱,NULL,NULL,NULL
149,193,184780,"무중력의자 컵홀더, 컵선반",6900,1371043384,False,12,4.0,10.0,False,무중력의자,0,9.0,NULL,NULL,NULL,NULL,NULL
150,194,184780,"이안에다있다 농사 및 다용도 작업방석, 중",7000,115154590,False,0,4.5,24.0,False,,"3,000",10.0,NULL,NULL,NULL,NULL,NULL
151,195,184780,케터 모비 체스트 야외보관함 대용랑수납함,85000,1515310613,False,0,3.5,5.0,False,,"5,500",5.0,베이지,NULL,NULL,NULL,NULL
152,196,184780,"[쿠팡 직수입] 라이프타임 라운드 접이식 테이블 80423, 화이트",59800,2280352,True,0,4.5,282.0,False,라이프타임,0,47.0,화이트,고밀도 폴리에틸렌,NULL,NULL,NULL
153,197,184780,"퍼니코 브로몰딩 직사각 높낮이 조절테이블, 화이트",44500,1614879,False,0,4.0,222.0,False,,0,24.0,화이트,플라스틱,NULL,NULL,NULL
154,199,184780,"악마체어 이동이 쉬운 야외 썬텐의자 썬베드 휴식의자 캠핑의자 벤치, 블루(파랑)",34900,94880925,False,0,4.5,15.0,False,,0,3.0,NULL,NULL,NULL,NULL,NULL
155,200,184780,"우생 브로몰딩테이블 접이식 야외용테이블 1800 야외테이블, 1800 아이보리 접이식",59800,183272794,False,0,4.5,2.0,False,,0,,NULL,NULL,NULL,NULL,NULL
156,201,184780,"위드퍼니처 아르망 1500 브로몰딩 접이식 테이블, 브라운",99800,2251741607,False,0,4.5,5.0,False,위드퍼니처,0,5.0,NULL,NULL,NULL,NULL,NULL
157,202,184780,"브로몰딩 1800 테이블, 화이트",62980,4808211,False,22,4.5,53.0,False,,0,3.0,화이트,플라스틱,NULL,NULL,NULL
158,204,184780,"올리브가구 등받이 야외원목테이블 카페테이블 피크닉테이블 야외평상 바베큐그릴 파라솔 야외테이블세트, 등받이테이블 4인용(1200mm) 무도색",319000,1890617358,False,0,4.0,3.0,False,,착불배송,3.0,NULL,원목,NULL,NULL,NULL
159,205,184780,"착한테이블 편리한 원목 분리형 바베큐 그릴포함 숯불 야외 테이블 의자 세트 파라솔 별매 정원 테라스 옥상 전원주택 베란다 꾸미기, 8인 분리형 바베큐 도토리도색",326000,237893903,False,0,5.0,1.0,False,,착불배송,1.0,선택1,NULL,NULL,NULL,NULL
160,206,184780,"파라다이스 썬베드, GX_META3블랙",34900,229441832,False,22,4.5,3.0,False,무중력의자,0,2.0,NULL,NULL,NULL,NULL,NULL
161,207,184780,"가구로드 장미주물2인세트 야외테이블세트 카페 테라스 정원 펜션 리조트, 장미주물2인세트-화이트",169700,65083510,False,26,4.5,3.0,False,,0,3.0,화이트,주물,NULL,NULL,NULL
162,208,184780,"삼익 국산 4발이 6발이 매대 노점 가판대 접이식다리 좌판 접이식테이블, 4발접이식테이블-그레이",27900,91560470,False,0,4.0,36.0,False,,"2,500",15.0,NULL,NULL,접이식가능,NULL,NULL
163,209,184780,"주물 흔들 그네 의자 정원 마당 발코니 테라스 인테리어 휴식공간 철제, 6 호 베이지 스윙 + 스프레이",104300,1719312745,False,0,2.5,3.0,False,,0,3.0,NULL,NULL,NULL,NULL,NULL
164,211,184780,"지오리빙 팔걸이 플라스틱의자, 등받이의자(브라운)",11500,321848366,False,0,4.5,10.0,False,,0,8.0,브라운,NULL,비접이식,NULL,NULL
165,213,184780,"착한테이블 전문목수 등받이 바베큐 그릴 야외 테이블 의자 세트 파라솔 별매 원목 정원 캠핑 가구 데크 마당 피크닉 만들기 4인 6인 8인, 4인용 등받이 바베큐 야외테이블 도토리색",363000,5151424430,False,0,5.0,6.0,False,,착불배송,3.0,NULL,원목,접이식불가능,NULL,NULL
166,218,184780,"지퍼니처 팔걸이의자 테이블세트 야외테이블세트, 원형set 그레이",82900,109002088,False,16,4.0,15.0,False,지퍼니처,0,1.0,그레이,플라스틱,테이블접이식가능,NULL,4인용
167,220,184780,"원목 정원 지붕 야외 그네, 탄화 색",246900,1610890554,False,0,4.0,2.0,False,,"100,000",2.0,NULL,NULL,NULL,NULL,NULL
168,221,184780,"제이스 야외 벤치의자 공원벤치 야외테이블 야외벤치, 02. 평벤치/120",89000,4670570881,False,0,5.0,1.0,False,제이스,0,1.0,NULL,NULL,NULL,NULL,NULL
169,222,184780,"우생 브로몰딩테이블 고정식 야외용테이블 1800 야외테이블, 1800 아이보리 고정식",63800,183274000,False,0,4.5,6.0,False,,0,2.0,NULL,NULL,NULL,NULL,NULL
170,223,184780,라이프타임(LIFETIME) 접이식테이블 - T4428 야외테이블 공원테이블 피크닉테이블,54800,5052622760,False,0,5.0,1.0,False,라이프타임,0,1.0,NULL,NULL,접이식가능,NULL,NULL
171,224,184780,"엉클트리 원목 야외 벤치 야외용 정원 공원 등받이 의자 등벤치, (단품)1800mm 등받이 벤치 무도색(도색없음)",114000,343202512,False,0,4.0,11.0,False,,착불배송,10.0,브라운,NULL,NULL,NULL,NULL
172,225,184780,"[테이블쉼터] 야외용 평상 1800x1800 ㄷ자난간포함, 방부목, 연녹색",310000,2112158157,False,0,4.5,3.0,False,,착불배송,3.0,NULL,NULL,NULL,NULL,NULL
173,226,184780,아르망 1800 브로몰딩 테이블 아르망의자 6개 세트,229000,5415885916,False,32,4.5,16.0,False,위드퍼니처,0,15.0,NULL,NULL,NULL,NULL,NULL
174,228,184780,"이케아 TARNO 야외 테이블, 혼합색상",30730,5158233185,True,0,4.5,3.0,False,이케아,0,2.0,NULL,NULL,NULL,NULL,NULL
175,229,184780,"미다스리빙 2단접이식 캠핑테이블, 핑크",12900,1509529827,False,0,4.5,13.0,False,,"2,500",13.0,NULL,NULL,NULL,NULL,NULL
176,230,184780,"가구로드 기본썬베드 비치의자 비치베드 접이식야외의자 야외썬베드, 썬베드",95200,1229928881,False,3,3.5,5.0,False,,0,5.0,NULL,NULL,NULL,NULL,NULL
177,231,184780,"우생가구 1500 상판고정 (다리만 접이식) 야외 펜션 학교 교회 회의실 강당 브로몰딩 테이블 행사매대/가판대, 고 정",52700,188820514,False,12,5.0,2.0,False,,0,,NULL,플라스틱,,NULL,NULL
178,233,184780,"[이베스타]다기능 야외테이블 및 평상식탁/1200/1500/틈새없는평상/좌식식탁/마지막초특가, 1500도색(6인)",340000,241054281,False,0,4.5,6.0,False,,착불배송,6.0,NULL,NULL,NULL,NULL,NULL
179,234,184780,"캐나다쉐드 조립식창고 MINI ACE 6x4 0.7평형, 창고단품+무료배송",390000,178612965,False,50,3.5,35.0,False,,0,11.0,NULL,NULL,NULL,NULL,NULL
180,235,184780,"이안에다있다 낮은 간이 플라스틱 대나무 힐링의자 야외용 의자 (국산), 그레이",5500,115154592,False,0,5.0,10.0,False,,"3,000",4.0,그레이,NULL,비접이식,NULL,NULL
181,236,184780,"공간웰리빙 플라스틱 테이블 세트 야외캠핑 낚시 편의점 세트, 원형B형세트그레이(Ⅰ라탄)",84000,217965929,False,0,4.0,18.0,False,,0,8.0,NULL,NULL,NULL,NULL,NULL
182,237,184780,"아르망 1200 3단 테이블+1020벤치+아르세의자2개 세트, 테이블+벤치1개+의자2개",139900,2016791186,False,30,5.0,4.0,False,위드퍼니처,0,4.0,NULL,NULL,NULL,NULL,NULL
183,238,184780,"[자연쉼터] (도색가격) 방부목 조립식 마루 평상 야외 원목 나무 침대 도색제품, 도토리색 방부목 7자",243000,5351215462,False,0,5.0,5.0,False,,착불배송,5.0,브라운,원목,NULL,NULL,NULL
184,239,184780,"아르망 800 브로몰딩 테이블 아르망의자 4개 세트, 테이블1ea+의자4ea",162900,1767492476,False,32,5.0,5.0,False,위드퍼니처,0,5.0,NULL,NULL,NULL,NULL,NULL
185,240,184780,"웰빙 플라스틱의자4개세트 팔걸이의자 편의점 슈퍼 마트의자 행사의자, 회색",56800,229306974,False,0,5.0,12.0,False,,0,11.0,NULL,NULL,NULL,NULL,NULL
186,241,184780,"착한테이블 오일 스테인 3.5L 평붓 서비스 방부목 데크 테라스 목재 나무 페인트, 3.5L 107 밤색",26000,91997668,False,0,4.5,14.0,False,,0,5.0,선택1,NULL,NULL,NULL,NULL
187,247,184780,"LALA_접이식 간이 플라스틱의자 낚시 캠핑 나들이 소풍 간편의자 손잡이, 베이지",6020,5172572145,False,0,5.0,2.0,False,,"2,500",2.0,NULL,NULL,접이식가능,NULL,NULL
188,248,184780,"[하이솔로몬] 아이노리 파라솔벤치, 혼합",44500,2646984,False,0,5.0,1.0,False,하이솔로몬,0,1.0,NULL,플라스틱,NULL,NULL,NULL
189,249,184780,"파라나시스 플라스틱 팔걸이 야외의자, 적색, 1개",12000,34468615,False,0,4.5,16.0,False,,"9,000",1.0,NULL,NULL,NULL,NULL,NULL
190,250,184780,"플라스틱 간이의자 사각 4p, 레드",25900,1744822035,True,0,3.5,3.0,False,,0,3.0,레드,NULL,비접이식,NULL,NULL
191,253,184780,"센스2030 플라스틱 의자 포장마차 야외의자 사각 원형, 사각-회색",3400,1419506658,False,0,5.0,4.0,False,센스2030,"3,000",4.0,NULL,NULL,NULL,NULL,NULL
192,254,184780,"이안에다있다 간이 플라스틱 안락의자 야외용 의자 (국산), 레드",5900,89695341,False,0,4.5,31.0,False,,"3,000",7.0,레드,NULL,비접이식,NULL,NULL
193,255,184780,"가구로드 장미주물벤치4인세트 실외의자 테라스테이블 야외용테이블세트 펜션 정원 리조트, 장미주물 4인세트 화이트-파라솔미포함",289200,65125990,False,42,4.5,10.0,False,,0,2.0,화이트,주물,NULL,NULL,NULL
194,256,184780,"포장마차 테이블 뱅뱅이의자 세트, 사각테이블블루",48000,188572004,False,0,4.0,34.0,False,,0,7.0,NULL,NULL,NULL,NULL,NULL
195,259,184780,"아웃인 브로몰딩 접이식테이블 1500, 다크 그레이(FD)",58110,5055373971,False,2,4.5,6.0,False,상도가구,0,5.0,NULL,NULL,NULL,NULL,NULL
196,261,184780,"포스아트 플라스틱 대나무 간이의자 중 BN 보조의자, 그레이",4800,1494972487,False,0,5.0,3.0,False,포스아트,"2,500",3.0,NULL,NULL,NULL,NULL,NULL
197,263,184780,"평벤치 등받이 벤치의자 야외 원목 공원 3인벤치의자, 등받이의자:150cm",147000,102314017,False,0,4.0,43.0,False,,0,9.0,브라운,NULL,NULL,NULL,NULL
198,264,184780,"[테이블짱] (도색제품) 조립식 야외 일체형 방부목 테이블 단품과 세트 야외테이블, AA_5)4인용_방부목 도토리색 단품",200000,1062521817,False,0,4.0,29.0,False,,착불배송,14.0,NULL,원목,접이식불가,NULL,NULL
199,266,184780,"지퍼니처 회전 플라스틱의자, 01_블루, 1p",3090,4703385,False,0,4.5,686.0,False,지퍼니처,"2,500",148.0,블루,플라스틱,NULL,바퀴없음,NULL
200,267,184780,"[자연쉼터] 조립식 난간 평상 6자 7자 야외 방부목 들마루 침대, A)6자_방부목_기본형(난간없음), 1)무도색",176000,4977948973,False,0,3.5,2.0,False,,착불배송,2.0,투명,원목,NULL,NULL,NULL
201,269,184780,"코엠건설산업 렉산골판 1070*1800 C-63 지붕재 PC 폴리카보네이트, 1070*2100 그린",21000,115137145,False,0,5.0,18.0,False,,착불배송,6.0,NULL,NULL,NULL,NULL,NULL
202,270,184780,"인프몰 브로몰딩 야외 야외용 캠핑 테이블, 미니-76",31900,231361464,False,0,4.5,20.0,False,,0,11.0,NULL,NULL,NULL,NULL,NULL
203,271,184780,"프리미엄 브로몰딩 접이식 의자 OT130, 우드무늬",22020,1217529041,True,11,2.0,1.0,False,,0,1.0,NULL,NULL,접이식가능,NULL,NULL
204,273,184780,"가구로드 썬베드 야외테이블 비치의자 접이식야외의자 야외썬베드, 썬베드+베드테이블(SET)",125000,1801795832,False,16,4.0,2.0,False,,0,2.0,화이트,플라스틱,NULL,NULL,NULL
205,274,184780,"[이베스타]A형 야외테이블 원목테이블세트(4인-6인-8인), 4인 도색(4자-1200mm)",200000,177499793,False,0,4.0,21.0,False,,착불배송,11.0,NULL,NULL,NULL,NULL,NULL
206,276,184780,"올리브가구 개방형 야외테이블 원목테이블 야외 평상 파라솔 벤치 야외테이블세트, 01_개방형 무도색 4인용",239000,4738048629,False,0,4.5,2.0,False,,착불배송,2.0,NULL,NULL,NULL,NULL,NULL
207,277,184780,"캐나다쉐드 조립식창고 MINI시리즈 ECO타입, 창고단품+무료배송",349000,178612977,False,49,4.0,13.0,False,,0,3.0,NULL,NULL,NULL,NULL,NULL
208,280,184780,"접이식테이블1 브로몰딩 야외 캠핑 행사용 피크닉 다용도, 화이트(FD)",23940,18750356,False,17,4.0,14.0,False,상도가구,0,8.0,NULL,NULL,NULL,NULL,NULL
209,281,184780,"위드퍼니처 마이티접이식 600 테이블 야외테이블, 600사각",39900,1795507206,False,33,5.0,1.0,False,위드퍼니처,0,1.0,다크그레이,NULL,접이식가능,NULL,2인용
210,283,184780,"테이블쉼터 야외테이블 등세트 6~8인 단품 및 파라솔세트상품 야외용DIY, 도색없음",268000,1390635898,False,0,4.5,20.0,False,,착불배송,14.0,NULL,원목,NULL,NULL,6인용
211,284,184780,"스마트퍼니처 자외선과 습기에 강해 야외용 적합 알루미늄 프레임 정원 펜션 카페 호프 테라스 이중라인 적층가능 의자 야외의자, 실버",39600,1255004862,False,0,,,False,,착불배송,,NULL,NULL,NULL,NULL,NULL
212,285,184780,"엉클트리 야외 평상 테이블 야외용 마루 원목 정원 파라솔 조립식 세트, 파라솔 중형 파랑(2300mm)",35000,267192800,False,0,5.0,8.0,False,,착불배송,1.0,NULL,NULL,NULL,NULL,NULL
213,289,184780,브로몰딩 접이식 테이블 야외 캠핑 행사 책상,35900,2141041232,False,0,,,False,,착불배송,,NULL,NULL,접이식가능,NULL,NULL
214,290,184780,"아르망 800 브로몰딩 접이식 테이블 야외 캠핑 테라스, 브라운",52900,327899789,False,30,5.0,2.0,False,위드퍼니처,0,1.0,NULL,NULL,접이식가능,NULL,NULL
215,291,184780,"투고 접이식 폴딩의자 아코디언의자 캠핑 낚시 등산 간이의자 풋스툴 폴딩체어 여행용, 1+1 블랙_L11(FD)",33820,5070128707,False,5,5.0,1.0,False,,0,1.0,NULL,NULL,접이식가능,NULL,NULL
216,293,184780,"모던 캐주얼 철제 테라스 정원 야외 테이블 의자 세트 노천 카페 야외용 정원 베란다 옥상, 벤치 70x35x45",111500,4965063576,False,24,,,False,,"18,000",,NULL,NULL,NULL,NULL,NULL
217,295,184780,"둥근망 원형 테이블 600/800mm 철망테이블 야외용테이블 카페테라스, 블랙",51600,2000958142,False,25,5.0,2.0,False,하늘창가구,0,2.0,NULL,NULL,NULL,NULL,NULL
218,297,184780,"야외 평상 조립식 옥상 마당 실내 테라스 접이식 만들기, 기본 세트",157000,1584235769,False,17,5.0,9.0,False,,0,9.0,NULL,플라스틱,NULL,NULL,NULL
219,298,184780,"홈 포차 테이블 베란다 포장마차 인테리어 접이식 야외 테이블 인테리어, 원형, 빨간색",34000,2080790149,False,17,5.0,4.0,False,,"4,000",4.0,레드,NULL,접이식가능,NULL,4인
220,299,184780,"도리퍼니처 바오 플라스틱 의자, 블루",32900,4550406430,False,0,4.5,3.0,False,도리퍼니처,0,3.0,NULL,NULL,비접이식,NULL,NULL
221,306,184780,"올리브가구 야외 평상 테이블 실내평상 야외테이블 조립식 파라솔, 대형파라솔(2400mm) 일반형, 아이보리",39000,2016634029,False,0,4.0,12.0,False,,착불배송,12.0,NULL,NULL,NULL,NULL,NULL
222,310,184780,"소프트유가구 백합벤치 야외용 정원 공원 철제 벤치, 블랙",110000,192107645,False,0,5.0,3.0,False,,0,3.0,NULL,NULL,NULL,NULL,NULL
223,311,184780,"한국 이베이 폭발 모델은 야외 꽃 방수 커버 정원 테이블과 의자 먼지 커버 정원 가구 커버, 126 * 126 * 74",36400,1711173465,False,18,4.5,3.0,False,,0,3.0,NULL,NULL,NULL,NULL,NULL
224,312,184780,3x6컨테이너 하우스 이동식 농막 주택 사무실 창고 지붕 시공 (지붕만),1498000,2334966175,False,0,5.0,2.0,False,,0,2.0,NULL,NULL,NULL,NULL,NULL
225,313,184780,[텐바이텐] 라이프타임 접이식 테이블 T4428 (높이조절 가능) 야외 실내 테이블,57800,1913446675,False,0,,,False,텐바이텐,0,,NULL,NULL,접이식가능,NULL,NULL
226,314,184780,"지오리빙 접이식 플라스틱 테이블 의자 세트, 원형+원형라탄(블랙)",55900,4880754348,False,0,5.0,1.0,False,,0,1.0,NULL,NULL,NULL,NULL,NULL
227,315,184780,"라이프타임 T25011 접이식 야외테이블, gray",73800,265644658,False,0,5.0,1.0,False,라이프타임,0,1.0,NULL,NULL,접이식가능,NULL,NULL
228,317,184780,케터 우드랜드 맥스 소형 중형 조립식창고 야외보관함,299000,226867652,False,0,5.0,4.0,False,,"24,700",3.0,브라운,PP,NULL,NULL,NULL
229,319,184780,"영가구 이비자 라탄 야외용테이블세트, 브라운",256900,1638705343,False,0,,,False,영가구,0,,브라운,PP,NULL,NULL,4인용
230,320,184780,"가팡 휴대용 접이식 의자 + 수납 파우치 세트 CCF001, F 블랙",22210,2122662352,True,0,5.0,2.0,False,가팡,0,2.0,NULL,NULL,접이식가능,NULL,NULL
231,321,184780,"착한테이블 천연통 원목 주문제작가능 햇빛차단 지붕 카페 옥상 일체형 그네 2인용 3인용, 도토리색",542000,66697358,False,0,5.0,3.0,False,,착불배송,2.0,도토리색,NULL,NULL,NULL,NULL
232,322,184780,"흔들 의자 정원 그네 스윙체어 펜션 야외 원목 베란다, 업그레이드 흔들의자 (천정포함)",349500,4847015970,False,0,5.0,2.0,False,,0,2.0,NULL,NULL,NULL,NULL,NULL
233,323,184780,"캠핑문 빈티지 로우 릴렉스체어, 빈티지카키",68190,325130383,False,9,5.0,5.0,False,캠핑문,0,3.0,NULL,NULL,NULL,NULL,NULL
234,324,184780,"팬물산 프레스 원형 회전의자 3p, 그레이",22900,4393354777,True,0,5.0,2.0,False,,0,2.0,NULL,NULL,비접이식,NULL,NULL
235,325,184780,21년 라이프타임 피크닉 테이블 1.8m 야외용 접이식 테이블,249900,5227182889,False,0,,,False,라이프타임,"30,000",,NULL,NULL,접이식가능,NULL,NULL
236,326,184780,"에이비씨플라스틱 플라스틱 파렛트 파레트 빠레트, 01_수출용1111_검정(6kg)",13000,1256814609,False,0,5.0,3.0,False,,착불배송,3.0,그린,플라스틱,NULL,NULL,NULL
237,327,184780,"미누팩토리 야외용체어 인테리어 철제 아웃도어의자 네스 야외의자, 의자:3호",38500,145370100,False,0,4.5,2.0,False,,착불배송,,브라운,NULL,비접이식,NULL,NULL
238,328,184780,"국산 편의점 포장마차 플라스틱 의자 5개 야외 보조 간이의자, 원형 블루-블랙 5개",32500,5285057393,False,0,5.0,2.0,False,,0,2.0,NULL,NULL,NULL,NULL,NULL
239,329,184780,"가구로드 철망 사각 테이블 정원 가구 철제테이블 야외테이블 테라스 아웃도어 펜션, 사각망테이블80-블랙",69700,1880403629,False,26,,,False,,0,,NULL,NULL,NULL,NULL,NULL
240,330,184780,[이베스타]파라솔고정대/받침대 13Kg중량,14900,5448604470,False,0,,,False,,착불배송,,NULL,NULL,NULL,NULL,NULL
241,331,184780,"올리브가구 일체형 야외원목테이블 카페테이블 야외평상 바베큐그릴 파라솔 별도 야외테이블세트, 16_대형파라솔 특대형(녹색)",109000,5353182916,False,0,5.0,1.0,False,,착불배송,1.0,NULL,NULL,NULL,NULL,NULL
242,332,184780,"피카소가구 사각망80 120세트 2/4/6인 야외용가구 테라스 철재가구 야외테이블세트 펜션 리조트, 사각망120 6인세트",379800,5202085170,False,4,,,False,,0,,블랙,철제,NULL,NULL,6인용
243,333,184780,"라이프타임 T4428 접이식 야외테이블, 화이트",54800,1880544198,False,0,,,False,라이프타임,0,,NULL,NULL,접이식가능,NULL,NULL
244,334,184780,"다용도 보조 휴게실 야외용 니드코 힐링의자, 힐링의자 중 (블루)",6900,1187654982,False,27,5.0,2.0,False,,"2,500",2.0,NULL,NULL,NULL,NULL,NULL
245,335,184780,"버디 라탄 체어 인테리어 카페 테라스 야외 의자, 브라운",35900,5011539597,False,29,,,False,위드퍼니처,0,,NULL,NULL,NULL,NULL,NULL
246,336,184780,"캠핑 해먹 의자 발 받침대 네이처하이크 릴렉스 경량 체어 다리거치대, 다리받침대(3시이전 당일발송)",13800,5319481844,False,0,5.0,1.0,False,,0,1.0,NULL,NULL,NULL,NULL,NULL
247,337,184780,"[세화파렛텍(주)] 수출용 플라스틱 파렛트 모음, 수출용 1111(6.5)",21450,205874911,False,0,4.5,8.0,False,,0,3.0,NULL,NULL,NULL,NULL,NULL
248,338,184780,라이프타임 조립식 야외 창고 옥상 정원 테라스 타운하우스 주말농장,387000,5313195905,False,0,,,False,라리,0,,NULL,NULL,NULL,NULL,NULL
249,339,184780,"무중력의자 썬베드로 좋은 썬베드, 5000",74900,204012272,False,11,5.0,8.0,False,무중력의자,0,8.0,NULL,NULL,NULL,NULL,NULL
250,340,184780,[모던하우스] 선샤인 썬베드,25850,5422684390,False,8,5.0,1.0,False,모던하우스,0,1.0,NULL,NULL,NULL,NULL,NULL
251,342,184780,"라탄사각의자(5357), _그레이",5800,4543525762,False,0,5.0,7.0,False,,"3,000",7.0,NULL,NULL,NULL,NULL,NULL
252,343,184780,"우생 브로몰딩 1200 접이식테이블 야외 캠핑 다용도 펜션 프리마켓 행사매대 팬션 학교 교회 회의실 강당 테이블, 접이식 1200",37500,243721099,False,16,4.5,21.0,False,,0,18.0,NULL,플라스틱,,NULL,NULL
253,344,184780,"로티홈시스 접이식 브로몰딩 테이블, 브로몰딩테이블우드무늬1200",43500,151024042,False,0,5.0,7.0,False,로티홈시스,0,2.0,NULL,NULL,NULL,NULL,NULL
254,346,184780,"[이베스타]A형 야외원목테이블/휴게실/펜션/공원/마트/옥상/학교/음식점, 6인 무도색(5자-150cm)",210000,177495182,False,0,4.5,12.0,False,,착불배송,6.0,NULL,NULL,NULL,NULL,NULL
255,347,184780,"올굿 국산 플라스틱 간이 등받이 팔걸이 의자 편의점의자, 파랑",12900,71574825,False,0,4.5,43.0,False,올굿,"10,000",7.0,NULL,NULL,비접이식,NULL,NULL
256,350,184780,"유로강화접이식테이블600 또는 700사각(1개)+유로39번의자(2개), 1, 600사각+의자2개",95900,3661615,False,28,4.5,12.0,False,위드퍼니처,0,5.0,NULL,유리,NULL,NULL,2인용
257,352,184780,"[코스트코] 케터 하이 스토어 조립식 창고 반짝세일, 본품",455000,4605338690,False,17,4.0,1.0,False,,0,1.0,NULL,NULL,NULL,NULL,NULL
258,355,184780,"영스타 원목 접이식 테이블 미니 받침, 사각, 1p",9300,8484211,False,0,4.0,30.0,False,,0,6.0,베이지,원목,NULL,NULL,NULL
259,356,184780,"베리구즈 무지 박스테이블 15p, 화이트",29920,95746990,True,39,5.0,4.0,False,,0,1.0,NULL,NULL,NULL,NULL,NULL
260,359,184780,아르망 1200 3단 브로몰딩 테이블 아르세의자 4개세트,160900,284893055,False,30,4.5,2.0,False,위드퍼니처,0,1.0,NULL,NULL,NULL,NULL,NULL
261,360,184780,"인프몰 브로몰딩 접이식 테이블 183cm, 화이트",58800,179298611,False,0,4.0,6.0,False,,0,2.0,NULL,NULL,접이식가능,NULL,NULL
262,361,184780,"접이식 휴대용 간이 캠핑 테이블 보조 식탁 레져 피크닉 등산 낚시 폴딩 좌식 이동식 차박 세트 야외 용품 초경량 바베큐 베란다 일체형 높이조절 DVX-97528 블랙, 블랙 120cm 특대형 캠핑테이블",39600,1516473151,False,13,4.5,8.0,False,캠프엠,0,8.0,NULL,NULL,NULL,NULL,NULL
263,362,184780,"튼튼테이블 평상야외마루모음전 가든테이블평상마루 평상, 01.평상A형 무도색",231000,147377618,False,0,4.5,63.0,False,,착불배송,21.0,NULL,NULL,NULL,NULL,NULL
264,363,184780,"사계절공간연출 야외 테이블+의자 2개 세트 009, 내츄럴",133000,7650819,False,0,4.0,30.0,False,,착불배송,1.0,브라운,원목,NULL,NULL,2인용
265,364,184780,"캐나다쉐드 조립식창고 PREMIUM S2사이즈 1.5평형 코스트코창고 농막 정원 간이 옥상 창고, 창고단품+무료배송",890000,213394416,False,35,4.5,8.0,False,,0,3.0,NULL,NULL,NULL,NULL,NULL
266,366,184780,"(테이블공장) 테이블공장 방부목 무도색 야외평상 조립식 평상 야외 간편조립 주문제가능, (1800*960) 무도색",124000,5107734115,False,0,5.0,5.0,False,,착불배송,5.0,NULL,NULL,NULL,NULL,NULL
267,367,184780,"야외테이블 테라스테이블 마당테이블 베란다카페 홈카페 철제테이블 정원세트 4인용 6인용, 의자",65100,2207345934,False,0,,,False,,0,,NULL,NULL,NULL,NULL,NULL
268,368,184780,"원목그네 야외용 그네의자 흔들 정원용 스윙 체어 해외직구 2DX2602, 사진색",120890,202636028,False,0,5.0,2.0,False,,0,1.0,브라운,NULL,비접이식,NULL,NULL
269,370,184780,"앤티스 인콘트로 접이식 야외테이블 중형 + 파우치 세트, 혼합색상",31870,2034489483,True,4,,,False,,0,,NULL,NULL,접이식가능,NULL,NULL
270,371,184780,"21세기트랜드 야외나무벤치 야외가구, (W)1500 등받이형",139000,1301945425,False,26,5.0,1.0,False,21세기트랜드,"18,000",1.0,NULL,NULL,NULL,NULL,NULL
271,372,184780,"사계절공간연출 fs야외테이블까페원목테이블001사각접이식4인셋트 야외테이블세트, 001테이블사각1개+009의자4개",220000,242490801,False,0,4.0,1.0,False,,착불배송,,NULL,NULL,접이식가능,NULL,NULL
272,374,184780,"나혼자산다 캔버스 캠핑 옥상 옥외 펜션 카페 의자 비치 접이식 썬베드, 검정",30600,1727921970,False,45,5.0,2.0,False,,"7,000",2.0,NULL,NULL,접이식가능,NULL,NULL
273,375,184780,"가구로드 1인용 안락의자 흔들의자 야외가구 야외의자, 04.장미주물1인의자-화이트",63400,1821000592,False,28,4.5,4.0,False,,0,4.0,화이트,철제,NULL,바퀴없음,NULL
274,376,184780,"엉클트리 원목 야외 벤치 야외용 공원 정원 의자 평의자 평벤치, (단품)1800mm 평벤치 도색(월넛색)",87000,343192811,False,0,5.0,5.0,False,,착불배송,4.0,NULL,NULL,NULL,바퀴없음,NULL
275,377,184780,"라탄 테이블 의자 세트 야외 배란다 카페 테이블세트, A타입",87700,5196364221,False,11,,,False,,0,,NULL,NULL,NULL,NULL,NULL
276,378,184780,케터 수마트라 데크박스 야외보관함 플라스틱 조립식창고,209000,1322225964,False,0,5.0,4.0,False,,"20,300",4.0,그레이,PP,NULL,NULL,NULL
277,379,184780,"플라스틱 편의점테이블 접이식 베란다 포장마차테이블 야외접이식 홈포차인테리어, 의자청색4개",17000,5255761457,False,0,1.0,1.0,False,,"6,000",1.0,NULL,NULL,접이식가능,NULL,NULL
278,380,184780,"티카쇼 베지트 러그 포팅테이블 내츄럴, 혼합 색상",256000,239150123,True,0,4.0,1.0,False,베지트러그,0,1.0,NULL,NULL,NULL,NULL,NULL
279,381,184780,"브로몰딩 테이블 고정식 1800 캠핑 야외 행사, 브로몰딩테이블(고정식)_1800 (YW606-3-1)",54900,152391623,False,0,4.0,3.0,False,,착불배송,2.0,NULL,NULL,NULL,NULL,NULL
280,382,184780,"심플사각의자 중 3p, 그린",20900,271049421,True,0,5.0,5.0,False,,0,4.0,NULL,PP,비접이식,NULL,NULL
281,383,184780,"순수국산 플라스틱 보조의자/야외용 간이의자 편의점 파라솔의자 사각 투톤원형, 사각 화이트",4000,2057679486,False,0,4.0,5.0,False,,"4,000",5.0,화이트,NULL,비접이식,NULL,NULL
282,386,184780,"가구로드 사각망의자 철망 사각 의자 정원 가구 철제의자 야외의자, 사각망의자-블랙",50500,2000654108,False,14,5.0,1.0,False,,0,1.0,NULL,NULL,NULL,NULL,NULL
283,387,184780,"SD브로몰딩 1800 접이식 테이블, 화이트",62980,2403772,False,17,4.0,359.0,False,상도가구,0,15.0,화이트,플라스틱,NULL,NULL,6인용
284,388,184780,케터 브라이트우드 야외보관함 (데크박스) 454L,199000,27019539,False,0,4.5,14.0,False,케터,"15,000",5.0,브라운,플라스틱,NULL,NULL,NULL
285,389,184780,"플라스틱 사각 의자 1p 플라스틱의자 작업용의자 편의점 포자마차 매점 음식점 보조 간이 가벼운 적재의자, 블루",9200,5334814907,False,5,,,False,,0,,NULL,NULL,NULL,NULL,NULL
286,392,184780,"야외 편의점 플라스틱 의자 파라솔 비치 행사용 1개, 야외의자 흰색-1개",20060,5384087329,False,2,5.0,1.0,False,,0,1.0,NULL,NULL,NULL,NULL,NULL
287,393,184780,"케이엠피아이 1800 접이식 우든테이블, 다크블루",54000,1519842220,False,10,5.0,1.0,False,,0,1.0,네이비,플라스틱,NULL,NULL,NULL
288,394,184780,케터 매너 4x3 조립식창고,459000,211499078,False,0,4.0,5.0,False,케터,"22,000",4.0,브라운,PP,NULL,NULL,NULL
289,398,184780,"편의점 이단 파라솔 세트(우드톤) 초특가, 사각탁자블루원형탁자화이트",89000,186183589,False,0,5.0,1.0,False,,"20,000",1.0,NULL,NULL,NULL,NULL,NULL
290,399,184780,"케이엠피아이 1800 접이식 라탄테이블, 브라운",53000,1519789597,False,11,5.0,4.0,False,,0,4.0,브라운,NULL,접이식가능,NULL,6인용
291,401,184780,스마트가든테이블 야외테이블,118000,222771365,False,21,4.5,8.0,False,캠프밸리,"15,000",6.0,NULL,NULL,NULL,NULL,NULL
292,405,184780,"포스아트 CN 모던 라탄 테이블세트, 02 원형(브라운)",259000,204320637,False,0,4.5,17.0,False,포스아트,0,8.0,NULL,NULL,NULL,NULL,NULL
293,406,184780,"[튼튼] 평상 야외 마루 파라솔 원목 야외테이블 정자 실내평상, 파라솔-대형 화이트",39000,197203515,False,0,4.5,7.0,False,,착불배송,4.0,NULL,상세페이지참고,NULL,NULL,NULL
294,407,184780,케터 락우드 데크박스 야외보관함,219000,163818379,False,0,5.0,7.0,False,,"18,500",5.0,브라운,PP,NULL,NULL,NULL
295,408,184780,"[이베스타]초대형260파라솔/2단파라솔/업소용/팬션용/그늘막/텐트, 레드와인",65000,177504217,False,0,4.5,5.0,False,,착불배송,2.0,NULL,NULL,NULL,NULL,NULL
296,409,184780,[구매대행] HC 야외정원공원 원형 화분선반 원목나무미니벤치의자,96000,176909417,False,0,4.0,7.0,False,,0,4.0,NULL,NULL,NULL,NULL,NULL
297,411,184780,"피카소가구 장미주물4인세트 야외용의자 정원가구 야외테이블세트 카페테라스 가든 펜션, 장미주물4인세트-화이트",289200,1336117645,False,34,4.0,10.0,False,,0,9.0,NULL,NULL,NULL,NULL,NULL
298,413,184780,케터 파티오스토어 야외보관함 소형창고 코스트코창고,399000,4940737247,False,0,,,False,케터,0,,NULL,NULL,NULL,NULL,NULL
299,414,184780,"야다 간이 보조 플라스틱의자-에이스목욕의자, 에이스목욕의자2호",3200,183806913,False,0,5.0,4.0,False,야다,"2,600",,NULL,플라스틱,NULL,NULL,NULL
300,415,184780,"보급형 테이블 의자세트(테이블1개의자4개), 원형테이블1개(레드)의자4개",48000,187514107,False,0,3.0,4.0,False,,0,4.0,NULL,NULL,NULL,NULL,NULL
301,416,184780,"브로몰딩 1200 접이식/일자형 간이 행사 테이블, 1200 접이식 테이블",35900,1079054004,False,0,3.5,3.0,False,,0,2.0,NULL,NULL,접이식가능,NULL,NULL
302,417,184780,"베란다 홈 포차 꾸미기 인테리어 플라스틱 의자 6가지 색상 1+1, 01아이보리옐로우, 01아이보리옐로우",17900,2343917622,False,18,,,False,,"3,000",,NULL,NULL,NULL,NULL,NULL
303,418,184780,"[대신프라스틱] 수출용 경량용 중량용 내수용 파렛트 파레트 전국 도소매!!, 01 수출용1100x1100x120 6.2kg",13000,314581962,False,0,3.5,3.0,False,,착불배송,2.0,NULL,NULL,NULL,NULL,NULL
304,419,184780,"조립식 야외 옥상 베란다 평상 테라스 접이식 미니평상 사무실 기숙사 작은 간이침대, 옵션1",59000,4796329347,False,50,,,False,,0,,NULL,NULL,NULL,NULL,NULL
305,420,184780,"테라스 베란다 야외테이블 의자 북유럽풍 유니크 정원테이블, 01. 블랙 싱글 의자",57700,1778187698,False,48,4.5,2.0,False,,"30,000",2.0,NULL,NULL,NULL,NULL,NULL
306,422,184780,"원목 브라우니 접이식 카페테이블&의자 SET _디자인02, 베이직사이즈 세트 _02",130900,4588629964,False,30,,,False,벤트리,0,,NULL,NULL,접이식가능,NULL,NULL
307,423,184780,[코스트코] 케터 팩터 8x6 조립식 창고,913260,27038680,False,0,4.0,9.0,False,,"100,000",4.0,브라운,PP,NULL,NULL,NULL
308,424,184780,"가구로드 야외 썬베드 야외의자 수영장의자 선베드, 기본 썬베드",95200,1806977087,False,3,,,False,,0,,NULL,NULL,NULL,NULL,NULL
309,425,184780,"모던컨츄리 원목 야외창고 이동식 간이창고 조립식 도구 야외보관함 야외캐비넷 정원꾸미기 추천, 그레이",299000,4582283993,False,0,,,False,,0,,NULL,NULL,NULL,NULL,NULL
310,426,184780,"캠핑 테이블 접이식 휴대용 간이 보조 식탁 레져 피크닉 등산 낚시 야외 용품 초경량 바베큐 폴딩 좌식 이동식 차박 세트 베란다 일체형 높이조절 90*40*26, 3단 미니테이블",29800,1516433280,False,48,4.5,6.0,False,캠프엠,0,6.0,NULL,NULL,NULL,NULL,NULL
311,427,184780,"야외용 흔들의자 2인, 단품",129000,324347959,False,0,5.0,1.0,False,디자이너스룸,착불배송,1.0,NULL,NULL,NULL,NULL,NULL
312,432,184780,"가구로드 뉴테이크벤치 3인용벤치 4인용벤치 공원벤치 야외용의자 원목 야외벤치 아파트 정원 테라스 펜션, 뉴테이크벤치-3인용",189800,1309323093,False,9,5.0,2.0,False,,0,1.0,NULL,원목,NULL,NULL,NULL
313,435,184780,휴 고급형 썬베드 비치 해변 라탄 의자 쇼파,249900,320398619,False,37,5.0,2.0,False,위드퍼니처,0,2.0,NULL,NULL,NULL,NULL,NULL
314,437,184780,"[테이블쉼터] 야외용 평상 1800x2040 ㄷ자난간포함, 방부목, 무도색",317000,4776686840,False,0,5.0,1.0,False,,착불배송,1.0,NULL,NULL,NULL,NULL,NULL
315,438,184780,"화인 뱅뱅이의자 2개세트, 그린, 2개",17900,8945260,False,0,5.0,1.0,False,화인,0,,그린,플라스틱,NULL,바퀴없음,NULL
316,439,184780,"라탄테이블 라탄쇼파 베란다테이브 테라스테이블 부부테이블 라탄인테리어 여름 테이블 감성 침실 발코니 작은 소파 등나무 의자 조합 세 조각 레저 정원 단일 더블 게으른 소파 성격 창의성, 싱글 체어 대형 커피색 (베개 쿠션 없음)",112500,1708105215,False,0,5.0,1.0,False,,0,1.0,NULL,NULL,NULL,NULL,NULL
317,442,184780,"니드코 플라스틱 간이의자 솔리드등받이의자, 솔리드 등받이 의자 (그린)",9700,1183288143,False,46,4.5,4.0,False,,"2,500",2.0,그린,NULL,비접이식,NULL,NULL
318,443,184780,"GKM-113(인조라탄) 야외의자(착불), 초코",35000,18955395,False,28,5.0,2.0,False,위드퍼니처,착불배송,,브라운,라탄,불가능,바퀴없음,NULL
319,444,184780,"아웃팅 강화스틸 원목 테이블/의자 세트, 강화스틸 120 직사각테이블+E type 팔걸이의자 4개[S]",411000,18566272,False,0,4.0,1.0,False,아웃팅,0,,NULL,NULL,NULL,NULL,NULL
320,445,184780,"정원용의자 야외용 플라스틱 의자 팔걸이 식탁 피크닉 베란다 정원 의자, 회색",21820,5459070889,False,0,,,False,,"4,000",,NULL,NULL,NULL,NULL,NULL
321,446,184780,케터 야외보관함 미니창고 파티오스토어,399000,5364341382,False,0,,,False,케터,0,,베이지,플라스틱,NULL,NULL,NULL
322,447,184780,"매직체어 휴대용 접이식의자, 블루",10980,32736611,True,21,4.5,23.0,False,,0,6.0,멀티(혼합)컬러,NULL,접이식가능,NULL,NULL
323,448,184780,"야외 테이블 세트 정원 철제 접이식 카페 티테이블 베란다 테라스 발코니, 레몬옐로우",124300,5158958201,False,52,,,False,,0,,NULL,NULL,접이식가능,NULL,NULL
324,449,184780,"조립식평상 옥상 들마루 미니 대청마루 접이식 야외 평상 베란다 테이블 원목 (화물배송무료), 가로 200 x 세로 90 x 높이 40 cm",102000,5180195644,False,25,4.0,1.0,False,,"29,900",1.0,NULL,NULL,NULL,NULL,NULL
325,450,184780,"스마트퍼니처 인테리어 디자인 PE 라탄 정원 펜션 호프 테라스 카페 알루미늄 프레임 더블라인 팔걸이 체어 야외의자, 내추럴",49500,1251850322,False,0,,,False,,착불배송,,NULL,NULL,NULL,NULL,NULL
326,451,184780,"여러 크기 야외 가구 커버 소파 자 테이블 커버 정원 비 눈 먼지 커버 파티오 방수 커버 그레이 블랙, 검정, 86x86x36cm",21600,5465946739,False,38,,,False,,0,,NULL,NULL,NULL,NULL,NULL
327,453,184780,"대나무 평상 야외 베란다 옥상 테이블 이동식 대청마루 죽상접이침대, C-100",119200,1640307264,False,17,3.5,6.0,False,,0,6.0,원목색상,원목,NULL,NULL,NULL
328,455,184780,"원목평상 실내야외마루용 원목벤치 침대 (중형), 900 x 1820mm [높이400mm]",141900,99363829,False,0,5.0,5.0,False,,0,1.0,NULL,NULL,NULL,NULL,NULL
329,456,184780,"마켓비 BROMSON 빈티지테이블 WFT040, 샌디",43000,22754995,False,0,4.5,23.0,False,마켓비,0,1.0,베이지,철제,접이식가능,NULL,NULL
330,457,184780,"테라스그네 야외 정원 원목 그네의자 2인용 나무 스윙체어, 1인 브라운- 플래그십(특대형-핸들+발 H답)H",183400,5281660894,False,70,,,False,,0,,NULL,NULL,NULL,NULL,NULL
331,458,184780,"라탄 의자 2p, 커피",52000,5470247052,False,27,,,False,,0,,브라운,NULL,비접이식,NULL,NULL
332,459,184780,"박스파트너 휴대용 야외 피크닉 페스티벌 접이식 등받이 좌식 의자, 등받이 종이의자 - (A)",10000,1384084776,False,0,5.0,2.0,False,박스파트너,0,2.0,NULL,NULL,접이식가능,바퀴없음,NULL
333,460,184780,"지퍼니처 라탄 플라스틱의자, 02_아이보리, 1p",4990,4703483,False,0,4.5,191.0,False,지퍼니처,"2,500",23.0,베이지,플라스틱,NULL,바퀴없음,NULL
334,462,184780,"[이베스타]야외 조립식 천연원목평상/한정할인판매, 5x7자 1500x2100mm도색",210000,179232503,False,0,4.5,3.0,False,,착불배송,2.0,NULL,NULL,NULL,NULL,NULL
335,463,184780,"올리브가구 분리형 야외원목테이블 카페테이블 야외평상 바베큐그릴 파라솔 야외테이블세트, 대형파라솔 특대형 2700 (녹색)",109000,5353223039,False,0,5.0,1.0,False,,착불배송,1.0,NULL,NULL,NULL,NULL,NULL
336,464,184780,"유로 강화 접이식 700사각 40번 4인 야외 테이블 세트, 유로700사각+40번_월넛4개",149500,2208402101,False,28,5.0,1.0,False,위드퍼니처,0,1.0,NULL,NULL,접이식가능,NULL,NULL
337,471,184780,케터 우드랜드 110 조립식창고,239000,294979471,False,0,4.0,1.0,False,케터,"25,000",1.0,베이지,플라스틱,NULL,NULL,NULL
338,473,184780,"야외 벤치의자 앤틱 테라스 철제 정원 카페 레스토랑, 흰색 소형",82000,2370531927,False,0,,,False,,0,,화이트,NULL,NULL,NULL,NULL
339,475,184780,"사계절공간연출 003-2인야외테이블셋트(테이블1개 의자2개) 야외테이블셋트, 003-2인셋트(테이블1개 의자2개), 없음",133000,7650818,False,0,4.5,6.0,False,,착불배송,1.0,브라운,원목,NULL,NULL,NULL
340,479,184780,"이안에다있다 간이 플라스틱 대나무의자 야외용 의자 (국산), 골드",5900,89695345,False,0,4.5,66.0,False,,"3,000",7.0,NULL,NULL,비접이식,NULL,NULL
341,481,184780,"착한테이블 특대형 팔각 꺽임 파라솔 야외 특대형 세트 그늘막 우산 테이블 루프탑 테라스, 그린 (파라솔 받침대 별도 구매)",49000,206819553,False,0,5.0,10.0,False,,착불배송,9.0,NULL,NULL,NULL,NULL,NULL
342,482,184780,케터 우드랜드110 소형 조립식창고 미니창고 야외보관함,239000,163819286,False,0,4.5,10.0,False,,"20,700",6.0,브라운,PP,NULL,NULL,NULL
343,486,184780,케터 걸리버 체스트 야외보관함 대형수납함,85000,1217240857,False,0,2.0,4.0,False,,"5,500",2.0,베이지,NULL,NULL,NULL,NULL
344,487,184780,"알프랑루체 아웃도어 접이식 테이블, 브라운",20300,1015574,True,63,4.0,35.0,False,리벤스,0,4.0,브라운,알루미늄,,NULL,2인용
345,488,184780,"모니카 1200X700 라탄 플라스틱 테이블 야외 카페, 브라운",82900,1899958505,False,28,5.0,2.0,False,위드퍼니처,0,2.0,NULL,NULL,NULL,NULL,NULL
346,491,184780,"간단한 접이식 원형탁자 작은 아파트 식탁 야외 스톨 테이블 휴대용 접이식 가정용 다이닝, 60 * 71 흰색 프레임 새하얀 원탁",32600,2334726901,False,0,,,False,,0,,NULL,NULL,접이식가능,NULL,NULL
347,493,184780,라이프타임 코스트코 조립식 창고 1.1평 8x5 6406 농막 간이창고,1243000,320428694,False,0,,,False,라이프타임,0,,NULL,NULL,NULL,NULL,NULL
348,496,184780,"베리구즈 무지 박스테이블 + 비닐백 3p, 브라운",11490,107450954,True,0,4.5,10.0,False,,0,1.0,NULL,NULL,NULL,NULL,NULL
349,497,184780,"쿨 접이식테이블1100X700-알루미늄접이야외테라스, 1100X700",80900,95528037,False,29,5.0,1.0,False,위드퍼니처,0,,NULL,알루미늄,접이식가능,NULL,NULL
350,498,184780,"착한테이블 주문제작 원목 야외 평상 파라솔 별매 가로1800 세로1780 높이400 정원 테이블 야외용, 대형 도토리 도색",227000,1370774725,False,0,4.0,4.0,False,,착불배송,,선택1,NULL,NULL,NULL,NULL
351,499,184780,"해피코리아 야외용테이블세트 연탄테이블 지름900mm, 일반숯불용+숯불화로",150000,5318925310,False,16,3.5,2.0,False,해피콜,"15,000",2.0,NULL,NULL,NULL,NULL,NULL
352,501,184780,"[이베스타]목재용광택제/바니쉬/목재용니스/목재용광택제, 250mm",4000,179265303,False,0,4.0,1.0,False,,착불배송,1.0,NULL,NULL,NULL,NULL,NULL
353,502,184780,"로티홈시스 접이식 브로몰딩 테이블, 브로몰딩접이식의자우드무늬",33500,202255432,False,0,5.0,1.0,False,로티홈시스,0,1.0,NULL,NULL,접이식가능,NULL,NULL
354,503,184780,"대원 플라스틱 사각의자 회전의자 간이의자, 적색, 사각 의자",2700,4744969930,False,0,5.0,1.0,False,,"3,000",1.0,NULL,NULL,NULL,NULL,NULL
355,505,184780,국산 튼튼한 접이식 가판대 자바라매대,53800,10910953,False,0,4.5,9.0,False,,0,2.0,NULL,NULL,접이식가능,NULL,NULL
356,506,184780,"알미늄 접이식 핸디 의자 소형, 실버",15900,4876053450,True,0,,,False,코아,0,,NULL,알루미늄,NULL,바퀴없음,NULL
357,508,184780,케터 간이창고 우드랜드 야외보관함 미니창고,275000,4941305490,False,0,,,False,케터,0,,NULL,NULL,NULL,NULL,NULL
358,509,184780,케터 미니창고 야외보관함 우드랜드맥스,328000,4535866076,False,0,,,False,케터,0,,베이지,플라스틱,NULL,NULL,NULL
359,510,184780,"피카소 뉴코드스윙2 3인세트 야외의자 야외용의자 흔들의자 야외테이블세트 아카풀코, 뉴코드스윙 2인-화이트세트",204500,246530859,False,11,4.5,2.0,False,,0,1.0,NULL,NULL,NULL,NULL,NULL
360,519,184780,"레트로 4인 야외 테이블 의자 세트 정원 테라스, 테이블1ea＋의자4ea",690900,1268117058,False,36,5.0,1.0,False,위드퍼니처,0,1.0,NULL,NULL,NULL,NULL,NULL
361,521,184780,"사계절공간연출 야외의자, 블랙+내츄럴, 1개",37000,3836552,False,0,5.0,15.0,False,,착불배송,2.0,베이지,원목,NULL,바퀴없음,NULL
362,522,184780,브로몰딩 1500 원형 듀라이크 야외 행사용 테이블,145500,266355957,False,0,4.5,2.0,False,,0,,NULL,NULL,NULL,NULL,NULL
363,524,184780,"라트 스네이크 야외용테이블세트, 4인용세트",283100,110926926,False,0,,,False,,0,,브라운,라탄,NULL,NULL,NULL
364,529,184780,"정원 어린이 야외 그네뛰기 야외 그네 야웃도어 흔들의자 유치원 야외 그네 1인 단지 가정용 정원 성인대, B",29300,5385463258,False,0,,,False,,0,,NULL,NULL,NULL,NULL,NULL
365,530,184780,"착한테이블 고기가 맛있게 구워지는 바베큐 그릴 포함 한쪽등받이 야외 테이블, 8인 한쪽 등받이 바베큐 도토리 도색",375000,4590371338,False,0,,,False,,착불배송,,NULL,원목,접이식불가능,NULL,NULL
366,531,184780,"트렌디하우스 브로몰딩 직사각 접이식 테이블 1800mm 야외테이블, (180CZ) 접이식테이블 1800mm",59900,151896185,False,3,4.0,2.0,False,,0,,NULL,PP,접이식가능,NULL,NULL
367,533,184780,"FHSJ 북유럽풍 베란다티테이블세트 야외용철제부부 원형접이식테라스, 의자단품_브론즈",69200,1825685536,False,0,3.0,2.0,False,,0,2.0,NULL,NULL,접이식가능,NULL,NULL
368,535,184780,도리퍼니처 쉐리 철제 메쉬 접이식 의자 2p,97840,4656302923,True,0,,,False,도리퍼니처,0,,NULL,NULL,접이식가능,NULL,NULL
369,536,184780,"베리구즈 무지 박스테이블 15p + 비닐백, 화이트",32730,95747002,True,37,4.5,6.0,False,,0,4.0,NULL,종이,접이식가능,NULL,NULL
370,540,184780,"피카소 사자벤치 야외벤치 공원 아웃도어 정원 가든 목재, 사자벤치-내츄럴",112200,60573871,False,25,5.0,1.0,False,,0,,브라운,원목,NULL,NULL,NULL
371,544,184780,"대성하우징(주) 원목 야외 테이블 6~8인용 야외용 세트 반조립 파라솔 고정대포함, 밤색+파라솔노랑",316000,5238224596,False,0,,,False,,착불배송,,NULL,NULL,NULL,NULL,NULL
372,545,184780,"야외 테이블 의자 접이식 테라스 베란다 정원 테이블 철제 전원주택 이케아 실외, 1테이블+2의자 화이트 라운드테이블 접이식",114100,5531890145,False,61,,,False,,0,,NULL,NULL,접이식가능,NULL,NULL
373,546,184780,모던컨츄리 원목 야외창고 조립식 간이창고 이동식 도구 야외보관함 야외캐비넷 텃밭 펜션 정원꾸미기 추천,225000,2341655594,False,0,,,False,,0,,NULL,NULL,NULL,NULL,NULL
374,547,184780,"원목 별장 럭셔리 야외 흔들의자 테라스 정원, C.업그레이드 럭셔리 그네 (탑+방석)",546700,5427648123,False,46,,,False,,0,,NULL,NULL,NULL,NULL,NULL
375,550,184780,"[공룡플라스틱] 야외용 플라스틱 간이회전의자 10개 세트, 적색",37000,4570316118,False,17,,,False,,0,1.0,NULL,NULL,NULL,NULL,NULL
376,551,184780,QWG405232미니테이블 폴딩 간이테이블 2단/접이식 다과상 미니,15510,5524026117,False,4,,,False,,"3,000",,NULL,NULL,접이식가능,NULL,NULL
377,552,184780,불투명 강화유리 정사각테이블 철제 정원 카페테이블,90000,2368873826,False,40,,,False,,"7,000",,NULL,NULL,NULL,NULL,NULL
378,553,184780,코스트코 소자그 메시나 가제보 3.0 x 3.6m 야외조립식정자 파고라 이동식주택 농막,1537000,4996157260,False,0,,,False,,"250,000",,NULL,NULL,NULL,NULL,NULL
379,554,184780,"튤립 장미 주물 체어 야외 정원 테라스 의자 야외테이블세트, 장미주물, 1인의자(단품), 화이트색상",63400,1945398578,False,28,5.0,1.0,False,,0,1.0,NULL,NULL,NULL,NULL,NULL
380,555,184780,"무중력의자 3단특대형침대의자와 베개 META3 신형!기스방지프레임 야외의자, 레드",34900,25132892,False,0,4.5,2.0,False,무중력의자,0,,NULL,NULL,NULL,NULL,NULL
381,556,184780,더컨테이너샵 케터(정품) 팩터 6x3 조립식창고,649000,161362773,False,0,3.0,9.0,False,,"53,900",3.0,브라운,PP,NULL,NULL,NULL
382,558,184780,"윈디 접이식 타공 테이블 600사각, 사각60cm",57900,103934328,False,28,5.0,3.0,False,위드퍼니처,0,2.0,NULL,철제,접이식가능,NULL,NULL
383,559,184780,"루이사베카리아 별장 테라스 스윙체어 야외 흔들의자 2인용 원목 정원그네, 럭셔리우드그네",341000,5379153919,False,0,,,False,,0,,NULL,NULL,NULL,NULL,NULL
384,561,184780,"테이블쉼터 분리형 등평세트 6~8인 방부목 야외테이블 야외용DIY(파라솔별매), 도토리색",286000,1313305923,False,0,4.5,6.0,False,,착불배송,4.0,NULL,원목,접이식 불가,NULL,NULL
385,562,184780,"브로몰딩 고정식 접이식 테이블, (접이식):W1500_화이트(YW606-2)",42900,166980004,False,0,4.0,1.0,False,,착불배송,,NULL,NULL,접이식가능,NULL,NULL
386,564,184780,"착한테이블 방부목 데크 목재 오일스테인 16L + 평붓 로라, 16L 103 살구색",95000,94061206,False,0,4.0,7.0,False,,0,3.0,선택1,NULL,NULL,NULL,NULL
387,565,184780,퍼즐평상 (휴대용 평상. 캠핑 침대. 캠핑 평상. 야전침대),146000,5314526424,False,16,,,False,,0,,NULL,엠에스플러스,NULL,NULL,NULL
388,566,184780,"농막 마당창고 농기구보관함 전원주택 간이창고 조립식창고 야외보관함 이동식보관함 원목소재 야외가구 대형박스 정리용품 간이농막 다용도수납함 조립식캐비닛 다용도창고 방수보관함, 밝은 회색",250600,2286801381,False,37,,,False,,0,,NULL,NULL,NULL,NULL,NULL
389,567,184780,"캠핑 비치의자 해변의자 접이식 썬베드, 블랙",39000,4768138432,False,0,,,False,,0,,NULL,NULL,NULL,NULL,NULL
390,568,184780,"피카소가구 뉴코드 2/3인세트 야외테이블세트 테라스 카페 정원 라탄 아카풀코, 뉴코드체어 2인세트 - 블랙",163800,1492645894,False,17,,,False,,0,,NULL,NULL,NULL,NULL,NULL
391,571,184780,"소형 야외 조립식 창고 만들기 이동식 DIY 농장 텃밭 마당 공구 수납함 c100, C",149900,5290652839,False,11,,,False,,"50,000",,NULL,NULL,NULL,NULL,NULL
392,572,184780,"SD 브로몰딩 1500 접이식 테이블, 화이트",82500,2403766,False,0,4.5,73.0,False,,0,3.0,화이트,플라스틱,NULL,NULL,6인용
393,573,184780,이케아 ASKHOLMEN 아스크홀멘 야외벽테이블 접이식 라이트 스테인 브라운 라이트브라운 그레이브라운스테인 603.210.22,50750,5495055351,False,0,,,False,,"10,000",,NULL,NULL,접이식가능,NULL,NULL
394,575,184780,"접이식 야외 여름 테라스 의자 원목 우드 대나무 시원한 여름용 베란다 휴양지 카페, E",92200,5454328300,False,31,,,False,,0,,NULL,NULL,NULL,NULL,NULL
395,576,184780,"야외 테이블 세트 피크닉 아웃도어가구 야외 바비큐 테이블과 의자 콤비 주알루미늄 테라스 정원 캐주얼 발코니 실외 유럽식, 01 엘리자베스 의자 4장 + 106cm 탄",1495950,2373603615,False,0,,,False,,0,,NULL,NULL,NULL,NULL,NULL
396,577,184780,우생가구 브로몰딩 고정식 1200 야외 펜션 학교 교회 회의실 강당 테이블 (다리만 접이식 평판 테이블) 120cm,41700,235753998,False,16,,,False,,0,,NULL,플라스틱,다리만 접이식,NULL,NULL
397,578,184780,"S자 선베드 루프탑 쇼핑몰 호텔 리조트 야외 수영장, S",218300,1957122395,False,23,,,False,,0,,NULL,NULL,NULL,NULL,NULL
398,579,184780,"[KA] 6인용 접이식 원형탁자(대형) 다양한 파라솔 테이블 #2078EA, 더귀한 본상품선택, 더귀한 본상품선택",65350,5546389073,False,0,,,False,,0,,NULL,NULL,접이식가능,NULL,NULL
399,580,184780,"야외 비치 플라스틱 의자 편의점 파라솔 행사용 4개, 야외의자 흰색-4개",62690,5378519868,False,9,,,False,,"8,800",,화이트,NULL,NULL,NULL,NULL
400,581,184780,"라탄 인테리어 테라스 카페 정원 테이블 야외의자 1 2 3인용, 2인용 소파",450300,5415283930,False,74,,,False,,0,,NULL,NULL,NULL,NULL,NULL
401,582,184780,"Lo3베드샵_§§지팡이의자 휴대용의자 간이의자 보조의자 스틱의자 등산스틱의자 보조의자 간편한의자 보조지팡이의자+gda찜★＠, 좋아요_♤◐",22550,5522435420,False,15,,,False,,"2,800",,NULL,NULL,NULL,NULL,NULL
402,584,184780,"성도레져 6-8인용 평벤치세트 분리형야외테이블세트 실내 실외 정원 카페 펜션 방부목 천연원목 파라솔, 무도색",200000,290561991,False,0,4.0,1.0,False,,착불배송,1.0,NULL,NULL,NULL,NULL,NULL
403,586,184780,"장미주물 1인의자 정원의자 테라스의자 야외용의자 가든, 브론즈",67500,90675890,False,31,5.0,1.0,False,하늘창가구,0,,브라운,철제,NULL,NULL,NULL
404,587,184780,"스테인레스 야외 평 벤치 카페 공원 정원 야외용 철제 의자, 100x35x45",152000,5182038399,False,59,,,False,,0,,NULL,NULL,NULL,NULL,NULL
405,588,184780,"[공룡플라스틱] 야외용 플라스틱 팔걸의 의자(에덴의자) 4개 세트, 흰색",54000,1893868945,False,1,,,False,,0,,NULL,NULL,NULL,NULL,NULL
406,589,184780,"라탄 썬베드 대형 테라스 수영장 펜션 호텔 야외 의자 소파 발받침 펜션 비치체어, 브라운",163700,5537139203,False,41,,,False,,0,,NULL,NULL,NULL,NULL,NULL
407,590,184780,"가정용 이동식 공구함 연장 보관함 수납장 덮개형 수납상자 마당 캐비닛 미니 창고, 작은 나뭇결 브라운 112 * 48 * 54cm",97000,1980145057,False,64,,,False,,"24,000",,NULL,NULL,NULL,NULL,NULL
408,592,184780,"악마체어 META써클 컬러풀1인안락의자 접이식의자 소파 데코의자 카페의자 간이의자 안락의자, 스카이블루",32900,282968641,False,17,4.0,1.0,False,,0,1.0,NULL,NULL,NULL,NULL,NULL
409,593,184780,"야외 정원 철제 그네의자 스윙체어 흔들의자 벤치, D",107000,5539059151,False,0,,,False,,0,,NULL,NULL,NULL,NULL,NULL
410,594,184780,"야외 공원 카페 옥상 가든 테라스 벤치 2인 의자, 빨간새의자+방석포함",198000,5111747125,False,0,5.0,1.0,False,,0,1.0,NULL,NULL,NULL,바퀴없음,NULL
411,595,184780,"야외평상 주문제작 완제품 판매자설치 소나무, 월넛",250000,46149478,False,0,4.5,4.0,False,,"20,000",,월넛,원목,NULL,NULL,NULL
412,597,184780,"LALA_회전 간이 플라스틱의자 편의점 포장마차 야외 국산 사각 원형 간이의자 컬러 튼튼 체어, 야외의자 빨강-1개",6610,5172571958,False,0,,,False,,"5,000",,NULL,NULL,NULL,NULL,NULL
413,598,184780,"야외 테이블세트 정원 파라솔 철제 원형 티테이블 베란다 카페 커피숍, 6인 강화유리테이블 파라솔B 150x90",359000,5274822376,False,7,4.0,1.0,False,,"35,000",1.0,NULL,NULL,NULL,NULL,NULL
414,599,184780,"국내산 리빙코디 파라솔 원형테이블, 06.리빙코디 테이블 원형-화이트",29800,3287060,False,25,4.5,20.0,False,리빙코디,0,4.0,NULL,NULL,NULL,NULL,NULL
415,600,184780,"옥상 야외 농기구 장비 창고 용품 간이 이동식 캠핑 용품 농막 코스트코 이케아 99, 바닥",172300,5480970134,False,0,,,True,,,,NULL,NULL,NULL,NULL,NULL
416,601,184780,"[스티커증정] 감성 캠핑박스 테이블세트 S [2color], 화이트 하이네캔 월넛",24800,100073001,False,23,4.5,34.0,False,,"2,500",12.0,NULL,NULL,NULL,NULL,NULL
417,602,184780,"심플사각의자 5p, 레드",41100,271049441,True,0,4.5,5.0,False,,0,4.0,레드,PP,NULL,바퀴없음,NULL
418,603,184780,"코나라운드 호텔 루프탑 카페 테라스 야외 테이블 의자 세트 (단품 세트), 옐로우",68700,2159879735,False,11,,,False,,0,,옐로우,NULL,NULL,NULL,NULL
419,605,184780,"성도레져 방부목 2인용 야외등받이벤치 천연원목 야외의자 야외벤치 실내 실외, 메이플",101000,237556113,False,0,4.0,2.0,False,,착불배송,2.0,NULL,NULL,NULL,NULL,NULL
420,606,184780,"지퍼니처 라탄 원형 플라스틱의자, 그레이",4490,5296378918,False,0,5.0,1.0,False,지퍼니처,"2,500",1.0,NULL,NULL,NULL,NULL,NULL
421,607,184780,"LALA_간이 플라스틱의자 편의점 야외의자 국산 사각 원형 회전식 컬러 튼튼 체어, 사각-그레이",5440,5293755008,False,1,,,False,,"2,500",,NULL,NULL,NULL,NULL,NULL
422,609,184780,"북유럽 스타일 천연 등나무 라탄 소파 세트, 2인",369300,5090265634,False,64,,,False,,0,,NULL,NULL,NULL,NULL,NULL
423,610,184780,"세렌디 나무 침대 베란다 들마루 실내 마루 옥상 이동식평상, 폭30cm 길이 200cm",71220,2099991985,False,0,5.0,1.0,False,,"20,000",1.0,NULL,NULL,NULL,NULL,NULL
424,611,184780,브로몰딩 테이블 야외 캠핑 간이책상,33900,2141059289,False,0,,,False,,착불배송,,NULL,NULL,NULL,NULL,NULL
425,613,184780,"올리브가구 등평 분리형 야외원목테이블 카페테이블 피크닉테이블 탁자 야외평상 바베큐그릴 파라솔, 대형파라솔 일반형, 빨강",39000,1947320820,False,0,,,False,,착불배송,,NULL,NULL,NULL,NULL,NULL
426,614,184780,"이동식 접이식 야외 대나무 평상 옥상 테이블, 150X197CM(두꺼운브라운광판죽상)",165500,4395217669,False,32,,,False,,0,,NULL,NULL,NULL,NULL,NULL
427,615,184780,"라이프타임 접이식 의자 4개묶음, 화이트",151900,1810936762,False,0,,,False,라이프타임,0,,NULL,NULL,접이식가능,NULL,NULL
428,616,184780,"조립식평상 만들기 베란다 정원 옥상 야외 테라스 뜰, 옵션9",42700,4796391144,False,0,,,False,,0,,NULL,NULL,NULL,NULL,NULL
429,617,184780,"야외 공구하우스 발코니 정원 미니 농기구 보관함, 130 * 45 * 48.5cm",446600,5342860903,False,0,,,False,,0,,NULL,NULL,NULL,NULL,NULL
430,620,184780,"벌집몰 + 치킨집 편의점 제과점 야외전용 알루미늄 의자J 선정제품*_/^ H*NC/B:23 + WKK*L8/V, 명진 검정등사단_BZ, 본상품선택_BZ",103520,5522451316,False,0,4.0,1.0,False,,0,1.0,NULL,NULL,NULL,NULL,NULL
431,621,184780,"[O]6인용 접이식 원형탁자(대형) 다양한 파라솔 테이블 #29667EA, 본상품선택, 본상품선택",66140,5497333770,False,0,,,False,,0,,NULL,NULL,접이식가능,NULL,NULL
432,622,184780,"베리구즈 휴대용 감성 캠핑 용품 접이식 박스 테이블 피크닉 체어 의자, 캠핑테이블-바둑판 상덮개+비닐백",7500,124749298,False,0,4.5,3.0,False,,0,,NULL,종이,접이식가능,NULL,NULL
433,623,184780,"북유럽 테라스 야외 정원 카페 빈티지 접이식 철제 테이블 의자 세트 펜션 엔틱 야외 2인 티테이블, 연청색 1테이블+2 의자",147900,5456501263,False,55,,,False,,0,,NULL,NULL,NULL,NULL,NULL
434,625,184780,"국산 플라스틱 등받이의자, 빨강",12900,25860142,False,0,4.0,1.0,False,,"8,000",,NULL,NULL,NULL,NULL,NULL
435,627,184780,"빌리지인테리어 파라솔 야외 테이블 발코니 작은 커피 티테이블세트 2인 4인 인테리어 철제 정원, 옵션19",211600,5219046224,False,0,,,False,,"30,000",,NULL,NULL,NULL,NULL,NULL
436,628,184780,"홈포차 테이블 이케아 야외 포장마차 베란다 평상 마루 대청마루 테라스테이블, 8인용 스테인리스 스틸",283800,5435476868,False,29,,,False,,0,,NULL,NULL,NULL,NULL,NULL
437,629,184780,"페이퍼팝 메가토트 휴대용 종이의자 2p, 혼합색상",15400,5379887723,False,0,4.5,2.0,False,페이퍼팝,0,2.0,멀티(혼합)컬러,종이,NULL,NULL,NULL
438,630,184780,"AC 무중력의자®+프리미엄 가죽커버세트 야외의자, 베이지",99900,4389105112,False,0,,,False,무중력의자,0,,NULL,NULL,NULL,NULL,NULL
439,632,184780,"발코니 접이식 야외테이블 홈바 간편설치, 리프트 바 의자 (두 개)",119500,5400199735,False,28,,,False,,0,,NULL,NULL,접이식가능,NULL,NULL
440,633,184780,바낙스 강화 알루미늄 경량 접이식 의자 (대) 뒷쪽 수납포켓 낚시의자 민물의자 캠핑의자,20000,5336382070,False,0,,,False,바낙스,0,,NULL,NULL,접이식가능,NULL,NULL
441,634,184780,"[지니와이드]케이엠피아이 1800 접이식 라탄테이블, 브라운",74380,5408640711,False,0,5.0,1.0,False,,0,1.0,NULL,NULL,접이식가능,NULL,NULL
442,635,184780,"이케아 멜라뢰 야외테이블 의자2 화이트, 단품",250500,5341540785,False,1,,,False,,"30,000",,NULL,NULL,NULL,NULL,NULL
443,637,184780,"[자연쉼터] 방부목 조립식 마루 평상 야외 실내 원목 나무 침대 (실내용은 주문 시 무방부목 제작 기재), f)도토리색",131000,5459242728,False,0,,,False,,착불배송,,브라운,원목,NULL,NULL,NULL
444,638,184780,"픽차 다용도 접이식 의자 테이블, 화이트(화이트 받침대)80*80높이74",39100,4562166661,False,51,,,False,,0,,NULL,NULL,접이식가능,NULL,NULL
445,639,184780,"야외 정원 2인 벤치 철제 발코니 의자 마당 옥상 엔틱 카페 공원 전원주택, 옵션19",172500,5484437387,False,35,,,False,,0,,NULL,NULL,NULL,바퀴없음,NULL
446,640,184780,"북유럽 엔틱 야외 테이블 의자 세트 4인 2인 빈티지 철제 정원 베란다 티테이블, 레드 브론즈2인용",145400,5232076230,False,45,,,False,,"35,000",,NULL,NULL,NULL,NULL,NULL
447,641,184780,"지오리빙 높은 플라스틱의자, 브라운",12900,302336605,False,0,5.0,2.0,False,,"10,000",2.0,NULL,NULL,NULL,NULL,NULL
448,642,184780,"엠파이어 흡연부스 자연환기형 흡연실 조립식 2mX1mX2m, 30mm파이프/2x1x2오픈형 브라운",390000,4853232412,False,0,5.0,1.0,False,엠파이어,"60,000",,그린,NULL,NULL,NULL,NULL
449,643,184780,"엉클트리 야외 원목 테이블 의자 세트 피크닉 야외용 파라솔 옥상 벤치 탁자 평상 만들기, (등평)4인용 한쪽 등받이/도색(월넛색상)",323920,5136417606,False,0,5.0,1.0,False,,0,1.0,NULL,NULL,NULL,NULL,NULL
450,644,184780,라이프타임 야외 높이조절 접이식테이블 캠핑 정원 파티 미팅룸 테이블,56800,5314676731,False,0,,,False,라이프타임,0,,NULL,NULL,접이식가능,NULL,NULL
451,645,184780,"느낌 꾸미기 정원 공원 감성 가든 옥상 철제 루프탑 그늘막 야외 차양정 텐트 테라스 공원 차일 정자 가제보 차양막, 4x4 정자+3면 시트+테이블",1990900,5568884458,False,7,,,False,,0,,NULL,NULL,NULL,NULL,NULL
452,646,184780,"성도레져 튼튼원목평상 평상, 2400*2370 방부목 도색",337000,246548478,False,0,,,False,,착불배송,,NULL,NULL,NULL,NULL,NULL
453,647,184780,"베란다포차 감성주점 접이식 테이블과 의자 차 식당 테이블 베란다포장마차 우드척박스 포차테이블 나래바, 표",39500,1844448223,False,45,,,False,,"20,000",,NULL,NULL,접이식가능,NULL,NULL
454,648,184780,"S자곡선 테라스 라탄패턴 호텔 리조트 펜션 야외 수영장 해수욕장 침대 썬베드 멜로즈 일광욕, 옵션1",165000,4796165859,False,0,,,False,,"25,000",,NULL,NULL,NULL,NULL,NULL
455,649,184780,"[오늘픽]파라솔 야외 플라스틱 의자 편의점 라탄 행사용 1개(좋아요 구매해주세요), 구매 꾹-> 라탄의자 실버-1개",7890,1640422129,False,0,,,False,,"3,000",,NULL,NULL,NULL,NULL,NULL
456,650,184780,"조립식 평상 마루 야외 착한 테이블 원목 접이식, [남주 오년] 150 와이드 필름 + 초 두꺼운",175100,5360913693,False,0,,,False,,0,,NULL,NULL,NULL,NULL,NULL
457,651,184780,"프라이드리빙 아카시아 원목 실내야외 테라스 티테이블_원형 접이식테이블 원목테이블 야외테이블, 브라운",90820,1195518768,False,0,,,False,프라이드리빙,0,,NULL,NULL,NULL,NULL,NULL
458,652,184780,"지퍼니처 팔걸이 하이 플라스틱의자, 05_옐로우",12900,18306597,False,0,4.0,47.0,False,지퍼니처,착불배송,,옐로우,PP,NULL,바퀴없음,NULL
459,653,184780,"야외 캐노피 침대 소파 썬베드 호텔 비치 라운드 안뜰 라운지 발코니 수영장 게으른, 스타일 11",1308000,5499351897,False,11,,,False,,0,,NULL,NULL,NULL,NULL,NULL
460,654,184780,"브로몰딩테이블 1220, 브로몰딩테이블 1220 접이식 화이트[OT184]",45320,5415907787,False,12,,,False,,0,,NULL,NULL,접이식가능,NULL,NULL
461,655,184780,"빈티지 접이식 철제 테이블 세트 카페 테라스 정원 펜션 북유럽 2인 빈티지 야외 티테이블, 블루, 의자단품",66300,5471079964,False,0,,,False,,0,,NULL,NULL,접이식가능,NULL,NULL
462,656,184780,"[W+466+A86]6인용 접이식 원형탁자(대형) 다양한 파라솔 테이블 @ManGiving*7ea+Dreams, opt:: 본상품선택",66780,5147417348,False,0,5.0,1.0,False,,0,1.0,NULL,NULL,접이식가능,NULL,NULL
463,657,184780,"실내그네의자 그네의자 실내 편리한 가정용 레저 곤돌라 목걸이 침대걸이 행거망사 수면가능 귀여운 달모양의자, T02-싱글 블루그린",18900,5564467633,False,0,,,False,,"7,000",,NULL,NULL,NULL,NULL,NULL
464,658,184780,"야외실외 정원 팬션 원목 나무 그네의자 그네리프트 야외용 발코니 캐주얼 성인2인용 흔들의, 01 1.2m 상규형 18mm",351200,4571880189,False,0,,,False,,0,,NULL,NULL,NULL,NULL,NULL
465,659,184780,"피카소가구 두줄알루미늄4개묶음 1세트 야외 편의점의자 야외의자 테라스 카페야외, 두줄알미늄의자(4개)",141200,4977557904,False,1,,,False,,0,1.0,실버,알루미늄,NULL,바퀴없음,NULL
466,660,184780,"조화e 가성비최고 무중력의자 듀랄루민 가벼운 낚시의자 경량의자, 블랙",12900,4668080765,False,0,,,False,,0,,NULL,NULL,NULL,NULL,NULL
467,661,184780,"MAX 60프로 인하 리퍼특가 캠핑의자, 와이드 광폭 리클라이너",45900,1907910068,False,58,5.0,2.0,False,MAX,0,2.0,NULL,NULL,NULL,NULL,NULL
468,664,184780,타카쇼 정원용 평상,171470,4892934004,False,0,,,False,타카쇼,"20,000",,NULL,NULL,NULL,NULL,NULL
469,665,184780,"조립 식 야외 원목 데크 마루 테라스 옥상 마당 평상 만들기 꾸미기 마당 전원주택 시공, 계단90x30x50cm",88700,4775493449,False,0,,,False,,0,,NULL,NULL,NULL,NULL,NULL
470,667,184780,"흔들 그네 의자 정원 마당 팬션 카페 야외 철제 주물, I",136900,2368402771,False,37,,,False,,0,,NULL,NULL,NULL,NULL,NULL
471,670,184780,"포스아트 로데오 벤치의자 단품 야외의자, 대",182000,21957913,False,0,4.0,9.0,False,포스아트,0,,NULL,NULL,NULL,NULL,NULL
472,671,184780,"브로몰딩 접이식 벤치의자, 2개",69900,1614884,True,20,4.0,21.0,False,,0,2.0,NULL,NULL,접이식가능,바퀴없음,NULL
473,672,184780,라이프타임(LIFETIME) 접이식테이블 & 의자 set - T80352 야외테이블 공원테이블 피크닉테이블,87800,5523859581,False,0,,,False,라이프타임,0,,NULL,NULL,접이식가능,NULL,NULL
474,674,184780,"야외그네 원목 공중 전원주택 실외그네 벤치 라탄그네 정원 야외 스윙 침대 이중 목적 철, 파나마 앉아서 그네",435500,5410335429,False,40,,,False,,0,,NULL,NULL,NULL,NULL,NULL
475,676,184780,"[ 아리엘퍼니쳐 ] 텔레스코픽 09 휴대용 접이식 등산 자바라 낚시 의자 폴딩 스툴, 블루",24900,2171140080,False,0,,,False,,0,,NULL,NULL,접이식가능,NULL,NULL
476,677,184780,"오에이데스크 크리스탈 야외테이블 100, 블랙사각",72900,14642833,False,0,4.5,12.0,False,,0,,블랙,유리,NULL,NULL,NULL
477,678,184780,"다온테크원 플라콘60타입 운반롤러 물류롤러 하역롤러 플라콘롤러 롤러 컨베이어 컨베이어롤러, [착불] 60일반타입 3미터 X 1개",27000,1503749393,False,0,,,False,,착불배송,,NULL,NULL,NULL,NULL,NULL
478,679,184780,"야외그네 투명 천장 의자 그물 빨간 거품 의자 바구니 천장 매달려 유리 매달려 공 홈 야외 스윙 홈스테, 커피 두꺼운 등나무 천장 (우송료 별도)",175000,5570104650,False,0,,,False,,"28,000",,NULL,NULL,NULL,NULL,NULL
479,680,184780,"야외 간이 조립식 다용도 보관함 창고 농막 비닐, 1. 프레임 + 커버",62500,4344409654,False,0,,,False,,"18,000",,NULL,NULL,NULL,NULL,NULL
480,681,184780,"S자곡선 테라스 라탄패턴 호텔 리조트 펜션 야외 수영장 해수욕장 침대 썬베드 멜로즈 일광욕, 21",132100,5497172602,False,23,,,False,원허닛,0,,NULL,NULL,NULL,NULL,NULL
481,682,184780,"포장마차 테이블 뱅뱅이의자 세트, 레드사각테이블",47900,4832359600,False,0,5.0,1.0,False,,0,1.0,NULL,NULL,NULL,NULL,NULL
482,683,184780,"화인뱅뱅이의자 편의점의자 보조의자 식당의자, 주황",5250,43070651,False,0,3.5,9.0,False,,착불배송,,NULL,NULL,NULL,NULL,NULL
483,685,184780,"성도레져 튼튼원목평상 평상, 2200*2370 원목 무도색",267000,246545085,False,0,3.0,1.0,False,,착불배송,,NULL,NULL,NULL,NULL,NULL
484,686,184780,"LALA_국산 심플 칼라 간이플라스틱의자 포차 야외손님 편의점 여름장사, 블루",4940,5172572040,False,62,,,False,,"8,000",,NULL,NULL,NULL,NULL,NULL
485,687,184780,"S자곡선 발리풍 썬베드 썬텐 라탄 의자 호텔 리조트 펜션 비치 체어 해수욕장 테라스 침대, 블랙",191000,5489705533,False,35,,,False,,0,,NULL,NULL,NULL,NULL,NULL
486,688,184780,이케아 아스크홀멘 야외테이블 접이식 라이트 스테인 브라운112x62 cm,62300,5341536518,False,35,,,False,,"30,000",,NULL,NULL,접이식가능,NULL,NULL
487,689,184780,라이프타임 버티컬 조립식 창고,293900,5561599175,False,0,,,False,라이프타임,0,,NULL,NULL,NULL,NULL,NULL
488,690,184780,"접이식 경량 롤 테이블 감성 캠핑식탁 차박 캠핑용 차박용 우드 테라스 과 의자 다섯 조각 자율 주행 품 뒤 발코니 직사각형 차 켐핑 켐핑용 차박용, 길이 70 폭 70 높이 70 알루미늄 테이블",67300,5373789488,False,0,,,False,BRS,0,,NULL,NULL,접이식가능,NULL,NULL
489,692,184780,"편의점 낚시터 야외용 다용도 플라스틱 간이의자, 사각간이의자(블루)",2990,2122299630,False,50,,,False,,"2,500",,NULL,NULL,NULL,NULL,NULL
490,693,184780,"다윈트레이더스 파나마 력셔리 고급 3인용 야외그네, 베이지",429000,257722839,False,50,5.0,2.0,False,,0,2.0,NULL,NULL,NULL,NULL,NULL
491,694,184780,"트리 휴대용 접이식 4인 테이블 세트, 아이보리, 1개",143110,2199317,False,0,5.0,2.0,False,,0,,NULL,NULL,NULL,NULL,NULL
492,695,184780,"26 크기 방수 라운드 화재 구덩이 먼지 커버 파티오 화덕 그릇 테이블 커버 정원 발코니 캠핑 야외 가구, 38x40cm",25100,5494060341,False,30,,,False,,0,,NULL,NULL,NULL,NULL,NULL
493,696,184780,"소프트유가구 로즈주물2인벤치 야외용 정원 공원 벤치 의자, 실버",125000,1807282072,False,0,4.0,2.0,False,,0,2.0,실버,NULL,NULL,NULL,NULL
494,697,184780,"스마트퍼니처 알루미늄 프레임 내구성 강하며 가벼워 실내 야외용 정원 펜션 카페 호프 테라스 팔걸이 체어 야외의자, 실버",29700,1254966623,False,0,5.0,1.0,False,,착불배송,1.0,NULL,NULL,NULL,NULL,NULL
495,698,184780,"라트 라인 아카풀코 라탄 야외의자, 에그픽콕",61900,5144180531,False,36,,,False,,0,,NULL,NULL,NULL,NULL,NULL
496,699,184780,"매이템 그늘막야외의자 캠핑의자 낚시의자 접이식 감성 캠핑 체어 릴렉스 체어, 블루",28900,5550112156,False,0,5.0,1.0,False,,0,2.0,NULL,NULL,NULL,NULL,NULL
497,700,184780,"앨리스 야외 발코니 정원용품 방수창고 농막 미니 조립식창고, [단층 85cm 높이] HL850EK",182200,2283714094,False,43,,,False,,"25,000",,NULL,NULL,NULL,NULL,NULL
498,702,184780,"가원 MISTY 2인용 야외테이블 세트, 테이블(블랙1개) MISTY의자 (블랙 2개), 1세트",136400,10390746,False,0,4.0,4.0,False,가원,"20,000",,블랙,PP,NULL,NULL,2인용
499,703,184780,"북유럽 야외 철제 벤치 공원 심플 벤치 정원 발코니 가든 의자, 화이트",100600,5493676574,False,10,,,False,,0,,NULL,NULL,NULL,NULL,NULL
500,708,184780,"LALA_간이 플라스틱의자 편의점 야외의자 국산 사각 원형 회전식 컬러 튼튼 체어, 사각-레드",5440,5172571512,False,1,,,False,,"2,500",,NULL,NULL,NULL,NULL,NULL
501,709,184780,"우생 브로몰딩 1200 야외 접이식테이블 프리마켓 테이블 캠핑 팬션 다용도, 접이식 1200+스판커버",44800,185443061,False,10,,,False,,0,,NULL,플라스틱,,NULL,NULL
502,710,184780,"입는 의자 보이지 않는 체어 리스 웨어러블 외골격 인체 지하철 밤샘 대기 줄 공대생, L + 메탈 버전 [바지속으로]",67400,5504832935,False,62,,,False,,0,,NULL,NULL,NULL,NULL,NULL
503,711,184780,"야외의자 베란다 여름 낮잠 누울수있는의자 햇빛건조 상품가능 가정용 레저 노인 접이식 편리한 휴대용, T19-통이넓은 각관 포함지지 장대+두꺼운면 아동매트",65900,5534394808,False,0,,,False,,"7,000",,NULL,NULL,NULL,NULL,NULL
504,713,184780,"캐나다쉐드 조립식창고 PREMIUM S1 6x5 1평형, 창고단품+고급우드데크+무료배송",840000,178612944,False,39,2.0,3.0,False,,0,1.0,NULL,NULL,NULL,NULL,NULL
505,714,184780,"야외용테이블 브로몰딩테이블 상판접이식 6인용 너비1800, 화이트",82000,66929182,False,0,4.0,1.0,False,,0,,NULL,NULL,NULL,NULL,NULL
506,715,184780,"피카소 카리브썬베드 수영장의자 야외의자 썬베드 비치의자 선베드, 카리브썬베드-브라운",225300,144960680,False,9,5.0,1.0,False,,0,1.0,브라운,텍스틸린,NULL,NULL,NULL
507,716,184780,"착한테이블 전문목수 편리한 등받이 야외 테이블 4인용 8인용 원목 세트 파라솔 별매 정원, 4인용 등받이 야외테이블 도토리색",314000,237894422,False,0,4.0,8.0,False,,착불배송,2.0,NULL,원목,상품페이지참고,NULL,NULL
508,718,184780,"플라스틱의자(F) 5개세트 팔걸이 야외 수퍼 업소 행사 체육관, 레드",73800,5525318967,False,0,,,False,,0,,NULL,NULL,비접이식,NULL,NULL
509,722,184780,"하이스위티 아동용파라솔 벤치 테이블 아동용, 혼합",47400,283036250,False,0,5.0,1.0,False,,0,1.0,NULL,NULL,NULL,NULL,NULL
510,726,184780,"착한테이블 전문목수 한쪽등받이 원목 야외 테이블 세트 파라솔 별매 정원 평상 테라스 야외용 베란다 캠핑 가구 카페 데크, 4인 한쪽 등받이 도토리 도색",271000,1370809091,False,0,5.0,19.0,False,,착불배송,11.0,NULL,NULL,NULL,NULL,NULL
511,728,184780,"스툴 브로몰딩 테이블 1500접이식 야외테이블 접이식, 화이트",55800,203101478,False,0,4.0,6.0,False,,0,2.0,화이트,NULL,접이식가능,NULL,NULL
512,730,184780,"다우미 또이토이 파라솔 벤치 테이블, 혼합",47400,590046,False,0,4.5,23.0,False,다우미,0,9.0,멀티(혼합)컬러,플라스틱,NULL,NULL,NULL
513,731,184780,(테이블공장) 물에강한 고급 우레탄바니쉬 원형 8인용 코팅테이블,420000,1958821016,False,0,4.5,2.0,False,,착불배송,2.0,NULL,NULL,NULL,NULL,NULL
514,737,184780,"코엠건설산업 렉산골판 1070*1800 V-76 지붕재 PC 폴리카보네이트, 1100*1800 그린",18000,115138485,False,0,5.0,16.0,False,,착불배송,10.0,NULL,NULL,NULL,NULL,NULL
515,738,184780,"아르망 800 원형 브로몰딩 접이식 테이블 야외 테라스, 브라운",52900,1767375231,False,31,5.0,2.0,False,위드퍼니처,0,2.0,NULL,NULL,접이식가능,NULL,NULL
516,741,184780,"다용도 대창미니 2호 플라스틱 간이의자, 대창미니의자 2호 (레드)",1560,1182550574,False,55,5.0,1.0,False,,"2,500",1.0,NULL,NULL,NULL,NULL,NULL
517,742,184780,"보이지 않는 의자 입는 웨어러블 체어 착용하는 서서 일하는분 완소템, 베어링 100kg은 120-190cm",27800,5138986014,False,0,5.0,1.0,False,,"8,000",1.0,NULL,NULL,NULL,NULL,NULL
518,744,184780,"상도가구 SD접의자 세미나 행사용 접이식의자3017, 블랙(CO)",12630,302986139,False,49,4.5,3.0,False,상도가구,착불배송,3.0,NULL,NULL,NULL,NULL,NULL
519,746,184780,"아르망 1200 3단 브로몰딩 테이블 1020벤치 2개 세트, 테이블+벤치2개",111900,2014479219,False,30,5.0,6.0,False,위드퍼니처,0,6.0,NULL,NULL,NULL,NULL,NULL
520,747,184780,"농업용 접이식의자 뱅글의자 농사의자 밭일 바퀴의자 밭일의자, 1개, 농사 뱅글 의자",37800,1862086314,False,0,3.0,2.0,False,,"3,000",2.0,NULL,NULL,NULL,바퀴있음,NULL
521,748,184780,"빈티지 에스닉 야외 베란다 철제 벤치 2인 의자, 스타일 I",170000,4965858252,False,0,,,False,,0,,NULL,NULL,NULL,NULL,NULL
522,750,184780,"고급알루미늄 2인세트 알미늄테이블세트 야외테이블세트 카페테라스 펜션 리조트, 고급알미늄2인세트",121000,1184104388,False,6,3.0,2.0,False,하늘창가구,0,2.0,NULL,NULL,NULL,NULL,NULL
523,752,184780,포스아트 발리 라탄 사각 의자 야외의자,71800,24071159,False,0,4.5,2.0,False,포스아트,0,1.0,NULL,NULL,NULL,NULL,NULL
524,753,184780,"소프트유가구 허니벤치 정원벤치 공원벤치 야외용벤치, 화이트",115000,191593071,False,0,4.5,2.0,False,,0,1.0,NULL,NULL,NULL,NULL,NULL
525,754,184780,"QUFX 북유럽풍 베란다티테이블세트 야외용철제부부 원형접이식테라스, 의자(단품)",62700,1825784433,False,0,,,False,,0,,NULL,NULL,접이식가능,NULL,NULL
526,755,184780,"오에이데스크 프리미엄 브로몰딩 테이블 860, 브라운",89900,51410411,False,0,4.5,20.0,False,,0,11.0,브라운,플라스틱,NULL,NULL,NULL
527,759,184780,조경과정원 힐링벤치 야외벤치/선베드/1인용벤치,72000,1332039873,False,0,5.0,3.0,False,,0,3.0,NULL,NULL,NULL,NULL,NULL
528,761,184780,"하늘창가구 코나라운지4인세트 야외테이블세트 카페테라스 인테리어 펜션 리조트, 코나라운지 4인세트 옐로우",371200,245651585,False,9,5.0,1.0,False,하늘창가구,0,1.0,NULL,NULL,NULL,NULL,NULL
529,762,184780,케터 프리미어 다용도 보관함 570L,260000,1096452786,False,0,3.0,1.0,False,케터,0,1.0,그레이,폴리프로필렌,NULL,NULL,NULL
530,763,184780,"높이조절 휴대용 접이식의자 캠핑의자 낚시의자 접이식 폴딩의자 트위스트의자, 트위스트 의자(레드)",14900,2087348500,False,0,,,False,하나,0,,NULL,NULL,접이식가능,NULL,NULL
531,766,184780,"캐나다쉐드 조립식창고 MINI BASE 7x4 0.8평형, 창고단품+무료배송",490000,178612969,False,37,3.0,10.0,False,,0,5.0,NULL,NULL,NULL,NULL,NULL
532,769,184780,"캐나다쉐드 조립식창고 PREMIUM M2 8X11 2.5평형, 창고단품+무료배송",1190000,1777038511,False,33,3.0,2.0,False,,0,2.0,NULL,NULL,NULL,NULL,NULL
533,770,184780,"PATIO GARDEN 네이쳐 그네의자 흔들그네 정원그네, 베이지 앤 브라운",189000,89635104,False,9,,,False,,0,,브라운,NULL,NULL,NULL,3인용
534,771,184780,"하늘창가구 장미주물4인세트 정원 카페 야외테이블세트 가든 테라스 펜션, 장미주물4인세트-화이트",315200,1336012328,False,19,4.0,1.0,False,하늘창가구,0,1.0,NULL,NULL,NULL,NULL,NULL
535,773,184780,"나인티원 원목 나무 흔들 그네 의자 정원 마당 팬션 야외용, 원목 그네",354500,1582798822,False,91,,,False,,0,,NULL,NULL,NULL,NULL,NULL
536,774,184780,라이프타임(LIFETIME) 접이식 의자 - C2810 야외의자 캠핑의자,37500,5052645207,False,0,,,False,라이프타임,0,,NULL,NULL,접이식가능,NULL,NULL
537,775,184780,"공간웰리빙 국산 파라솔 테이블 의자 세트, (블루)파라솔+원형테이블+회전의자4개",102960,245204216,False,0,4.0,1.0,False,,0,1.0,NULL,NULL,NULL,NULL,NULL
538,776,184780,"지퍼니처 팔걸이 하이의자 테이블세트 야외테이블세트, 원형set 옐로우",89900,109005098,False,18,4.5,7.0,False,지퍼니처,0,1.0,옐로우,플라스틱,테이블접이식가능,NULL,4인용
539,777,184780,"S자곡선 라탄패턴 호텔 테라스 리조트 펜션 야외 수영장 일광욕 해수욕장 침대 썬베드 멜로즈, 블랙 침대",110500,5264941209,False,25,,,False,,"50,000",,NULL,NULL,NULL,NULL,NULL
540,778,184780,케터 프리미어 야외보관함 (데크박스) 570L,229000,294965418,False,0,5.0,2.0,False,케터,"20,000",1.0,그레이,플라스틱,NULL,NULL,NULL
541,780,184780,"유로강화접이식테이블600 또는 700사각(1개)+유로39번의자(2개), 700사각+의자2개, 1",95900,50459863,False,28,,,False,위드퍼니처,0,,NULL,철제,접이식가능,NULL,NULL
542,781,184780,"착한테이블 대량납품 천연 원목 4인용 8인용 방부목 일체형 야외 테이블 세트 파라솔 별매 정원 마당 데크 가구, 4인방부목 무도색",178000,237895494,False,0,4.5,6.0,False,,착불배송,1.0,NULL,NULL,NULL,NULL,NULL
543,783,184780,"피카소 테이크벤치 벤치의자 야외벤치 공원벤치 원목 목재, 테이크벤치-3인용",189800,1309282694,False,13,4.0,6.0,False,,0,2.0,NULL,원목,NULL,NULL,NULL
544,784,184780,"트렌디하우스 브로몰딩 직사각 접이식 테이블 1530mm 야외테이블, (152CZ) 접이식테이블 1530mm",52900,151896188,False,3,5.0,7.0,False,,0,1.0,NULL,PP,접이식가능,NULL,NULL
545,785,184780,케터 락우드 데크박스 야외보관함 570리터,250000,4940669775,False,0,5.0,1.0,False,케터,0,1.0,NULL,NULL,NULL,NULL,NULL
546,787,184780,"야외 미니의자 줄서기 휴대용 T형 접이식 의자 몸균형잡기 주머니 수납의자 Sitpack, A",18500,4875048265,False,66,3.0,2.0,False,,0,2.0,NULL,NULL,NULL,NULL,NULL
547,789,184780,"순수국산 플라스틱 보조의자 2개/야외용 간이의자 편의점 파라솔의자 사각 투톤원형, 원형 옐로우-브라운 2개",15000,2360689011,False,0,,,False,,0,,NULL,NULL,NULL,NULL,NULL
548,793,184780,"야외 벤치 의자 테라스 정원 의자 가든 티테이블, A타입(셀프 조립 필요)",139500,2229549863,False,39,3.0,2.0,False,,"40,000",2.0,NULL,NULL,NULL,NULL,NULL
549,797,184780,"벤치의자 공원 야외 정원 평의자 방부목 야외벤치, 120cm",139800,257806286,False,0,4.0,3.0,False,,0,3.0,NULL,NULL,NULL,NULL,NULL
550,799,184780,"야외 평상 이동식 접이식 실내 베란다 정원 조립식 들, 폭 150x 길이 197cm",143500,2084946998,False,0,4.0,1.0,False,,"15,000",1.0,NULL,NULL,NULL,NULL,NULL
551,802,184780,"원목 정원 지붕 야외 그네, 목재 천장 스윙 (쿠션 포함)",348000,2050133965,False,0,5.0,2.0,False,,"95,000",2.0,NULL,NULL,NULL,NULL,NULL
552,803,184780,"성도레져 튼튼평상 평상, 1800*2020 원목 무도색",165000,245371245,False,0,3.5,3.0,False,,착불배송,3.0,NULL,NULL,NULL,NULL,NULL
553,804,184780,"베스트리빙 이젤 사각 테이블 500 x 500 x 500 mm, 내츄럴",80630,1889137160,True,0,2.0,1.0,False,베스트리빙,0,1.0,NULL,원목,NULL,NULL,NULL
554,805,184780,"원목그네 제이우드 원목 그네의자 DIY정원용품 아웃도어제품, 지붕원목 오일스텐",414000,2205957353,False,0,4.0,4.0,False,,0,4.0,NULL,NULL,NULL,NULL,NULL
555,807,184780,"의자 원목 인테리어 정원 발코니, 더블",66900,1973232680,False,0,1.5,2.0,False,,0,2.0,NULL,NULL,NULL,NULL,NULL
556,808,184780,"악마체어 어디서나 좋은 접이식 캠핑침대의자 (침대는 물론 릴렉스기능까지), 블랙",34900,99914119,False,0,5.0,4.0,False,,0,,NULL,NULL,접이식가능,NULL,NULL
557,809,184780,"베리구즈 컬러 해피피크닉 박스테이블 + 비닐백 2p, 혼합 색상",11300,107450951,True,0,5.0,2.0,False,,0,1.0,NULL,NULL,NULL,NULL,NULL
558,810,184780,"[이베스타]평상/야외/대중소/틈새없는/마루/다양한사이즈/5*7기준, 3x6자 900mm무도색",120000,177881028,False,0,4.0,6.0,False,,착불배송,2.0,NULL,NULL,NULL,NULL,NULL
559,812,184780,"성광교역 파라솔 테이블 정원테이블 야외테이블, 스틸매쉬 사각테이블 600",59000,1469994288,False,14,4.5,5.0,False,,"7,700",5.0,블랙,철제,NULL,NULL,4인용
560,817,184780,"우생 브로몰딩테이블 고정식 야외용테이블 1200 야외테이블, 1200 아이보리 고정식",41800,183247987,False,0,4.0,4.0,False,,0,3.0,화이트,플라스틱,다리만접히는상품,NULL,NULL
561,819,184780,"라탄 북유럽 모던 의자 테이블 세트 등나무 의자 미니멀 레저 게으른 소파 야외 발코니 테라스, 의자 2 개 + 커피 테이블 베이지",263000,1504345348,False,0,5.0,1.0,False,,0,1.0,NULL,NULL,NULL,NULL,NULL
562,820,184780,"헤이 디자인 야외 테이블 세트 테라스 꾸미기 카페 창가 전원주택 정원 철제 주물 티 테이블세트 감성 정원 벤치 놀면뭐하니 실외 유재석 제주도 루프탑 방수 마당 벤치의자, 1.4m 테이블 + 의자 4 개 + 벤치 1 개",783800,1540789090,False,2,5.0,3.0,False,,0,,NULL,NULL,NULL,NULL,NULL
563,821,184780,T2119 라이프타임 피크닉테이블,250000,5258701275,False,0,,,False,라이프타임,0,,NULL,NULL,NULL,NULL,NULL
564,823,184780,"캐나다쉐드 조립식창고 PREMIUM L2 10x13 4평형 코스트코창고 농막 옥상창고 정원창고 간이창고 야외보관함, 창고단품+무료배송",1490000,178612953,False,6,5.0,9.0,False,,0,3.0,NULL,NULL,NULL,NULL,NULL
565,824,184780,"Trandy House 접이식테이블 행사용 야외 펜션 학교 교회 강당 회의실 테이블 행사매대 가판대, 화이트",37900,116396323,False,0,4.5,15.0,False,,0,1.0,화이트,HDPE blow modling 플라스틱,NULL,NULL,4인용
566,827,184780,"[공룡플라스틱] 범용 수출용파렛트, 수출용파렛트1111",19000,1159212541,False,13,3.0,1.0,False,,0,1.0,NULL,NULL,NULL,NULL,NULL
567,828,184780,케터 수마트라 야외보관함 (데크박스) 511L,209000,1336084135,False,0,5.0,1.0,False,케터,"20,000",1.0,브라운,플라스틱,NULL,NULL,NULL
568,829,184780,Trandy House 접이식테이블 행사용 야외 펜션 학교 교회 강당 회의실 테이블 행사매대 가판대,43900,657032,False,10,4.5,3.0,False,,0,,화이트,HDPE blow modling 플라스틱,NULL,NULL,3인용
569,830,184780,"카페 베란다 야외용 라탄 테이블 의자 2인세트 4인 세트, 옵션1",93800,4796424000,False,0,,,False,,0,,NULL,NULL,NULL,NULL,NULL
570,831,184780,"탱글 플라스틱 테이블 낮은 야외 테이블, 화이트",25900,213276658,False,19,5.0,6.0,False,위드퍼니처,0,6.0,NULL,플라스틱,불가능,NULL,2인용
571,832,184780,"가구로드 사각망80 120세트 2/4인 야외용가구 테라스 철제가구 야외테이블세트 펜션 리조트 아웃도어 카페테라스, 사각망80 4인세트",245700,1556153642,False,12,,,False,,0,,NULL,NULL,NULL,NULL,NULL
572,835,184780,"웰빙 플라스틱의자4개세트 팔걸이의자 편의점 슈퍼 마트의자 행사의자, 보라색",56900,1600490903,False,0,5.0,1.0,False,,0,1.0,NULL,NULL,NULL,NULL,NULL
573,836,184780,아르망 1800 접이식 테이블+벤치+아르망의자 3개 세트,186900,284900725,False,32,4.5,2.0,False,,,1.0,NULL,NULL,NULL,NULL,NULL
574,837,184780,"포장마차 편의점 야외용 보조 간이 플라스틱의자, 플라스틱 의자 (블루)",3990,1187903929,False,42,,,False,,"2,500",,레드,NULL,NULL,NULL,NULL
575,838,184780,"트렌디하우스 브로몰딩 원형 테이블, 1개",32480,1614885,True,14,4.5,21.0,False,,0,1.0,화이트,플라스틱,접이식가능,NULL,NULL
576,839,184780,"성광 매직체어 보조의자, 매직체어(검정)",13000,60798262,False,0,5.0,2.0,False,성광,"2,500",1.0,NULL,PP,NULL,바퀴없음,NULL
577,840,184780,"가구있다 브로몰딩 다리접이식테이블1220, 화이트",31900,1601682626,False,0,,,False,,착불배송,,NULL,NULL,NULL,NULL,NULL
578,846,184780,"예쁜 비닐하우스 농막 집 이동식 간이 야외 창고, B",118600,5144961388,False,43,,,False,,"39,000",,NULL,NULL,NULL,NULL,NULL
579,847,184780,"GKM-113 야외의자(4개), GKM-113(인조라탄)X4개",148900,25895866,False,28,5.0,1.0,False,위드퍼니처,0,,NULL,철제,불가능,바퀴없음,NULL
580,848,184780,"대나무 평상 접이식 야외 베란다 옥상 테이블 이동식 대청마루 대나무침대, 5",154600,1661442745,False,13,2.0,5.0,False,,0,5.0,NULL,NULL,NULL,NULL,NULL
581,849,184780,"라트 라움 야외용 라탄테이블세트, 혼합브라운",354800,243020209,False,5,5.0,1.0,False,,0,1.0,브라운,인조라탄(플라스틱),NULL,NULL,NULL
582,852,184780,"해외직구상품 소형 야외 조립식 창고 만들기 어닝 이동식 북유럽 식, 3093 원목",193700,1862973031,False,0,,,False,,0,,NULL,NULL,NULL,NULL,NULL
583,855,184780,"모두몰 NSB-813 (3인용 이동식) 플라스틱 벤치, 파랑",141000,140403885,False,0,5.0,1.0,False,,"20,000",1.0,NULL,NULL,NULL,NULL,NULL
584,858,184780,"착한테이블 전문목수 편한 등받이 원목 야외 벤치 의자 가로 1200 1800 정원 공원 테라스 벤치 야외용 가구, 정원 의자 도토리색",68000,5202545967,False,0,,,False,,착불배송,,NULL,NULL,NULL,NULL,NULL
585,859,184780,"신한리빙 라탄 사각 플라스틱의자 5개 1세트, 브라운5개",24500,286714423,False,0,5.0,10.0,False,,"3,000",3.0,NULL,NULL,NULL,NULL,NULL
586,860,184780,"아르망 600 브로몰딩 테이블 아르망의자 2개 세트, 테이블1ea+의자2ea",101900,5234245326,False,30,3.5,3.0,False,위드퍼니처,0,3.0,NULL,플라스틱,접이식가능,NULL,NULL
587,861,184780,"Alice야외정원용품 보관함 사물함 농막 소형미니창고, 600V",170000,5244620814,False,0,,,False,alice,0,,NULL,NULL,NULL,NULL,NULL
588,862,184780,"S자곡선 라탄패턴 호텔 리조트 펜션 야외 수영장 해수욕장 침대 썬베드 멜로즈, S 브라운 2개 + 정사각형 테이블 1 개",422000,2183120079,False,50,1.0,1.0,False,,0,1.0,NULL,NULL,NULL,NULL,NULL
589,863,184780,"정원 발코니 야외용 카페 원목 우드 2인용 흔들의자 야외 그네, 다크브라운",382500,5012257598,False,0,,,False,,0,,NULL,NULL,NULL,NULL,NULL
590,865,184780,케터 모비체스트 다용도보관함 (데크박스) 300L,85000,1313898583,False,0,2.0,2.0,False,케터,"5,500",1.0,그레이,플라스틱,NULL,NULL,NULL
591,867,184780,"파고라 DIY 기본 철재 셀프시공 펜션 테라스 캠핑장 정원 카페 설치가능, 파고라 철재조인트",189000,5085320138,False,0,4.0,1.0,False,,0,1.0,NULL,NULL,NULL,NULL,NULL
592,868,184780,"도시농부 야외다용도조립식수납 중형 대형 정원 보관창고 간이농막, 화이트 (770RC)_4",374900,1869155446,False,0,,,False,,0,,NULL,NULL,NULL,NULL,NULL
593,869,184780,"인프몰 브로몰딩 야외 접이식 일자형 행사 축제 테이블, 접이식-122",37900,1152483129,False,36,4.0,1.0,False,,0,1.0,NULL,NULL,접이식가능,NULL,NULL
594,870,184780,"피카소가구 뉴코드 2/3인세트 야외테이블세트 테라스 카페 정원 라탄 아카풀코, 뉴코드 2인-블루세트",163900,246531018,False,13,5.0,1.0,False,,0,1.0,NULL,NULL,NULL,NULL,NULL
595,873,184780,"철제 스틸 지붕 있는 그네 야외 그네 공원 정원, 파나마 2인용(쿠션 포함)",447100,1749114958,False,57,,,False,,"100,000",,NULL,NULL,NULL,NULL,NULL
596,875,184780,"다온테크원 플라콘40타입 운반롤러 물류롤러 하역롤러 플라콘롤러 롤러 컨베이어 컨베이어롤러, [착불] 40타입 3미터 X 1개",22500,1503776691,False,0,5.0,1.0,False,,착불배송,1.0,NULL,NULL,NULL,NULL,NULL
597,876,184780,"옥상 테라스 비치 접이식 야외 의자, F",48500,4849755470,False,0,,,False,,0,,NULL,NULL,NULL,NULL,NULL
598,877,184780,"피카소가구 튤립주물 2인세트 정원의자 야외세트 야외테이블세트 가든, 튤립주물2인세트-화이트(파라솔미포함)",186300,1667224024,False,2,5.0,1.0,False,,0,1.0,NULL,NULL,NULL,NULL,NULL
599,879,184780,더컨테이너샵 케터(정품) 뉴튼759 조립식창고,1790000,1858377198,False,0,,,False,,"133,100",,브라운,PP,NULL,NULL,NULL
600,881,184780,"이케아 TARNO 야외테이블＋의자2 아카시아나무 498.984.16, 테이블＋의자2 498.984.16",66900,172952443,False,0,5.0,1.0,False,이케아,"50,000",1.0,NULL,NULL,NULL,NULL,NULL
601,883,184780,"원목 브라우니 접이식 카페테이블&의자 SET _디자인02, 미니사이즈 세트 _02",109900,4588629914,False,30,,,False,벤트리,0,,NULL,원목,접이식가능,NULL,NULL
602,886,184780,해피코리아 야외용테이블 깡통테이블 지름900 스텐화로포함,160000,2092144685,False,20,,,False,,0,,NULL,NULL,NULL,NULL,NULL
603,887,184780,엘리스 의자 노랑 10개 한국산 플라스틱,76000,65570612,False,0,5.0,1.0,False,엘리스,"8,000",1.0,NULL,플라스틱,NULL,NULL,10개
604,888,184780,"야외용 방수 자외선 차단 실외 소형 미니 선반형 창고 정원 베란다 옥상 농기구 공구 수납장, 그린 코너선반",184800,4980489724,False,21,,,False,,"50,000",,NULL,NULL,NULL,NULL,NULL
605,895,184780,"이안에다있다 국내산 작업방석 농사용 밭일 의자 농사 엉덩이 방석 정글 모자 망사 장갑, 일반-중",7000,1505040971,False,0,3.0,3.0,False,,"3,000",3.0,NULL,NULL,NULL,NULL,NULL
606,897,184780,"별도표기 트랜스포머테이블 (4인용) 의자포함 야외테이블, 선택사항/트랜스포머테이블(아이보리)",42900,86644917,False,4,4.5,15.0,False,,0,4.0,브라운,NULL,접이식가능,NULL,4인용
607,899,184780,"베란다 원형 야외 테이블 1개 의자 2개 세트, 1 의자 1 테이블 옐로우 19 모델",61840,1740378394,False,5,5.0,2.0,False,다른,"39,500",2.0,NULL,NULL,NULL,NULL,NULL
608,900,184780,"매직크린 웰빙 허리받침, 단품",12900,2374283229,False,0,,,False,,0,,NULL,NULL,NULL,NULL,NULL
609,901,184780,"포장마차 식당 업소 보조 플라스틱 의자 플라스틱의자 간편의자 야외용의자 편의점의자 보조의자 간이의자, 사각의자 그레이",16300,5077814815,False,0,,,False,,0,,NULL,NULL,NULL,NULL,NULL
610,902,184780,"정원용품 메쉬 철제 벤치 정원 야외, 메쉬 정원벤치",120000,41232608,False,0,5.0,1.0,False,,"10,000",1.0,NULL,NULL,NULL,바퀴없음,NULL
611,903,184780,"캠핑 원목테이블 900/캠핑원목테이블, 단품",98580,5411230790,False,4,,,False,,"3,000",,NULL,NULL,NULL,NULL,NULL
612,908,184780,"피카소 알루미늄테이블 야외테이블 카페테라스 아웃도어 펜션 가든 정원, 알루미늄테이블 - 600Φ",46100,180186573,False,0,5.0,1.0,False,,0,,NULL,알루미늄,접이불가,NULL,NULL
613,910,184780,"윈디 접이식 600 테이블 39번 2인 야외 테이블 세트, 600사각+의자2개",109900,102585781,False,28,4.5,3.0,False,,,,NULL,NULL,NULL,NULL,NULL
614,911,184780,"오만국 RR075-154 라탄 의자 테이블세트 야외 의자세트 야외테이블세트, 브라운",490000,248911413,False,0,,,False,,"30,000",,NULL,NULL,NULL,NULL,NULL
615,912,184780,"가팡 낚시 의자 FICH00402, 로즈핑크",15250,1685455889,True,0,,,False,양광,0,,NULL,NULL,NULL,NULL,NULL
616,913,184780,이케아 TORDH 토르드 기둥 야외용 브라운스테인 90 cm 2 개 104.430.97,15800,4744906096,False,0,,,False,이케아,0,,NULL,NULL,NULL,NULL,NULL
617,915,184780,"이케아 VADDO 야외의자 그린, IK60267138*그린",40400,4711682899,False,0,,,False,이케아,0,,NULL,NULL,NULL,NULL,NULL
618,916,184780,"99-1번 야외의자(수지목)(착불), 네추럴",60900,19870034,False,29,1.0,1.0,False,위드퍼니처,착불배송,1.0,브라운,합성목재,불가능,바퀴없음,NULL
619,918,184780,"아웃팅 강화스틸 야외용 테이블/의자 세트, 스틸테이블의자세트",230000,18157193,False,0,5.0,3.0,False,아웃팅,0,,NULL,NULL,NULL,NULL,NULL
620,919,184780,"야외 마당 정원 공원 벤치 긴 의자 나무의자 공원 벤치 야외방부목 벤치 야외정원 원목 벤치 가든 라운지, 01 아크 스툴 탄화색",98390,4543525831,False,0,,,False,,0,,NULL,NULL,NULL,NULL,NULL
621,920,184780,"가구로드 뉴코드2 3인세트 아카풀코 안락의자 아웃도어가구 야외가구 야외라탄의자, 뉴코드 3인-커피세트",226000,328685214,False,19,,,False,,0,,NULL,NULL,NULL,NULL,NULL
622,921,184780,"초박형 접이식 식탁 접이식 직사각형 식탁 이동식 오픈 키친 바 테이블 및 식탁, 120 반원 단일 테이블 따뜻한 흰색",67800,4838757188,False,43,3.5,3.0,False,,0,3.0,NULL,NULL,접이식가능,NULL,NULL
623,922,184780,"태을퍼니쳐 평상 겸용 야외테이블 DIY38mm 원목 야외가구, 4인용",360000,31292901,False,0,4.5,12.0,False,,"30,000",,베이지,원목,NULL,NULL,4인용
624,924,184780,케터 야외보관함 데크박스 물품보관 글랜우드390리터,154000,5274663253,False,6,,,False,,0,,NULL,NULL,NULL,NULL,NULL
625,925,184780,"모니카 800 라탄 플라스틱 테이블 야외 카페 정원, 브라운",59900,1899968456,False,28,5.0,1.0,False,위드퍼니처,0,1.0,NULL,NULL,NULL,NULL,NULL
626,926,184780,"로르빅 휴대용 접의식 의자, 핑크",15900,5387777619,False,11,1.0,1.0,False,,0,1.0,핑크,플라스틱,NULL,바퀴없음,NULL
627,927,184780,"가구로드 둥근망 원형 테이블 600 800 철망 정원 가구 야외테이블, [중지]둥근망테이블80 / 화이트",67000,1516065678,False,17,,,False,,0,,NULL,NULL,NULL,NULL,NULL
628,928,184780,"웰빙 플라스틱의자 2개세트 팔걸이의자 편의점 슈퍼 마트의자 행사의자, 회색",33600,5439604766,False,0,,,False,,0,,NULL,NULL,NULL,NULL,NULL
629,931,184780,"성우 플라스틱 야외의자, B.성우회전의자[그레이]",3200,18453583,False,0,5.0,2.0,False,성우,"2,500",,NULL,플라스틱,비접이식,바퀴없음,NULL
630,932,184780,"대형창고 미니창고 야외창고 조립식, 약 302L",215000,5386800857,False,0,,,False,LIFETIME,0,,NULL,PVC,NULL,NULL,NULL
631,933,184780,"장미주물 1인의자 정원의자 테라스의자 야외용의자 가든, 화이트",67500,132738672,False,31,,,False,하늘창가구,0,,화이트,철제,NULL,NULL,NULL
632,934,184780,"플라스틱 원형 회전의자, 빨강",4900,13935695,False,0,4.5,6.0,False,,"5,000",,레드,PP,NULL,바퀴없음,NULL
633,935,184780,"모두몰 SSB-506 (3인용 이동식) 플라스틱 벤치, 파랑",168000,2039458680,False,0,,,False,,"18,000",,NULL,NULL,NULL,NULL,NULL
634,936,184780,"[자연쉼터] (도색가격) 반조립 야외 등벤치 평벤치 테이블 방부목 단품과 세트 야외테이블, AB_2)6~8인용_방부목_연초록색 단품",330000,1306144862,False,0,5.0,1.0,False,,착불배송,,NULL,원목,접이식 불가,NULL,NULL
635,937,184780,"공간웰리빙 플라스틱 접이식 테이블 야외 편의점 캠핑, 원형블루",29000,203383868,False,0,5.0,7.0,False,,0,1.0,NULL,NULL,NULL,NULL,NULL
636,938,184780,"가팡 플라스틱 접이식 다용도 야외 테이블 152 x 71 x 72 cm, 오렌지 5711",94620,1721205870,True,0,,,False,가팡,0,,NULL,NULL,접이식가능,NULL,NULL
637,939,184780,"야외그네 원목 공중 전원주택 실외그네 벤치 라탄그네 정원 파인애플 그리드 우드 스윙, 보증금 없음 소나무 목재 색상 7 일 배송",530600,5410386855,False,42,,,False,,0,,NULL,NULL,NULL,NULL,NULL
638,940,184780,"이리빙몰 C형 팔걸이의자 테이블세트야외테이블세트, 원형 C형 그레이 셋트",80000,116394986,False,0,5.0,4.0,False,,0,2.0,NULL,NULL,NULL,NULL,NULL
639,941,184780,"야외 정원 옥상 루프탑 라탄 테라스테이블 4인 6인, AW",315000,5385523712,False,0,,,False,,0,,NULL,NULL,NULL,NULL,NULL
640,942,184780,"가구로드 뉴 코드스윙체어 안락의자 야외흔들의자 실내그네의자 실외의자 아카풀코, 뉴 코드스윙체어-커피",82600,240393550,False,8,4.0,1.0,False,,0,1.0,NULL,NULL,NULL,NULL,NULL
641,943,184780,"선배드 접이식 썬베드 일광욕 루프탑 썬텐 바퀴달린집 캠핑 의자 배란다홈캠핑, 블루ST(베개)",59800,5481274207,False,14,,,False,,0,,NULL,NULL,NULL,NULL,NULL
642,944,184780,"[lv+vl] 방석형 야외 플라스틱의자 디자인의자 간이의자 스툴 플라스틱의자 간이의자 편의점의자 포장마차의자 업소용의자, 꾹요★<코싱스툴 중 브라운>★요기",12230,5406613176,False,0,,,False,,0,,NULL,NULL,NULL,NULL,NULL
643,945,184780,"이케아 ASKHOLMEN 접이식 야외의자, 그레이브라운스테인_702.400.30",43100,49879693,False,0,5.0,1.0,False,이케아,0,,NULL,NULL,접이식가능,NULL,NULL
644,946,184780,"국내산 리빙코디 파라솔 사각테이블, 03.리빙코디 테이블 사각-그린",29800,3287010,False,0,4.5,11.0,False,리빙코디,0,,NULL,NULL,NULL,NULL,NULL
645,949,184780,"야외벤치 조립식 목재 주물 알미늄의자 공원 정원 학교 아웃도어 야외벤치 33, 공원 의자 발 2",102900,5348888072,False,0,2.0,1.0,False,,0,1.0,NULL,NULL,NULL,NULL,NULL
646,950,184780,"빈티지 접이식 철제 테이블 세트 카페 테라스 야외 빈티지 펜션 북유럽 2인 티테이블 정원, 라이트블루(1탁자2의자)",153300,4541615329,False,47,4.0,1.0,False,,0,1.0,NULL,NULL,접이식가능,NULL,NULL
647,951,184780,"BNB 정품 무중력의자 로열시리즈 +컵홀더 내하체중100키로 수면의자 야외의자, BC로열 무중력의자 와 컵홀더",49900,191381810,False,0,5.0,5.0,False,,0,,NULL,NULL,NULL,NULL,NULL
648,952,184780,"무중력의자® AND JAN 야외가구 야외용벤치, 블랙",49900,5423593088,False,0,,,False,,0,,NULL,NULL,NULL,NULL,NULL
649,954,184780,"웰빙 플라스틱의자 팔걸이의자5개세트 편의점 슈퍼 마트의자 행사의자, 흰색",68500,297754019,False,0,5.0,1.0,False,,0,1.0,NULL,NULL,NULL,NULL,NULL
650,956,184780,"(테이블공장) 야외테이블 방부목 테이블 파라솔별매 6~8인용, 밤색",238000,137004514,False,0,5.0,6.0,False,,착불배송,5.0,NULL,NULL,NULL,NULL,6인용
651,957,184780,"국산 접이식 야외 테이블 편의점/야외용/편의점/캠핑/정원, 1개, 사각테이블_오렌지",23000,5063038256,False,0,4.0,1.0,False,,"7,000",1.0,NULL,NULL,접이식가능,NULL,NULL
652,958,184780,인블루가구 디아망라탄 2인세트 펜션가구 테라스 호텔가구 아웃도어가구 야외세트,131000,5342057173,False,0,,,False,,0,,NULL,NULL,NULL,NULL,NULL
653,962,184780,"접이식 데크의자 야외 비치체어 해변 그물 통풍 겸용 접이식 침대 벤치 비치벤치 점, 01 스카이 블루",62000,5472211680,False,0,,,False,,"9,800",,NULL,NULL,NULL,바퀴없음,NULL
654,963,184780,"[공룡플라스틱] 야외용 플라스틱 팔걸의 의자(웰빙의자) 4개 세트, 보라색",52000,1893716387,False,5,,,False,,0,,NULL,NULL,NULL,NULL,NULL
655,964,184780,"편의점 플라스틱 파라솔 테이블 야외 접이식 캠핑용, 쿠팡 파랑",29180,5340030432,False,4,,,False,,"6,600",,블루,NULL,접이식가능,NULL,NULL
656,965,184780,"(CLS) 멀티 포켓 롤 테이블 백패킹용 경량 테이블 바스켓 포함 S, S",30000,1566060516,False,0,,,False,,"3,000",,NULL,NULL,NULL,NULL,NULL
657,966,184780,"간이 야외용 플라스틱 간이 힐링의자(대)/편의점 정원용 야외용 휴대용 업소용 프라스틱 간편 보조 의자, 힐링의자 대(블루)",12290,4341548676,False,0,5.0,1.0,False,,"3,000",1.0,NULL,NULL,NULL,NULL,NULL
658,967,184780,"플라스틱 야외테이블 포장마차 포차 편의점 업소용 야외 플라스틱 테이블, 블루",23900,4501132303,False,31,,,False,,"10,000",,블루,NULL,접이식가능,NULL,4인
659,968,184780,"국산 플라스틱 야외의자 원형 사각 편의점 포장마차 슈퍼 마트 행사용의자, 02. 원형 옐로우-브라운",4500,5285388734,False,0,,,False,,"4,000",,NULL,NULL,NULL,NULL,NULL
660,969,184780,"야외철제테이블 접이식 이케아 원형 사각 의자 스틸테이블, 옐로우 (싱글 체어)",42400,5429839598,False,0,,,False,,"3,000",,NULL,NULL,접이식가능,NULL,NULL
661,970,184780,"CC 라탄인도원형테이블 야외 인테리어 정원테이블, CC 라탄인도원형테이블-단품",224000,317881442,False,0,,,False,가구느낌,착불배송,,NULL,NULL,NULL,NULL,NULL
662,971,184780,"fs 화인야외테이블셋트(물통포함), 사각-연두셋트(물통포함)",129000,2825191,False,0,4.0,14.0,False,,착불배송,2.0,NULL,NULL,NULL,NULL,NULL
663,972,184780,"홈앤캠프 휴대용 접이식 테이블, 블랙",19530,5387492558,False,0,,,False,,0,,블랙,알루미늄,NULL,NULL,NULL
664,974,184780,"정원 마당 원목 나무 야외 테이블 의자 꾸미기 원목 인테리어 소품 전원주택, 1.6 미터 테이블",181300,1737408668,False,41,,,False,,0,,NULL,NULL,NULL,NULL,NULL
665,976,184780,"야외용 접이식 캠핑 피크닉 미니 폴딩 테이블, 블랙",15030,5419712862,False,10,,,False,펀타스틱,0,,NULL,NULL,접이식가능,NULL,NULL
666,977,184780,"비치 의자 썬베드 체어 원목 접이식 단단한 나무 라운지 캔버스 휴식 야외 휴대용 발패드 팬, A",156100,5394966140,False,39,,,False,,0,,NULL,NULL,NULL,NULL,NULL
667,979,184780,"그네의자 정원그네 흔들의자발리 야외 스윙 야외 새 둥지 침대 그물 연예인 웨딩 사진 소품 경치 좋은 홈스테이 새 둥지 교수형 교수형, 발리 오리지널 버드 네스트",1214800,5418245060,False,0,,,False,,0,,NULL,NULL,NULL,NULL,NULL
668,980,184780,"아웃팅 스퀘어테이블 세트 야외테이블 야외용테이블 티테이블 정원테이블 카페테이블 세트, 아웃팅스퀘어테이블세트_블랙",153000,99329901,False,0,3.5,12.0,False,아웃팅,0,6.0,NULL,NULL,NULL,NULL,NULL
669,981,184780,"원목 2인용 야외 벤치 의자 테이블일체형 테라스 정원 티테이블 발코니 카페, 체어맨 티 테이블",92800,5464581757,False,52,,,False,,"49,000",,NULL,NULL,NULL,NULL,NULL
670,982,184780,"올굿 야외 대형 2단 파라솔 - 선택1. 중2300, 하양",54900,71326422,False,0,5.0,1.0,False,올굿,0,,화이트,NULL,접이식가능,바퀴없음,NULL
671,983,184780,"야외 발코니 정원용품 방수창고 농막 미니 조립식창고, 작은 검은 색 112 x 48 x 54cm",128500,1818302199,False,19,,,False,,0,,NULL,NULL,NULL,NULL,NULL
672,984,184780,"아파트평상 조립식 야외 베란다 평상 실내 옥상 베란다 발코니, 120 블랙 보강형 철제 침대",116700,5145620776,False,29,,,False,,0,,NULL,NULL,NULL,NULL,NULL
673,986,184780,"캐나다쉐드 조립식창고 PREMIUM M1 8x7 1.5평형, 창고단품+고급우드데크+무료배송",1240000,178612948,False,26,5.0,5.0,False,,0,2.0,NULL,NULL,NULL,NULL,NULL
674,987,184780,"sioncompany_플라스틱의자 5개세트--SC, ♥플라스틱의자(5개)",28650,5442712351,False,36,,,False,,0,,NULL,NULL,NULL,NULL,NULL
675,988,184780,라이프타임창고 소형 미니창고 옥상 조립식 7x4.5,1298000,4535867130,False,0,,,False,라이프타임,0,,베이지,플라스틱,NULL,NULL,NULL
676,989,184780,"파스텔 컬러 철제 야외 발코니 접이식 테이블 의자, 테이블 두 의자(연노랑색) 동그랗다",104300,5441253315,False,14,,,False,,0,,NULL,NULL,NULL,NULL,NULL
677,990,184780,2021 UNIV_SE ✿이동식 접이식의자 폴딩의자 골프 등산 낚시 캠핑✿ 66_ 접이용의자 우주방위pick :-)_THJ W6C,19190,4719480309,False,0,,,False,,"2,500",,NULL,NULL,접이식가능,바퀴있음,NULL
678,991,184780,"뉴페이스 내쇼날 플라스틱 의자 NGC-501(정품), 회색",19000,1484663342,False,0,,,False,,0,,NULL,NULL,NULL,NULL,NULL
679,993,184780,"다니엘우드 원목 야외평상 테이블 DIY 소형 무도장 완제품, 원목평상1190x1150(소)-무도장",139000,4704480074,False,30,,,False,다니엘우드,착불배송,,NULL,NULL,NULL,NULL,NULL
680,995,184780,"가든 공구실 야외 수납장 조립 나무집 저장실 잡동사니 방 테라스 별장 야외보관함 조립식 창고, D",193800,5423647842,False,0,,,False,,"50,000",,NULL,NULL,NULL,NULL,NULL
681,996,184780,"무중력의자 컨택트, 시그니쳐_KPP2000",59900,225677347,False,14,,,False,무중력의자,0,,NULL,NULL,NULL,NULL,NULL
682,997,184780,"사계절공간연출 플라스틱미니테이블, 정사각-레드",25200,5384954,False,0,4.0,14.0,False,,착불배송,4.0,NULL,NULL,NULL,NULL,NULL
683,998,184780,"조화e meta3 대박템~야전침대 와이드체어 침대의자 꿀잠의자 무중력의자, 레드",34900,259129150,False,0,5.0,1.0,False,,0,1.0,NULL,NULL,NULL,NULL,NULL
684,999,184780,"성도레져 6-8인용 양쪽등벤치세트 분리형야외테이블세트 실내 실외 정원 카페 펜션 방부목 천연원목 파라솔 은 비포함, 호두나무",318000,290562063,False,0,3.0,13.0,False,,착불배송,6.0,NULL,NULL,NULL,NULL,NULL
685,1000,184780,"철제 스틸 지붕 있는 그네 야외 그네 공원 정원, 3 인용 브라운 캐스트 알루미늄 솔라 스윙",915500,1749082827,False,13,,,False,,"100,000",,NULL,NULL,NULL,NULL,NULL
686,1002,184780,"[이베스타]A형 야외테이블/원목/파라솔별도/도색/무도색/4인/6인/8인, 4인 도색(4자-1200mm)",200000,179259007,False,0,5.0,6.0,False,,착불배송,3.0,NULL,NULL,NULL,NULL,NULL
687,1003,184780,"야외그네 가정용 가든 2인용 3인용 흔들의자 그네 카페 공원, B.알루미늄 티타늄강 3인승 태양광등",1076100,5424855175,False,75,,,False,,0,,NULL,NULL,NULL,NULL,NULL
688,1005,184780,"DIPYLON 주조테이블 심플한 대리석 식탁의자 조합 북유럽풍 소가구 야외 테이블형 가정용 원형 식탁 벨트 돌림판, 사이즈 색상 맞춤 작 지원",407600,5296696939,False,0,,,False,,착불배송,,NULL,NULL,NULL,NULL,NULL
689,1006,184780,"Qterra(특허브랜드) 원목그네 야외용 그네의자 흔들 정원용 스윙 체어, 원목그네-선택",228850,81143929,False,0,4.0,34.0,False,,0,4.0,NULL,NULL,NULL,NULL,NULL
690,1007,184780,"오만국 RB100-217 라탄 침대 겸용 소파 스툴세트 야외의자 야외테이블세트, 브라운",850000,315864479,False,0,,,False,,"100,000",,NULL,NULL,NULL,NULL,NULL
691,1010,184780,"성도레져 튼튼평상 평상, 1200*2370 방부목 도색",204000,245328544,False,0,4.0,1.0,False,,착불배송,,NULL,NULL,NULL,NULL,NULL
692,1012,184780,"빈티지 접이식 철제 테이블 세트 카페 테라스 정원 펜션 북유럽 2인 빈티지 야외 티테이블, 화이트, 의자(단품)",59500,4733207464,False,0,5.0,1.0,False,,"20,000",1.0,NULL,NULL,접이식가능,NULL,NULL
693,1013,184780,"나무 원목 야외 라운지 해변의자 조립 안락 태닝의자, 새로운 라운지 의자 1 +원형 바 커피 테이블 1 개",333000,4827312975,False,0,,,False,,0,,NULL,NULL,NULL,NULL,NULL
694,1015,184780,"베스트리빙 티크 햅턴 접이식 의자, 내츄럴",79000,1889137250,True,0,3.0,1.0,False,베스트리빙,0,1.0,NULL,원목,접이식가능,바퀴없음,NULL
695,1017,184780,"[와이디] 접이식 테이블, 메이플비치",46900,1138072,False,0,4.5,3.0,False,,착불배송,,1500x600_메이플비치(YW502-7-MB),HPM,가능,NULL,NULL
696,1018,184780,"버스정류장의자 야외벤치 예통 유럽식 공원 벤치 세대 외장 의자 원목 철공예 등받이 단지 광장 휴식 공공 정원, 01 알루미늄물랑꽃에 통나무브라운 1.2m",204000,5309151454,False,0,,,False,,0,,NULL,NULL,NULL,NULL,NULL
697,1019,184780,"에이비퍼니쳐 카오스 원목 3인용 4인용 야외용 등벤치의자, 3인용벤치의자",179500,191083305,False,27,4.0,1.0,False,,0,1.0,NULL,NULL,NULL,NULL,NULL
698,1020,184780,"마켓플랜 초경량 롤 테이블 S, 블랙",19900,5171844795,True,0,,,False,,0,,NULL,NULL,NULL,NULL,NULL
699,1021,184780,"Y3-333 원형 접이식 야외 테라스 카페 테이블, 600원형",79000,1383466463,False,28,,,False,위드퍼니처,착불배송,,NULL,NULL,NULL,NULL,NULL
700,1025,184780,"아이 전통 베란다 인테리어 철공예 야외 그네 펜던트 성인 정원 전원마을 2인용 해먹 가정, 01 2인형[카키]파나마 그네",347200,5165619624,False,0,,,False,,0,,NULL,NULL,NULL,NULL,NULL
701,1026,184780,"가구로드 둥근망 원형 테이블 600 800 철망 정원 가구 야외테이블, 둥근망테이블(800원형)-다크그레이색상",63800,2000718802,False,28,,,False,,0,,NULL,NULL,NULL,NULL,NULL
702,1027,184780,"위비마트 4인용 접이식 직사각탁자 다양한 파라솔 테이블 (09287A82H + S/N: 8733F69@2987 931], 빨강",39960,5404256677,False,0,,,False,,"2,500",,NULL,NULL,접이식가능,NULL,NULL
703,1029,184780,"뉴라이온 2인 3인 벤치 야외 공원 정원 테라스, 2인용-네추럴",129000,5274870124,False,28,5.0,1.0,False,위드퍼니처,0,1.0,NULL,NULL,NULL,NULL,NULL
704,1030,184780,해피코리아 정원그네 원목그네 고급형 카페 그네 야외그네,850000,5299155815,False,29,5.0,1.0,False,,"70,000",1.0,NULL,NULL,NULL,NULL,NULL
705,1031,184780,성현하우징 6평 농막 다락형,16000000,331127916,False,0,,,False,,"200,000",,NULL,NULL,NULL,NULL,NULL
706,1033,184780,"베리구즈 휴대용 감성캠핑 용품 접이식 초경량 박스 테이블 피크닉 체어, 무지 피크닉 테이블-화이트",3300,294632194,False,0,5.0,3.0,False,,0,2.0,화이트,NULL,접이식가능,NULL,4인용
707,1034,184780,"[이베스타]평상/대중소/틈새없는평상/원목평상/야외평상/대형테이블/3*6/5*5, 7x7자 2100mm도색",280000,177876574,False,0,4.5,3.0,False,,착불배송,2.0,NULL,NULL,NULL,NULL,NULL
708,1037,184780,"마켓비 CAMFOL 일반형 접이식의자, 블루패턴",25400,1662413983,True,0,,,False,마켓비,0,,NULL,NULL,접이식가능,NULL,NULL
709,1039,184780,"[이베스타]평상/대중소/틈새없는/원목/야외/다양한사이즈/, 3x6자 900mm무도색",120000,177496097,False,0,,,False,,착불배송,,NULL,NULL,NULL,NULL,NULL
710,1040,184780,"100351 벤치의자 공원 의자야외 벤치 공원벤치 가정용 야외 캐쥬얼 부식방지 원목 등받이, 등 2.5CM없는 기존 1.2m",70900,5430190238,False,0,,,False,,"10,000",,NULL,NULL,NULL,NULL,NULL
711,1041,184780,"가팡 플라스틱 접이식 다용도 야외 테이블, 그레이 5708",94620,1731157955,True,0,,,False,가팡,0,,NULL,NULL,접이식가능,NULL,NULL
712,1042,184780,"마켓플랜 알루미늄 접이식 테이블 정사각형 대형, 블랙",44900,5275909053,True,0,,,False,,0,,NULL,NULL,접이식가능,NULL,NULL
713,1044,184780,해피코리아 야외용테이블세트 법랑숯통 화로,160000,4367802678,False,11,,,False,해피콜,0,,NULL,NULL,NULL,NULL,NULL
714,1045,184780,"(슬림마켓) 아름다운정원 테라스 베란다테이블 라탄의자 침대협탁 원테이블 론체어 텍타 티테이블 가구, 연한색(의자2개+테이블)",187000,1792484458,False,0,,,False,,0,,NULL,NULL,NULL,NULL,NULL
715,1049,184780,"야외 이동식 조립식창고 조립식 농막 코스트코 창고 농기구 보관함 조립 판넬 플라스틱 룸, 플라스틱 바닥 싱글 룸",637000,5315072984,False,0,,,False,,0,,NULL,NULL,NULL,NULL,NULL
716,1050,184780,"보헤미안 무중력 캠핑의자, 2020시리즈_초경량 실버접이식의자S",12900,207582300,False,7,5.0,1.0,False,무중력의자,0,,NULL,NULL,NULL,NULL,NULL
717,1051,184780,"악마체어 이동하기 좋은 접이식 캠핑침대의자 썬텐의자 썬베드 야전침대 캠핑의자, 3STEP_블루",34900,88735785,False,0,4.0,16.0,False,,0,1.0,NULL,NULL,접이식가능,NULL,NULL
718,1052,184780,"샤르망 힐링의자 간이의자 플라스틱의자 보조의자 야외의자, 중 블루",6000,4962351211,False,0,4.5,3.0,False,,"3,000",1.0,레드/블루,플라스틱,NULL,NULL,NULL
719,1053,184780,"OC4인용 접이식 원형탁자 다양한 파라솔 테이블 야외 휴가 캠핑, 알파마트 파랑",41510,5285220293,False,0,,,False,,"2,500",,NULL,NULL,접이식가능,NULL,NULL
720,1054,184780,이케아 TORDH 토르드 기둥 야외용 브라운스테인 161 cm 2 개 504.430.95,27050,4744901520,False,0,,,False,이케아,0,,NULL,NULL,NULL,NULL,NULL
721,1055,184780,"베스트리빙 티크 버티칼 사각 야외테이블 600, 내츄럴",114000,4752258730,True,0,,,False,베스트리빙,0,,NULL,NULL,NULL,NULL,NULL
722,1056,184780,"소프트유가구 아름다운벤치 야외 정원 공원벤치, 내츄럴",135000,69641294,False,0,4.0,7.0,False,,0,3.0,내츄럴,원목,NULL,NULL,NULL
723,1057,184780,"무중력의자 바캉스 썬베드, 센시요그린",39900,203430351,False,0,5.0,1.0,False,무중력의자,0,,NULL,NULL,NULL,NULL,NULL
724,1058,184780,"야외 매대 노점상 악세사리판매대 접이식매대 접이식 판매진열대 악세사리진열대 미니 쉬운설치 노점매대, 알루미늄 절 큰 상자 높이 발",79500,2062948620,False,0,,,False,,"20,000",,NULL,NULL,접이식가능,NULL,NULL
725,1059,184780,"빈티지 엔틱 2인용 철제 벤치 발코니 야외 정원 테라스 마당 베란다 의자, 노란색 의자",113600,5470360351,False,59,,,False,,0,,NULL,NULL,NULL,NULL,NULL
726,1060,184780,좌식 입식 높이조절 야외 폴딩 테이블 야유회 정원,70100,5239799430,False,0,,,False,,0,,NULL,NULL,접이식가능,NULL,NULL
727,1061,184780,"소프트유가구 난초벤치 철제벤치 야외용벤치 정원벤치, 화이트",110000,191111353,False,0,3.0,3.0,False,,0,,NULL,NULL,NULL,NULL,NULL
728,1062,184780,"마켓비 CAMFOL 접이식의자 일반형, 블랙패턴",25400,1702668164,True,0,,,False,마켓비,0,,NULL,NULL,접이식가능,NULL,NULL
729,1063,184780,"장미주물2인의자, 화이트",122000,60576230,False,8,4.5,6.0,False,,0,5.0,화이트,주물,NULL,NULL,NULL
730,1064,184780,오에이데스크 브로몰딩 파라솔테이블 원형 940 화이트[OT126],59900,5057546723,False,0,5.0,1.0,False,,0,1.0,NULL,NULL,접이식가능,NULL,NULL
731,1065,184780,"조립식 원두막 바베큐장 야외 테라스 꾸미기 바비큐장 사각 정자 파고라 파라고 제작 옥상 테라스 루프탑 전원주택 펜션 소나무 통나무 이케아 9, Youran Pavilion 양면 의자 테이블",963000,5481684308,False,15,,,False,,"7,000",,NULL,NULL,NULL,NULL,NULL
732,1066,184780,야외용의자 카페 알루미늄 식탁체어 정원가구 CA023D,56000,5258406862,False,0,,,False,,착불배송,,NULL,NULL,NULL,NULL,NULL
733,1067,184780,인블루가구 로미오 주물 화이트 4인세트 야외세트 카페 펜션 정원 마당 테라스 주물테이블 주물의자,665000,5342073339,False,0,,,False,,0,,NULL,NULL,NULL,NULL,NULL
734,1068,184780,"72 크기 방수 커버 야외 파티오 정원 가구 커버 비 눈 의자 커버 소파 테이블 의자 먼지 증거 커버, 검정, 40X40X40cm",119500,5378837123,False,5,,,False,,"7,000",,NULL,NULL,NULL,NULL,NULL
735,1071,184780,"조립식평상 마당데크 들마루 야외 접이식 베란다 꾸미기, 60cm 보강 철제 접이식 침대",55700,5239661618,False,54,,,False,,"10,000",,NULL,NULL,NULL,NULL,NULL
736,1072,184780,"신한리빙 라탄 회전 플라스틱의자 5개 1세트, 그레이5개",29000,267046381,False,0,4.5,8.0,False,,"3,000",4.0,NULL,NULL,NULL,NULL,NULL
737,1073,184780,"공구 수납장 농기구 보관함 조립식 농사용 창고 방수 소형 야외, 앨리스 캐비닛 800V",163800,5399033916,False,0,,,False,,"32,000",,NULL,NULL,NULL,NULL,NULL
738,1075,184780,"인블루가구 로즈주물세트 2인용 야외세트 야외용가구 정원 마당 카페 테라스 펜션 업소, 화이트",179000,5410708286,False,0,,,False,,0,,NULL,NULL,NULL,NULL,NULL
739,1076,184780,"야외벤치 공원의자 실외 벤치 원목, T01-보충차이",22900,5211128148,False,0,,,False,,"7,000",,NULL,NULL,NULL,NULL,NULL
740,1078,184780,"메이리앤 어린이 해먹 그네의자 키즈 실내용 그네 흔들의자, 블루",37800,5399380606,False,0,,,False,메이리앤,0,,블루,폴리에스테르,NULL,NULL,1인용
741,1079,184780,"사계절공간연출 003야외테라스목재의자커피숍까페의자, 003야외의자, 없음",37000,5623881,False,0,5.0,4.0,False,,착불배송,2.0,베이지,원목,NULL,바퀴없음,NULL
742,1080,184780,라이프타임 야외 접이식테이블 6인 1800사이즈,87000,5171928795,False,6,,,False,라이프타임,0,,화이트,플라스틱,접이식가능,NULL,6인
