,rank,category,name,price,product_id,isRocket,discount_percentage,rating,rating_total_count,is_out_of_stock,brand_name,shopping_fee,reviews_for_last1year,색상,재질,인테리어
0,1,184670,"테이블 아크릴 칸막이( 600x450 두께 3T ) 미끄럼방지 발판 빠른배송 투명 아크릴 가림막, 투명 미끄럼방지 실리콘 발판",14200,5024367285,False,52,5.0,105.0,False,,0,105.0,NULL,아크릴,모던/심플
1,2,184670,"까사마루 다용도 매직파티션 + 악세서리 7종 세트, 화이트",51980,151028945,True,10,4.5,1204.0,False,까사마루,0,406.0,화이트,철제,NULL
2,3,184670,"영오 개인위생 다용도 가림판 대형, 투명, 10개",23250,1609457084,True,0,4.5,196.0,False,,0,196.0,투명,NULL,NULL
3,4,184670,"[높이700*600두께 3T] 대형 테이블 아크릴 칸막이 탈부착이 자유로운 특허출원 가림막, 높이70cm두께3mm, 십자발판",26400,5170976583,False,47,4.5,29.0,False,,0,29.0,NULL,NULL,NULL
4,5,184670,[600 X 450 3T] 투명 아크릴 칸막이 가림막 식당 업소용 회의실 학교 일자형 비말차단,14200,5413348864,False,64,5.0,6.0,False,,0,6.0,NULL,NULL,NULL
5,6,184670,"영오 개인위생 다용도 가림판 소형, 투명, 10개",18160,1629936043,True,10,4.5,40.0,False,,0,40.0,투명,NULL,NULL
6,7,184670,"에코팩토리 인테리어 파티션 핸드메이드 라탄 칸막이 공간분리 가벽, [B-중형]120x150cm라탄올:화이트",54900,1274762940,False,28,4.5,260.0,False,에코팩토리,0,224.0,NULL,라탄,모던/심플
7,8,184670,"베스트리빙 격자원목 4단 파티션, 블랙",178000,29716987,False,0,4.5,188.0,False,베스트리빙,0,33.0,블랙,원목,NULL
8,9,184670,"까사마루 다용도 매직 파티션, 블랙",39800,47423608,True,43,4.5,779.0,False,까사마루,0,218.0,블랙,철제,NULL
9,10,184670,투명방탄아크릴 PC 칸막이 가림막 식당 병원 학교 파티션,15400,5244759013,False,0,5.0,12.0,False,,0,12.0,NULL,NULL,NULL
10,12,184670,"아크릴가림막 가림판 가림막 파티션 칸막이 (창구형 일반형), 창구형",11900,4759501259,False,0,5.0,66.0,False,,0,66.0,NULL,NULL,NULL
11,14,184670,"리빙엔터 인테리어파티션 라탄파티션 칸막이 가리개 가림막 병풍 공간분리 자바라칸막이, 2단(중형)80×150cm:브라운",28500,176849962,False,0,4.0,209.0,False,,0,113.0,NULL,특수목공예용지,NULL
12,15,184670,책상 가림막 가림막 식당 칸막이 독서실칸막이 테이블가림막 칸막이 책상 칸막이,18900,2256210148,False,10,4.5,96.0,False,,"3,500",96.0,NULL,NULL,NULL
13,16,184670,"테이블 크기별 가능한 식당가림막 구내식당 가림막 식당칸막이 비말 칸막이 코로나칸막이 음식점 전용 칸막이 상품, 수저통 개방 칸막이",27000,4511439789,False,18,4.5,37.0,False,,"3,500",37.0,NULL,NULL,NULL
14,17,184670,"까사마루 매직파티션 세트 대형, 화이트",69000,1702713767,True,1,5.0,75.0,False,까사마루,0,76.0,NULL,NULL,NULL
15,19,184670,"해피데이 4단 필라 중 파티션, 커피",38300,580091,False,0,4.0,200.0,False,해피데이,착불배송,45.0,브라운,원목,NULL
16,22,184670,"요고바라 라탄 4단 대형 파티션 원형, 커피",60720,2091482960,True,0,5.0,3.0,False,,0,3.0,NULL,NULL,NULL
17,23,184670,"제사용 6폭 병풍 반야 의제산수화 + 커버 랜덤발송, 1세트",103050,1312264235,True,3,4.5,45.0,False,,0,38.0,NULL,NULL,NULL
18,24,184670,"베스트리빙 클라우드 대나무 3단 파티션 XGB-1891-1, 내츄럴",125260,1609282698,True,1,4.5,16.0,False,베스트리빙,0,16.0,NULL,NULL,NULL
19,25,184670,"까사마루 매직파티션 세트 소형, 화이트",44900,1702713788,True,6,4.5,32.0,False,까사마루,0,32.0,NULL,NULL,NULL
20,26,184670,"더준 클래식 인테리어 원목 파티션 병풍 1칸, 40X180 1개",26000,1690310320,False,0,4.5,11.0,False,더준,0,11.0,원목,원목,클래식/엔틱
21,27,184670,"남원공방 6폭 추사 산수화 병풍 + 커버 랜덤발송 + 바닦 고정고무, 1세트",101370,2039517661,True,6,4.5,9.0,False,남원은행공방,0,8.0,NULL,NULL,NULL
22,28,184670,[600 X 450 3T] 반투명 아크릴 칸막이 가림막 식당 업소용 회의실 학교 일자형,14200,5503724310,False,76,5.0,1.0,False,,0,1.0,NULL,NULL,NULL
23,29,184670,"즐거운집 고급 양면 6폭 병풍 추사 + 사군자 세트, 1세트",119000,1397036481,True,0,4.5,12.0,False,즐거운집,0,12.0,NULL,NULL,NULL
24,30,184670,[700 X 600 3T] 반투명 아크릴 칸막이 가림막 식당 업소용 회의실 학교 일자형,26400,5503706308,False,56,5.0,5.0,False,,0,5.0,NULL,NULL,NULL
25,31,184670,"더준 수능칸막이 수능가림막 식당칸막이 책상가림막, 중형(40x30)",4800,2322914609,False,4,4.0,24.0,False,더준,"3,000",24.0,투명,철제,모던/심플
26,32,184670,"공간 분리 파티션 이동식 인테리어 낮은 칸막이 원룸, 공간파티션_2단(WWH3019)",34400,5360085288,False,0,1.0,1.0,False,,0,1.0,블랙,NULL,모던/심플
27,33,184670,"베스트리빙 대청원목 4단 파티션, 내츄럴",77360,29716979,True,3,4.5,81.0,False,베스트리빙,0,25.0,베이지,원목,NULL
28,34,184670,"가구야히메 원목 갤러리 패널파티션 파티션, 갤러리패널2단-화이트",77000,102260245,False,12,4.5,80.0,False,가구야히메,0,48.0,화이트,원목,NULL
29,35,184670,"남원목기 옥비단 산수화 반야심경 6폭 병풍, 1세트",126900,6419556,True,36,4.5,54.0,False,,0,14.0,NULL,비단(실크),NULL
30,38,184670,"[전국무료배송+수도권 5일 로켓배송] 포더홈 레인 인테리어 공간분리 가벽 파티션 셀프인테리어 인테리어가벽 원목파티션 줄무늬 이케아st, 화이트",69900,4854857540,False,67,5.0,21.0,False,포더홈,0,21.0,화이트,합성목재,모던/심플
31,39,184670,"데코지엔 공간분리 칸막이 미니 파티션, 미니4단파티션 화이트",137000,1229174271,False,0,4.5,57.0,False,,착불배송,33.0,NULL,NULL,NULL
32,40,184670,"홀딩도어 자바라 A타입, 01.홀딩 A-홀겹 화이트, 개폐방식-4.양중개",950,9517331,False,0,4.5,51.0,False,리빙텍스,0,19.0,NULL,PVC플라스틱,NULL
33,41,184670,"블라인드할인몰 칼라홀딩도어 14칼라, 02그레이, 배송요구사항에 기재(가로x세로 작동방식 나사)",600,8408900,False,25,4.5,245.0,False,,0,43.0,NULL,PVC,모던/심플
34,42,184670,"베스트리빙 애슐리 3단 파티션, 화이트크림",168000,29716992,False,0,3.5,93.0,False,,,40.0,NULL,NULL,NULL
35,43,184670,"[600*450 두께 3T] 투명아크릴가림막 식당용칸막이 실리콘패드미끄럼방지발판, 십자발판(실리콘발판), 600*450",14200,5444250255,False,52,5.0,45.0,False,,0,46.0,NULL,NULL,NULL
36,44,184670,"마켓리더 가벽 인테리어 스트라이프 파티션 310, 오크",59900,1598453932,False,14,4.5,33.0,False,,착불배송,33.0,NULL,NULL,NULL
37,45,184670,"국산 식당용칸막이 거리두기 음식점칸막이 투명 아크릴판 1인용, 1인용 창구형",16500,4758840507,False,44,5.0,3.0,False,,"5,000",3.0,NULL,NULL,NULL
38,46,184670,"아이베란다 원목 라티스(래티스)격자창 파티션 내외부용 (오크), 오크색 외부용파티션_대(900x1800)(지지대별도)",37000,34820708,False,0,4.5,57.0,False,,"6,000",18.0,NULL,NULL,내추럴
39,47,184670,"아이베란다 삼나무 원목파티션, 300x900mm(지지대별도)",13500,100492739,False,0,4.5,76.0,False,,"6,000",34.0,NULL,NULL,내추럴
40,48,184670,"요고바라 라탄 4단 대형 파티션 사각, 갈색",60720,2091482562,False,12,4.0,6.0,False,,0,6.0,NULL,NULL,NULL
41,52,184670,"마루칸 시슬리 파티션, 시슬리 1200 2단",39000,1244283410,False,0,4.0,64.0,False,마루칸,"6,000",52.0,NULL,NULL,NULL
42,53,184670,"우브 접이식 파티션 가벽 40종 모음전(양면), Y-11",159000,1929804496,False,17,4.5,15.0,False,우브,"19,000",15.0,NULL,NULL,NULL
43,56,184670,천장형 아크릴 가림막 / 아크릴 칸막이 / 아크릴 파티션,16300,4970985906,False,0,5.0,4.0,False,,0,4.0,NULL,NULL,NULL
44,57,184670,"테이블간 차단 가림막 칸막이 다목적 위생 투명 은행 학교 파티션 아크릴 회사 식당 스탠드, 흰색",33000,4944753685,False,0,5.0,4.0,False,,0,4.0,NULL,NULL,NULL
45,58,184670,쿨웨이 *국내 생산* 아크릴 칸막이 가림막 비말 식당 업소용 회의실 학교 일자형,15400,5300936189,False,0,5.0,1.0,False,,"5,000",1.0,NULL,NULL,NULL
46,59,184670,"스파이더락 스페이스플러스 철제 파티션 행거, 블랙",46000,4671649183,True,0,5.0,6.0,False,,0,6.0,NULL,NULL,NULL
47,60,184670,투명방탄아크릴 PC 칸막이 가림막 식당 병원 학교 파티션 500 x 330,15000,5244840070,False,0,4.5,5.0,False,,0,5.0,NULL,NULL,NULL
48,61,184670,오피스존 투명 가림막 대형 가림판 칸막이 파티션 학교 수업 구내식당 유치원용,1900,1707382134,False,0,4.0,8.0,False,오피스존,0,8.0,NULL,NULL,NULL
49,62,184670,"즐거운집 고급 양면 6폭 병풍 반야심경 + 사군자 세트, 1세트",119000,1397036458,True,0,4.5,15.0,False,즐거운집,0,14.0,NULL,NULL,NULL
50,63,184670,"베스트리빙 격자원목 3단 파티션, 내츄럴",60820,29716982,True,0,4.0,178.0,False,베스트리빙,0,43.0,베이지,원목,NULL
51,64,184670,호컴퍼니 비말차단 코로나 아크릴 가림막 식당용 카페용 독서실용 수험용,18000,4524062897,False,18,3.5,3.0,False,,0,3.0,NULL,NULL,NULL
52,66,184670,"우드레이 스트라이프 인테리어 가벽 파티션 칸막이, 화이트/블랙/메이플_420mm",99900,242423932,False,0,5.0,183.0,False,우드레이,0,105.0,NULL,합성목재,내추럴
53,69,184670,쿨웨이 *국내 생산* 사이즈 별 투명 가림막 아크릴 칸막이 식당 회의실 학원 관공서 학교 일자형 테이블 칸막이,9000,5346577526,False,0,,,False,,"5,000",,NULL,NULL,NULL
54,70,184670,"카미코코 1500 1단 2단 3단 우드파티션 칸막이 가리개, 1500 올화이트 3단 (420)",71900,1173062234,False,0,4.0,6.0,False,,착불배송,5.0,NULL,NULL,NULL
55,71,184670,철제 비말차단 식당 아크릴 칸막이 스탠드형 가림판 거리두기 가림막 투명 파티션 6T,95800,5115669522,False,0,5.0,3.0,False,,0,3.0,투명,철제,모던/심플
56,79,184670,"가구야히메 원목 인테리어 패브릭 파티션 가림막 가리개, 패브릭 패널 미니 3단 화이트",76000,1758692483,False,22,5.0,15.0,False,가구야히메,"6,600",15.0,화이트,패브릭,모던/심플
57,80,184670,"카미코코 1500 1단 2단 3단 우드파티션 칸막이 가리개, 지지대(1쌍)",10000,1173062279,False,0,3.5,11.0,False,,착불배송,8.0,NULL,NULL,NULL
58,81,184670,"해피데이 우드 286 파티션, 원색, 1개",36200,1910258,False,0,4.0,120.0,False,해피데이,착불배송,28.0,베이지,원목,NULL
59,83,184670,"우드레이 셀프 가벽 타공판 파티션 인테리어 원목 파티션 주방 사무실 침실 거실 원룸 현관 공간분리 나무 우드 가림막 칸막이 가벽 만들기, 수납아이템, 후크(8개입), 메이플",3400,5491061664,False,50,5.0,12.0,False,우드레이,0,12.0,NULL,NULL,NULL
60,84,184670,"제사용 6폭 병풍 죽절 금장 반야 산수화 + 커버 랜덤발송, 1세트",112380,1312264224,True,11,4.5,23.0,False,,0,20.0,NULL,NULL,NULL
61,85,184670,"남원목기 옥비단 산수화 추사한시 6폭 병풍, 1개",129000,6419555,True,38,4.5,63.0,False,남원목기,0,25.0,NULL,NULL,NULL
62,87,184670,"에코팩토리 파티션 칸막이 한폭50cm특대형 인테리어파티션, A-대형 라탄 화이트[높이150넓이200]",60900,142502951,False,25,4.5,122.0,False,에코팩토리,0,35.0,NULL,NULL,내추럴
63,88,184670,"남도공예 전통배접표구 제사용병풍 6폭 8폭 병풍, 1개, 01_6폭 추사 - 의제산수화",119000,10600816,False,0,4.5,204.0,False,,0,52.0,옐로우,전통배접표구,NULL
64,89,184670,"춘향골목기 병풍 돗자리카바-, 1개",12000,1499094195,False,0,5.0,3.0,False,,"3,000",3.0,NULL,NULL,NULL
65,90,184670,"베스트리빙 파인 3단 파티션, 블랙",87650,69694838,True,5,4.5,16.0,False,베스트리빙,0,3.0,NULL,NULL,NULL
66,91,184670,"아이리스코리아 우드 행거 선반 파티션 가로 + 선반 2p WLR-T66, 블랙",89900,150858667,True,0,4.5,72.0,False,아이리스,0,31.0,NULL,NULL,NULL
67,92,184670,"테이블 아크릴 칸막이( 600x450 두께 3T ) 미끄럼방지 발판 빠른배송 투명 아크릴 가림막, 실리콘발판형",14200,5427773703,False,64,5.0,15.0,False,,0,15.0,NULL,NULL,NULL
68,93,184670,"아이리스 우드 행거 파티션 66cm WLR-66, 화이트",76840,150544034,True,9,4.0,73.0,False,아이리스,0,29.0,NULL,NULL,NULL
69,95,184670,"21세기트랜드 공간 아크릴 파티션, 대:불투명",19500,1739267120,False,0,4.0,9.0,False,21세기트랜드,0,9.0,NULL,NULL,NULL
70,99,184670,"[까사라움] 갤러리 원목 2단 접이식 인테리어 낮은 파티션 2color, 전체색:화이트",74000,1523898962,False,0,5.0,5.0,False,,0,5.0,NULL,NULL,NULL
71,100,184670,"카미코코 1200 1단 2단 3단 우드파티션 칸막이 가리개, 1200 올화이트 1단 (620)",23900,1173062266,False,0,5.0,3.0,False,,착불배송,3.0,NULL,NULL,NULL
72,102,184670,"베스트리빙 클라우드 대나무 4단 파티션 XGB-1891-2, 내츄럴",162810,1609282626,True,2,3.5,3.0,False,베스트리빙,0,3.0,NULL,NULL,NULL
73,103,184670,"해피데이 3단 철제 파티션, 검정, 1개",47200,580102,False,0,3.5,123.0,False,해피데이,착불배송,12.0,블랙,철제,NULL
74,105,184670,투명방탄아크릴 PC 칸막이 가림막 식당 병원 학교 파티션 받침 브라켓,1800,5244784324,False,0,5.0,1.0,False,,0,1.0,NULL,NULL,NULL
75,106,184670,"디모토 빈티지 잎새 미니 3단 파티션 칸막이 (화이트), 화이트",89000,235717694,False,0,4.0,15.0,False,,"10,000",8.0,NULL,NULL,빈티지
76,108,184670,"철제 스탠드형 가림막 가리개 커튼봉 인테리어 파티션 공간분리 가벽 예쁜 원룸 침실 파티션, H200 x W80cm",92000,4808319201,False,2,5.0,2.0,False,,"35,000",2.0,NULL,NULL,NULL
77,109,184670,"비대면 칸막이 아크릴 가림막 일자형 학교 학원 식당 사무실 주문제작, 2mm",14900,5196917224,False,40,4.5,2.0,False,,"3,000",2.0,투명,아크릴,NULL
78,110,184670,"베스트리빙 매화 4단 파티션, 블랙",103580,29716981,True,7,4.5,124.0,False,베스트리빙,0,37.0,블랙,원목,NULL
79,111,184670,"까사라움 신개념 무빙 스트라이프 공간분리 인테리어 가벽 파티션, 무빙스트라이프(화이트)",125400,5398504119,False,5,5.0,1.0,False,,0,1.0,NULL,NULL,NULL
80,112,184670,"[해피데이]우드 88 파티션, 88A-원색",82400,1910210,False,0,4.0,21.0,False,해피데이,착불배송,9.0,NULL,NULL,내추럴
81,113,184670,"가구야히메 원목 갤러리 패널 파티션 4단, 화이트",157000,46204970,False,16,4.5,38.0,False,가구야히메,0,10.0,화이트,원목,NULL
82,114,184670,"즐거운집 고급 양면 6폭 병풍 추사 + 산수화 세트, 1세트",119000,1397036463,True,0,4.5,11.0,False,즐거운집,0,11.0,NULL,NULL,NULL
83,115,184670,"해피데이 4단 필라 저 파티션, 커피, 1개",31800,580095,False,0,4.0,136.0,False,해피데이,착불배송,27.0,브라운,원목,NULL
84,116,184670,"레트로하우스 플럼 원목 3단파티션, 민트",159000,1837392611,False,33,4.0,5.0,False,레트로하우스,착불배송,5.0,NULL,NULL,NULL
85,117,184670,"아이베란다 타공판 파티션 2단일체형, ㅛ자 지지대(2개 1세트)_소",9000,22252604,False,0,4.5,58.0,False,,"6,000",13.0,NULL,NULL,NULL
86,119,184670,"아이리스 우드 행거 파티션 66cm WLR-T66 + 선반 2p, 화이트",89900,150544053,True,3,4.0,48.0,False,아이리스,0,11.0,NULL,NULL,NULL
87,120,184670,"베스트리빙 플랜트 4단 파티션, 내츄럴",61100,222074517,True,4,4.5,10.0,True,베스트리빙,,7.0,NULL,NULL,NULL
88,121,184670,"리빙텍스 홀딩도어 자바라 D타입, 02.홀딩 D-홀겹 투명, 개폐방식-1.편개",850,9550366,False,0,4.5,70.0,False,리빙텍스,0,17.0,NULL,PVC플라스틱,모던/심플
89,122,184670,"늘해랑 일반재질 CP 고급형 병풍커버, 1개",9880,1657862132,True,0,5.0,4.0,False,,0,4.0,NULL,NULL,NULL
90,123,184670,"FS 식당칸막이 600-600비말방지칸막이다용도가림막, 식당칸막이600-600",24220,5195444025,False,0,5.0,1.0,False,,"4,000",1.0,NULL,NULL,NULL
91,125,184670,"투명 책상 가림막 식당 칸막이 가림판 PP 비말 차단 테이블 학교 학원 유치원 10개, 투명 소형 10개입",21000,2322923938,False,0,4.5,3.0,False,,0,3.0,NULL,NULL,NULL
92,127,184670,"남원목기 비단 사군자 반야심경 6폭 병풍, 1개",119900,6419560,True,36,4.5,72.0,False,남원목기,0,18.0,NULL,NULL,NULL
93,128,184670,리모컨 정리함,20000,100794415,False,0,4.5,30.0,False,,"3,000",8.0,NULL,NULL,NULL
94,129,184670,"제사용 8폭 병풍 산수화 추사 + 커버 랜덤발송, 1세트",136710,1312264293,True,0,4.5,25.0,False,,0,7.0,NULL,NULL,NULL
95,131,184670,"가구야히메 스윙 원목 가벽 파티션 간편설치 인테리어 공간분리 칸막이 가림막 가리개, 2단",114000,1660610964,False,13,5.0,10.0,False,가구야히메,착불배송,11.0,NULL,NULL,NULL
96,133,184670,"7단 인테리어 파티션, 아이보리",142720,4650331990,True,3,5.0,1.0,False,,0,1.0,NULL,NULL,NULL
97,135,184670,"즐거운집 고급 양면 6폭 병풍 추사 + 산수화 세트, 1세트",119000,1397036459,True,0,4.5,3.0,False,즐거운집,0,3.0,NULL,NULL,NULL
98,136,184670,"우드레이 셀프 가벽 인테리어 스트라이프 파티션 원목 파티션 주방 사무실 침실 거실 원룸 현관 공간분리 나무 우드 가림막 칸막이 가벽 만들기, 넓은간격, 메이플",88900,5492796484,False,63,5.0,3.0,False,우드레이,0,3.0,NULL,NULL,NULL
99,137,184670,"공간분리 엘리아 3단 파티션, 인디핑크",95000,1566958621,False,0,5.0,3.0,False,투플레이스,"10,000",3.0,NULL,NULL,NULL
100,138,184670,"가벽닷컴 가벽 파티션 칸막이 높이2000 X 너비1200 / 1800 / 2400 / 3000 / 3600 / 4200 / 4800 mm 국내생산 파티션형 가벽, 1200, 콘크리트, 천장고2700mm미만",189000,4678249896,False,13,5.0,11.0,False,,"29,000",11.0,NULL,NULL,NULL
101,139,184670,"디모토 빈티지 잎새 미니 2단 원목 파티션 칸막이 (화이트), 화이트",69000,307157854,False,0,4.0,7.0,False,,"10,000",7.0,NULL,NULL,NULL
102,140,184670,페이퍼팝 공부집중 칸막이,9400,41788304,False,0,4.5,20.0,False,페이퍼팝,"2,500",11.0,황토색,골판지,NULL
103,141,184670,투명 가림막 일자형,30500,1432446169,True,0,4.5,13.0,False,,0,12.0,NULL,Ecozen,코로나예방
104,144,184670,"타공판 인테리어 철제파티션 60cm 결합형 110cm + 120cm, 블랙",155100,1434611053,True,0,4.5,6.0,False,,0,6.0,NULL,NULL,NULL
105,145,184670,"늘해랑 고급형 누빔 병풍커버 10폭용, 누빔 600 * 10폭, 없음",22880,3663483,False,12,4.5,101.0,False,,0,25.0,NULL,NULL,NULL
106,146,184670,"45T용 안전각 (PVC안전각 철안전각) 파티션 받침대, 사출안전각",4900,5335778139,False,0,5.0,1.0,False,,0,1.0,NULL,NULL,NULL
107,147,184670,[700 X 600 3T] 테이블 아크릴 칸막이 가림막 식당 업소용 회의실 학교 일자형,26400,5503700528,False,56,4.0,1.0,False,,0,1.0,NULL,NULL,NULL
108,149,184670,"[높이 60cm 두께 3mm 미끄럼 방지발판 투명 아크릴 가림막] 아크릴가림막 실리콘패드 장착 밀림없는 안정 식당용 가림막, 십자발판(실리콘패드 부착)",14200,5301072412,False,29,4.5,2.0,False,,0,2.0,NULL,NULL,NULL
109,151,184670,"카미코코 1500 1단 2단 3단 우드파티션 칸막이 가리개, 1500 올화이트 2단 (620)",59900,1173062314,False,0,5.0,1.0,False,,착불배송,1.0,NULL,NULL,NULL
110,152,184670,"웨인스 미니 2단 원목 파티션 칸막이 까페 파티션, 미니2단(화이트)",75000,4361848807,False,0,5.0,1.0,False,,"10,000",1.0,NULL,NULL,NULL
111,158,184670,"안심가림막 칸막이 비말차단 아크릴칸막이(창구형) 600/450, 450창구형(450x450x3)",19700,4352569480,False,0,5.0,3.0,False,아트사인,"2,500",3.0,NULL,NULL,NULL
112,159,184670,"DIY아크릴 투명 아크릴 가림막 가림판 식당 도서관 칸막이 은행 약국 호텔 병원 안내 데스크, 일반형",8800,5186129117,False,0,5.0,1.0,False,,"3,000",1.0,NULL,NULL,NULL
113,161,184670,"카미코코 1200 1단 2단 3단 우드파티션 칸막이 가리개, 지지대(1쌍)",10000,1173062246,False,0,3.5,8.0,False,,착불배송,7.0,NULL,NULL,NULL
114,164,184670,"[디모토] 프렌치하임 빈티지 원목 3단 파티션 칸막이 (스카이그레이), 스카이그레이",135000,116885633,False,0,4.5,6.0,False,,"10,000",3.0,그레이,원목,NULL
115,165,184670,"데코지엔 인테리어 공간분리 패브릭 파티션, 갤러리3단파티션(화이트)",95000,189248104,False,0,5.0,11.0,False,,착불배송,6.0,NULL,NULL,내추럴
116,166,184670,영남베드앤메디칼 병원용 파티션 이동형 칸막이 YB-S102 알루미늄 2단,121700,4343831027,False,0,5.0,3.0,False,,0,1.0,NULL,NULL,NULL
117,167,184670,노란가지나무 2단 3단 원목 파티션 가림막 칸막이 인테리어,79000,1986819598,False,0,4.0,4.0,False,,"10,000",4.0,NULL,원목,모던/심플
118,169,184670,하우스데이 이동식 파티션 1단 750B-브라운선염체크,61750,70906920,False,5,4.5,6.0,False,,0,2.0,NULL,면지,NULL
119,171,184670,"남원공방 6폭 죽절 추사 산수화 병풍 + 커버 랜덤발송 + 바닦 고정고무, 1세트",125580,2039519829,True,0,5.0,3.0,False,남원은행공방,0,3.0,NULL,NULL,NULL
120,172,184670,"남원목기공예사 미니멀 추사 사군자 비단 병풍, 1세트",140000,1703892776,True,26,4.0,7.0,False,남원목기,0,7.0,NULL,NULL,NULL
121,173,184670,"틴우드 가벽 스트라이프 철제 파티션, 스트라이프 W600 블랙:H2200",94900,4315778082,False,36,5.0,7.0,False,레트로하우스,"10,000",7.0,NULL,NULL,NULL
122,174,184670,"레트로하우스 틴우드 아쿠아유리 철제파티션 800 (하프), 블랙",64000,1383309507,False,60,4.5,3.0,False,레트로하우스,착불배송,3.0,NULL,NULL,NULL
123,176,184670,"He 스크린병원용 방염 일반 9종 파티션 요양병원 환자 보건실 학교 진찰 의자 가림막 칸막이 커튼 커텐 이동식, 스카이블루(140cm)일반커튼 1단",109390,229538005,False,0,5.0,1.0,False,,0,,NULL,NULL,NULL
124,177,184670,"가구야히메 공간분리 소나무 원목 갤러리 파티션 가림막 가리개, 내추럴 2단",72000,1183014188,False,18,4.5,9.0,False,가구야히메,"6,600",6.0,베이지,원목,내추럴
125,180,184670,"[까사라움] 갤러리 원목 2단 접이식 인테리어 낮은 파티션 내추럴, 상세 설명 참조",70300,1523896027,False,5,5.0,1.0,False,,0,1.0,NULL,NULL,NULL
126,181,184670,"배너핏 아크릴 가림막 보드판 대형 받침대 - D타입, D (5T) 대형받침대",3000,4940475363,False,40,5.0,1.0,False,,0,1.0,NULL,NULL,NULL
127,182,184670,"[엘린까사] 미들 철재/철제 파티션 3color (1200X1200), 타공_블랙",85000,2019764608,False,44,3.5,3.0,False,엘린까사,착불배송,3.0,NULL,NULL,NULL
128,183,184670,"베스트리빙 NA 파인 4단 파티션 NY-10115-4, 내츄럴",103910,1609282760,True,0,4.5,3.0,False,베스트리빙,0,2.0,NULL,NULL,NULL
129,185,184670,"틴우드 가벽 타공판 철제 파티션, H2400, 타공판 W400 블랙",81900,4847495878,False,45,4.0,6.0,False,레트로하우스,"10,000",7.0,NULL,NULL,NULL
130,186,184670,"모디디 갤러리 3단 파티션 NY-1016-3BK, 블랙",124230,116199287,True,0,3.5,7.0,False,,0,1.0,NULL,NULL,NULL
131,188,184670,"플럼 원목 가벽 파티션, 패브릭형",78000,5196833418,False,30,4.5,8.0,False,레트로하우스,"10,000",8.0,NULL,NULL,NULL
132,189,184670,"베스트리빙 클로이 4단 파티션 NY10511-4, 화이트",169000,1609282871,True,0,3.0,3.0,False,베스트리빙,0,3.0,NULL,NULL,NULL
133,194,184670,"데코지엔 패턴그리다 공간분리 인테리어 파티션, 패턴2단파티션",85000,307074489,False,0,4.0,8.0,False,,착불배송,3.0,NULL,NULL,NULL
134,195,184670,하우스데이 이동식 파티션 1단 750W-세인트그레이,65550,218279897,False,5,,,False,,0,,NULL,면지,NULL
135,196,184670,"동양파티션 원목파티션 구형 방용 보급형파티션 (RS1- H RS1 - W), 방용보급형 월넛(RS1- W)",89000,4848835859,False,1,5.0,1.0,False,,"11,000",1.0,NULL,NULL,NULL
136,198,184670,"패널 갤러리 이동형 2단 원목 파티션 칸막이 인테리어 까페 파티션, 스카이그레이",138000,1916161944,False,0,5.0,1.0,False,,"10,000",1.0,그레이,NULL,북유럽
137,199,184670,"마루칸 투톤 파티션, 투톤1400 4단",92000,289816713,False,0,4.0,9.0,False,마루칸,"6,000",8.0,우드,필름랩핑,NULL
138,200,184670,"남원공방 제사용 8폭 병풍 묵화 추사 CP, 단품, 단품",169000,3636880,False,0,4.5,6.0,False,,0,1.0,옐로우,비단(실크),NULL
139,201,184670,"좋아요몰 코로나가림막 테이블가림막 개인방역 독서실 식당테이블 음식점 칸막이 파티션, 가판 (350X450)",14500,4829835379,False,0,5.0,1.0,False,,"4,400",1.0,NULL,NULL,NULL
140,202,184670,"선반형 인테리어 가벽 공간분리 칸막이 선반 안방 침실 거실 현관 우드 원목 셀프 파티션, 80x30x180 블랙 블랙, 1-1.2 미터",80110,5033602547,False,0,,,False,,"70,000",,NULL,NULL,NULL
141,203,184670,"그루브 F 파티션 2단 일반천, 블루하트/하단부(이동식)",112000,172771583,False,16,5.0,4.0,False,그루브,0,3.0,블루하트,알루미늄,NULL
142,205,184670,"베스트리빙 애슐리 원목 파티션/칸막이/3단파티션/4단파티션, 3단",119000,4543338979,False,0,5.0,1.0,False,베스트리빙,0,1.0,NULL,NULL,NULL
143,206,184670,"틴우드 가벽 아쿠아유리 철제 파티션, 아쿠아유리 W400 화이트:H2200",126000,4315777603,False,33,3.5,9.0,False,레트로하우스,착불배송,9.0,NULL,NULL,NULL
144,207,184670,투명방탄아크릴 PC 칸막이 가림막 식당 병원 학교 파티션,24000,5306950567,False,0,5.0,1.0,False,,0,1.0,NULL,NULL,NULL
145,208,184670,"이동식 다용도 철제 타공판 파티션 매장 원룸 가벽, 블랙",20000,4395295920,False,0,5.0,1.0,False,,"25,000",1.0,NULL,NULL,NULL
146,209,184670,미니 핸드메이드 파티션,46000,4355732743,True,0,5.0,1.0,False,,0,1.0,NULL,NULL,NULL
147,210,184670,아크릴 가림막 식당 학교 관공서 칸막이 800x600 3T,27500,5189998281,False,0,5.0,2.0,False,,"4,000",2.0,NULL,NULL,NULL
148,211,184670,"가구야히메 원목 블라인드 고급3단파티션(지지대포함), 내추럴",138000,1536373,False,4,4.0,21.0,False,가구야히메,0,8.0,베이지,원목,NULL
149,212,184670,"쁘레또 에코 미니 2단 파티션 인테리어파티션, 미니나뭇잎2단파티션",78000,1555707215,False,0,5.0,4.0,False,,"10,000",4.0,NULL,NULL,NULL
150,213,184670,"가구야히메 바퀴 블라인드 파티션, 바퀴 블라인드 2단-화이트",164000,67902575,False,7,4.5,16.0,False,가구야히메,"8,000",7.0,화이트,원목,NULL
151,214,184670,샵마인드 프로텍터 칸막이 80 x 60 cm x 5mm,40960,1712352420,True,2,5.0,12.0,False,,0,12.0,NULL,NULL,NULL
152,217,184670,"넥스우드 셀프 공간분리 칸막이 원룸 현관 주방 거실 사무실 카페 가벽 타공 무타공 타공판 인테리어 파티션, NW H-500, 497mm, 메이플",77000,5399389235,False,11,5.0,2.0,False,,0,2.0,NULL,NULL,NULL
153,218,184670,"카미코코 1500 1단 2단 3단 우드파티션 칸막이 가리개, 1500 워시 2단 투톤(420)",47900,1173062236,False,0,5.0,7.0,False,,착불배송,2.0,NULL,NULL,NULL
154,219,184670,"파티션 칸막이 대나무파티션 접이식파티션, 150/40cm 3칸",60000,234350114,False,0,5.0,4.0,False,,0,2.0,NULL,NULL,NULL
155,221,184670,"마루칸 오크 파티션, 오크 1200 3단",69000,135509170,False,0,5.0,5.0,False,마루칸,"6,000",2.0,우드색,합성목재,NULL
156,223,184670,"카미코코 1200 1단 2단 3단 우드파티션 칸막이 가리개, 1200 올아카시아 2단 (420)",39900,1173062285,False,0,4.0,4.0,False,,착불배송,4.0,NULL,NULL,NULL
157,224,184670,"호가 100% 원목고궁문살 기타인테리어소품, 고궁문살 C, 소형",25900,4927895,False,0,4.0,10.0,False,,0,6.0,베이지,NULL,NULL
158,227,184670,"식당 가림막 칸막이 파티션 다용도 가림막 모음 반투명, 70x50cm",15000,4528014975,False,0,,,False,,0,,NULL,NULL,NULL
159,228,184670,"마켓리더 가벽 인테리어 스트라이프 파티션 402, 오크",69900,1598454103,False,12,4.0,8.0,False,,착불배송,8.0,NULL,NULL,NULL
160,230,184670,"아이베란다 레드파인 원목 파티션, 파티션선택, 600x900mm(지지대별도)",32400,12131745,False,0,4.5,79.0,False,,"6,000",15.0,브라운,원목,NULL
161,232,184670,"까사라움 블라인드 공간분리 인테리어 가벽 파티션, 가벽파티션(네이비블루)",125000,1658038082,False,0,4.5,13.0,False,,착불배송,13.0,NULL,NULL,NULL
162,233,184670,"남원목기 이중배접 추사 사군자 8폭 병풍, 1개",173000,1731827435,True,30,5.0,3.0,False,남원목기,0,3.0,NULL,NULL,NULL
163,234,184670,"레트로하우스 틴우드 타공판 철제파티션 1200 (하프), 화이트",74000,298365483,False,58,4.0,4.0,False,레트로하우스,착불배송,3.0,NULL,NULL,NULL
164,236,184670,"비말방지 식당용 카페 칸막이 팬스 이동식 투명 가림막 폴리카보네이트 3T 테이블 파티션 레스토랑 분리, 마스크 걸이, 1개당",900,4521109819,False,0,4.0,5.0,False,,0,5.0,NULL,NULL,NULL
165,237,184670,"[까사라움] 갤러리 원목 2단 접이식 인테리어 낮은 파티션 화이트, 상세 설명 참조",74000,1523896303,False,0,5.0,1.0,False,,0,1.0,NULL,NULL,NULL
166,239,184670,"원룸공간분리 인테리어가벽 경량칸막이 원룸가벽, 5파티션 1.8M 2M",126500,1632238463,False,0,5.0,1.0,False,,0,1.0,NULL,NULL,NULL
167,241,184670,"까사라움 실용적인 공간나누기인테리어 파티션, 갤러리원목2단[내추럴]",74000,1520062712,False,0,4.0,11.0,False,,착불배송,11.0,베이지,NULL,모던/심플
168,242,184670,"완전투명 가림막 대형 가림판 칸막이 파티션 학교 수업 구내식당 유치원용 D비말차단 가람판 가림막 아크릴 판 공공시설 독서실 학교 유치원 대학교 문구 차단막 대형 소형, 상세페이지 참조",7500,2355834580,False,15,5.0,1.0,False,,0,1.0,NULL,NULL,NULL
169,243,184670,"F 파티션 1단 일반천, 솔리드블랙/하단부(이동식)",68000,121936720,False,5,4.5,6.0,False,그루브,0,6.0,솔리드블랙,알루미늄,NULL
170,244,184670,"가구야히메 원목 갤러리 패널 파티션 3단, 내추럴",117000,46204946,False,8,4.5,42.0,False,가구야히메,0,18.0,베이지,원목,NULL
171,245,184670,천정형 아크릴 가림막 / 편의점 아크릴 파티션 / 아크릴 칸막이,16300,4924885203,False,0,5.0,3.0,False,,0,3.0,NULL,NULL,NULL
172,247,184670,"리폼플러스 파티션+파티션걸이 SET 다용도걸이, 1_선반400X147{소}+파티션걸이{소}화이트",9800,1131133123,False,0,5.0,2.0,False,,"2,500",2.0,NULL,NULL,NULL
173,249,184670,"파로마 아이소 가벽 인테리어 스트라이프 파티션, 블랙",76900,2016252176,False,0,5.0,2.0,False,파로마,0,2.0,NULL,NULL,NULL
174,250,184670,"까사라움 책상 테이블 비말차단 비대면 미니 파티션 300, 미니책상파티션300, 블루",15900,2234441321,False,0,5.0,2.0,False,,착불배송,2.0,NULL,NULL,NULL
175,254,184670,하우스데이 이동식파티션 2단 750W-버니화이트,131100,70930308,False,5,5.0,1.0,False,,0,,NULL,면지,NULL
176,256,184670,[높이 60cm 두께 3mm 미끄럼 방지발판 투명 아크릴 가림막] 아크릴가림막 실리콘패드 장착 밀림없는 안정 식당용 가림막,14200,5284034613,False,52,4.0,2.0,False,,0,2.0,NULL,NULL,NULL
177,260,184670,"피오피나라 (아크릴민원창구 칸막이) 가림막 아크릴칸막이, 사이즈 1000 x 590 x 3T",46500,1332444333,False,0,4.5,35.0,False,,"7,000",31.0,NULL,NULL,NULL
178,261,184670,"테이블 크기별 가능한 식당가림막 구내식당 가림막 식당칸막이 비말 칸막이 코로나칸막이 음식점 전용 칸막이 상품, 일반칸막이",27000,5382095818,False,18,,,False,,"3,500",,투명,아크릴,NULL
179,262,184670,"우브 접이식 파티션 가벽 38종 모음전(양면) 5단, Y-29",130000,4947066405,False,0,,,False,우브,"19,000",,NULL,NULL,NULL
180,263,184670,"화이트 우드 파티션 공간분리 칸막이 인테리어 가벽, 화이트2m 1장",51800,4549899619,False,0,,,False,,0,,NULL,NULL,NULL
181,264,184670,"카미코코 1200 1단 2단 3단 우드파티션 칸막이 가리개, 1200 올화이트 2단 (620)",47900,1173062293,False,0,5.0,1.0,False,,착불배송,1.0,NULL,NULL,NULL
182,265,184670,"우브 접이식 파티션 칸막이 38종 모음전(양면), N-13",159000,4883780290,False,0,,,False,우브,"19,000",,NULL,NULL,NULL
183,266,184670,"[에일리] 리코 미니 2단 원목 타공 파티션 까페 칸막이, 화이트",75000,1974435440,False,0,,,False,,"10,000",,NULL,NULL,NULL
184,267,184670,"미니 병풍 6폭 제사병풍 추사한시 막병풍 높이 142cm, 1개",110000,1268621479,False,0,5.0,1.0,False,,0,1.0,NULL,NULL,NULL
185,269,184670,"마루칸 레아 파티션, 1400 레아파티션 1단",25000,61541987,False,0,3.5,40.0,False,마루칸,"6,000",2.0,NULL,필름랩핑,NULL
186,271,184670,"45T용 안전각 (PVC안전각 철안전각) 파티션 받침대, 스틸(철)안전각",8500,149038715,False,0,5.0,2.0,False,,0,2.0,NULL,NULL,NULL
187,272,184670,학교 관공서 은행 카페 구내식당 사무실 실속형 아크릴 비대면파티션 칸막이 일자형 가림막,10500,5149909345,False,50,,,False,,0,,화이트,아크릴,NULL
188,273,184670,"우드 386 파티션, 엔틱",50500,5226316671,False,0,4.0,31.0,False,,착불배송,10.0,NULL,NULL,NULL
189,274,184670,"마루칸 시슬리 파티션, 지지대발 2개 한세트",10000,1328186082,False,0,4.0,2.0,False,마루칸,"6,000",2.0,NULL,NULL,NULL
190,275,184670,"디모토 웨인스 미니 3단 원목 파티션 칸막이 인테리어 까페파티션, 화이트",95000,1064027919,False,0,3.5,10.0,False,,"10,000",10.0,NULL,NULL,NULL
191,276,184670,"[에일리] 루앙1단 800 파티션 사무용 칸막이 인테리어 사무실파티션, 딥그레이",89000,1249402458,False,0,4.5,2.0,False,,"12,000",1.0,NULL,NULL,NULL
192,278,184670,"남원목기 미니멀 추사 산수화 6폭 병풍, 1개",140000,1731852856,True,26,5.0,1.0,False,남원목기,0,1.0,NULL,NULL,NULL
193,280,184670,"타공판닷컴 철제 파티션 가로 70cm x 높이 110cm + 가로 70cm x 높이 110cm 세트, 화이트",214200,1911241144,True,0,5.0,1.0,False,,0,1.0,NULL,NULL,NULL
194,282,184670,"삼익가구 루이 인테리어 가벽 넓은간격 철제 파티션 칸막이, 01. 넓은간격/가로폭 333;화이트",59900,5219758749,False,69,5.0,2.0,False,삼익가구,착불배송,2.0,NULL,NULL,NULL
195,283,184670,"아이리스코리아 우드 행거 선반 파티션 + 선반 2p WLR-T46, 블랙",69910,150858843,True,10,4.0,20.0,False,아이리스,0,9.0,NULL,NULL,NULL
196,284,184670,디귿형 품질 좋은 회의실 아크릴가림막 교회아크릴칸막이 스터디카페용가림막,32000,5156804128,False,46,5.0,2.0,False,,0,2.0,NULL,NULL,NULL
197,286,184670,[늘해랑] [남원공방] 고급형 병풍커버(일반천) - 6폭 8폭 10폭용,12000,190619025,False,0,5.0,1.0,False,,0,1.0,NULL,NULL,NULL
198,288,184670,"레트로하우스 틴우드 유리 철제파티션 1200 (스탠드), 화이트",104000,298365446,False,42,3.5,7.0,False,레트로하우스,착불배송,7.0,NULL,NULL,NULL
199,289,184670,"해피데이 4단 써클 파티션, 블랙, 1개",85700,580046,False,0,4.0,10.0,False,해피데이,착불배송,,블랙,원목,NULL
200,290,184670,"넥스우드 셀프 공간분리 칸막이 원룸 현관 주방 거실 사무실 카페 가벽 클래식 스트라이프 인테리어 파티션, 384mm(연결타입), 화이트",72900,5399389632,False,0,5.0,3.0,False,,0,3.0,NULL,NULL,NULL
201,291,184670,"아크릴 가림막 비말차단 칸막이-주문제작 (3T / 4.5T), 3T, 가로450x높이400, 기본형(타공 무)",16500,2211802042,False,0,5.0,7.0,False,,0,7.0,NULL,NULL,NULL
202,293,184670,"타공판 인테리어 철제파티션 40cm 결합형 110cm + 120cm, 화이트",133990,1434611201,True,0,3.5,3.0,False,,0,3.0,NULL,NULL,NULL
203,295,184670,"[까사라움] 하프갤러리 원목 4단 접이식 인테리어 낮은 파티션 2color, 전체색:화이트",131100,1523895919,False,5,5.0,3.0,False,,0,3.0,NULL,NULL,NULL
204,297,184670,"[엘린까사] 하이 철재/철제 파티션 2color (1200X1800), 타공_블랙",110000,2019764082,False,44,4.5,4.0,False,엘린까사,착불배송,4.0,NULL,NULL,NULL
205,298,184670,"모디디 갤러리 4단 파티션 NY-1016-4BK, 블랙",183080,116199166,True,1,4.0,9.0,False,베스트리빙,0,3.0,NULL,NULL,NULL
206,299,184670,"호가 4단 라탄파티션 120cm 중형 파티션, 120cm 라탄 블랙화이트(중형)",41900,205880433,False,0,3.5,9.0,False,,0,3.0,NULL,NULL,NULL
207,300,184670,"아이베란다 목봉래티스 파티션 칸막이 가림막 방묘문, 1.ㄴ자 지지대(2개1세트)",7000,323917790,False,0,5.0,5.0,False,,"6,000",5.0,NULL,NULL,NULL
208,301,184670,"데코지엔 블라인드 가벽 파티션, 네이비블루",125000,1658255875,False,0,5.0,5.0,False,,착불배송,6.0,NULL,NULL,NULL
209,302,184670,"레트로하우스 틴우드 유리 철제파티션 600 (스탠드), 화이트",74000,298365461,False,47,5.0,7.0,False,레트로하우스,착불배송,6.0,NULL,NULL,NULL
210,303,184670,하우스데이 이동식 파티션 1단 750W-브라운선염체크,61750,70905439,False,5,4.5,2.0,False,,0,1.0,NULL,면지,NULL
211,304,184670,"남원공방 제사용 8폭 병풍 묵화 반야 CP, 단품, 단품",146120,3651095,True,0,4.0,4.0,False,,0,3.0,골드,비단(실크),NULL
212,307,184670,"영오 개인위생 플라스틱 가림판 [두께 0.9T], 대형 10개",19700,1984574218,False,34,4.5,19.0,False,,0,17.0,NULL,NULL,NULL
213,308,184670,"해피데이 2단 철제 파티션, 검정, 1개",36200,580100,False,0,3.5,96.0,False,해피데이,착불배송,4.0,블랙,철제,NULL
214,310,184670,"패널 갤러리 이동형 2단 원목 파티션 칸막이 인테리어 까페 파티션, 화이트",138000,2143295523,False,0,,,False,,"10,000",,화이트,NULL,북유럽
215,313,184670,"모디디 헤링본 3단 파티션 NY-1040-3NA, 내츄럴",83480,116199187,True,1,4.0,17.0,False,,0,3.0,NULL,NULL,NULL
216,314,184670,"남원목기 미니멀 옥 반야 산수화 6폭 병풍, 1개",145000,1731818283,True,23,4.5,2.0,False,남원목기,0,2.0,NULL,NULL,NULL
217,316,184670,"투명 가림막 소형 가림판 칸막이 파티션 학교 수업 구내식당 유치원용 D, 상세페이지 참조",1800,4389962721,False,0,,,False,,"3,000",,NULL,NULL,NULL
218,318,184670,"남원목기 미니멀 옥 반야 사군자 6폭 병풍, 1개",145000,1731814201,True,23,4.0,4.0,False,남원목기,0,4.0,NULL,NULL,NULL
219,319,184670,"IVERANDA 원목파티션 2단일체형(래티스형), 300x900mm(지지대별도)",18000,97499995,False,0,4.0,9.0,False,,"6,000",,NULL,NULL,내추럴
220,320,184670,미니병풍 김홍도 인테리어병풍,20130,69560293,False,0,4.5,4.0,False,에스엠파티,"3,000",1.0,NULL,NULL,NULL
221,321,184670,생활의지혜 인테리어칸막이 폭120 x 높이 120 cm 701-527 광폭파티션. 비규격생산가능,85000,5250254687,False,0,5.0,4.0,False,,착불배송,,NULL,실크 벽지 디자인,NULL
222,322,184670,패브릭 파티션 S,25000,4672491298,False,0,4.0,1.0,False,,0,1.0,NULL,NULL,NULL
223,323,184670,"우드레이 셀프 가벽 공간분리인테리어 디자인 파티션, 자작",185000,152860895,False,0,5.0,11.0,False,우드레이,"10,000",4.0,NULL,NULL,내추럴
224,324,184670,"SK퍼니처/사무용 파티션부속품/천파티션/우드파티션/칸막이, 안전각",14000,1119770358,False,0,3.0,4.0,False,,0,1.0,NULL,NULL,NULL
225,325,184670,"b424 이동식 다용도 철제 타공판 파티션 매장 원룸 가벽, 50x150-블랙",64290,2021041962,False,2,,,False,,0,,NULL,NULL,NULL
226,326,184670,"가구야히메 원목 바퀴이동형 파티션 공간분리 인테리어 가리개, 바퀴 병풍 2단 파티션",105000,319922978,False,14,4.0,3.0,False,가구야히메,"8,000",2.0,베이지,한지,NULL
227,327,184670,"디모토 패널 갤러리 3단 원목 파티션 칸막이 인테리어 (화이트), 화이트",95000,332716081,False,0,,,False,,"10,000",,NULL,NULL,NULL
228,329,184670,"카미코코 1500 1단 2단 3단 우드파티션 칸막이 가리개, 1500 워시 3단 투톤(420)",71900,1173062263,False,0,5.0,1.0,False,,착불배송,,NULL,NULL,NULL
229,330,184670,"남원목기 비단 사군자 추사한시 6폭 병풍, 1세트",130500,6419559,True,30,4.0,21.0,False,,0,4.0,NULL,비단(실크),NULL
230,331,184670,"타공판 가벽 인테리어 철제파티션 400 x 2700 mm, 화이트",142600,1909826336,True,0,,,False,,0,,NULL,NULL,NULL
231,332,184670,"투명홀딩도어 자바라 10종 모음, 투명블루+화이트부속",500,1761842666,False,0,4.5,6.0,False,,0,6.0,NULL,NULL,NULL
232,333,184670,"[에일리] 키루나 파티션 칸막이 인테리어 까페파티션, 4단파티션(스카이그레이)",128000,1441655802,False,0,4.0,1.0,False,,"12,000",1.0,NULL,NULL,NULL
233,335,184670,"셀프인테리어 가벽 만들기 낮은 원목 타공판 현관 원룸 이동식 파티션 칸막이, white",56000,4659343946,False,5,,,False,,"9,000",,NULL,NULL,NULL
234,336,184670,"남원공방 고급형 누빔 CP 병풍커버 6폭 8폭 병풍높이 125~155cm, 01_누빔 410-6폭",21900,189774145,False,0,5.0,1.0,False,,0,1.0,NULL,NULL,NULL
235,338,184670,"에코팩토리 파티션 칸막이 한폭50cm특대형 인테리어파티션, D-대형 투톤화이트[높이150넓이200]",79500,1238223937,False,20,5.0,12.0,False,에코팩토리,0,4.0,블랙화이트,나무,NULL
236,339,184670,"가구야히메 원목 바퀴 병풍 3단 파티션, 바퀴병풍3단",159000,102399151,False,11,5.0,3.0,False,가구야히메,"8,800",2.0,NULL,한지,NULL
237,340,184670,"병원 요양원 가정용 이동식 칸막이 가림막 파티션, 핑크세팬",56200,2156671680,False,56,,,False,,0,,NULL,NULL,NULL
238,341,184670,"블라인드할인몰 한겹 무늬전사 홀딩도어 12칼라, 03. B-117 한겹 연미색",600,96584539,False,25,4.5,6.0,False,,0,5.0,NULL,PVC,NULL
239,342,184670,"[가구언니] 더하임 철망 4단 원목 파티션 인테리어파티션, 화이트",187000,208172570,False,0,5.0,1.0,False,,착불배송,1.0,NULL,NULL,NULL
240,344,184670,"베란다 가림벽 패키지로 엮은 간이 파티션 침실 라탄 거실 레스토랑 호텔 오피스, 120X40 화이트 1면",37200,4750210734,False,25,,,False,,0,,NULL,NULL,NULL
241,348,184670,"아이베란다 목봉래티스 파티션 칸막이 가림막 방묘문, (목봉래티스 300) 900x1200mm (지지대별도)",83000,294578148,False,0,,,False,,"6,000",,NULL,NULL,NULL
242,349,184670,"타공파티션 경량 칸막이 바퀴달린 가벽 분할 인테리어 철제 철재 이동식, 화이트1m*1m",28800,5370727665,False,43,,,False,,"20,000",,NULL,NULL,NULL
243,350,184670,"CN207 소나무원목 낮은 파티션 카페매장 가림막, A",112000,5258876946,False,0,,,False,,0,,NULL,NULL,NULL
244,352,184670,"데코지엔 카페 사무실 홈 공간분리 가리개 인테리어 미니2단 파티션, 미니2단파티션 내추럴",75000,2316285952,False,0,,,False,,착불배송,,NULL,NULL,NULL
245,353,184670,"사무실 칸막이 방가벽 가벽세우기 간살중문 방나누기 네일샵가림막 매직 침대가벽 파티션, 검정",49000,2059375263,False,0,5.0,1.0,False,,0,1.0,NULL,NULL,NULL
246,356,184670,영남베드앤메디칼 병원용 파티션 이동형 칸막이 YB-S101 알루미늄 1단,75800,4343829365,False,0,,,False,,0,,NULL,NULL,NULL
247,357,184670,"아크릴 가림막 비말차단 칸막이-주문제작 (3T / 4.5T), 3T, 가로700x높이600, 기본형(타공 무)",27500,4731176629,False,0,4.5,3.0,False,,0,3.0,NULL,NULL,NULL
248,359,184670,"대나무파티션 우드 카페 침실 거실 가림막 가벽, 옵션2",59000,5456694633,False,0,,,False,,0,,NULL,NULL,NULL
249,361,184670,"카미코코 1700 원컬러 1단 2단 3단 우드파티션 칸막이 가리개, 1700 올화이트 3단 (420)",80900,1254045913,False,0,3.5,11.0,False,,착불배송,8.0,NULL,NULL,NULL
250,363,184670,"북유럽 미니멀 소나무 원목 화분 거치대 인테리어 파티션 선반 베란다 발코니 옥상 가림막 식물 걸이 진열대 홈 인테리어, 30*90 두께",46600,4668066860,False,36,,,False,,0,,NULL,NULL,NULL
251,364,184670,"경량칸막이 가벽 파티션 분할 인테리어 철제 패브릭 천 이동식 낮은 원룸 실내 일러스트, 멜란지그레이 80*180",35300,5370861310,False,46,,,False,,"20,000",,NULL,NULL,NULL
252,365,184670,조NL_YWH3021 파티션 인테리어가림막 실내파티션 파티션 가구파티션 커튼파티션▷RN.W5453ea,77940,5479636952,False,48,,,False,,0,,NULL,NULL,NULL
253,366,184670,"마켓리더 가벽 인테리어 스트라이프 파티션 582, 화이트",99900,1598454147,False,9,5.0,5.0,False,,착불배송,5.0,NULL,NULL,NULL
254,367,184670,향림공예 6폭 미니 병풍 제사용품,110000,5024645506,False,15,5.0,9.0,False,,0,7.0,NULL,NULL,NULL
255,368,184670,"인테리어 가벽 셀프가벽만들기 파티션 현관가벽, P 80x120",84500,5362084149,False,44,,,False,,"60,000",,NULL,NULL,NULL
256,369,184670,"리얼비 우드 파티션 카페 식당 베란다 화장실 창고 원목 가림막 가벽 인테리어, 브라운",76640,5471082158,False,0,,,False,,0,,NULL,NULL,NULL
257,371,184670,"에코팩토리 파티션 칸막이 한폭50cm특대형 인테리어파티션, B-라탄 올화이트[높이180넓이200]",76900,1187576384,False,21,,,False,에코팩토리,0,,NULL,NULL,NULL
258,372,184670,"에코팩토리 파티션 칸막이 한폭50cm특대형 인테리어파티션, D-대형 투톤옐로우[높이150넓이200]",79500,307028323,False,20,4.0,9.0,False,에코팩토리,0,,NULL,NULL,NULL
259,373,184670,아크릴 가림막 폴리카보네이트 비말차단,14900,5397840238,False,0,,,False,,"5,000",1.0,NULL,NULL,NULL
260,374,184670,사이즈조절 늘어나는 서랍 속 칸막이 파티션,6330,5515067177,False,0,,,False,,0,,NULL,NULL,NULL
261,376,184670,"카미코코 1200 1단 2단 3단 우드파티션 칸막이 가리개, 1200 올화이트 3단 (620)",71900,1173062262,False,0,4.5,2.0,False,,착불배송,2.0,NULL,NULL,NULL
262,378,184670,수납장칸구분 서랍 안 자유자재 멀티 수납공간 칸막이 수납장나눔 가구파티션,3600,2185140887,False,0,,,False,,"2,500",,NULL,NULL,NULL
263,379,184670,"아트시스 그린핸즈 PET 칸막이 접이식 ㄷ자형 식당 가게 급식소 위생 비말차단 이동식 가림판 회사 기업 책상 투명 페트 부착형 가림막, 부착형 (투명겔양면테이프), 가로61 x 높이45 x 폭31.5cm",8900,5485332659,False,0,,,False,,0,,NULL,NULL,NULL
264,380,184670,"아크릴 가림막 비말차단 칸막이-주문제작 (3T / 4.5T), 4.5T, 가로800x높이600, 기본형(타공 무)",28500,5470294260,False,0,,,False,,0,,NULL,NULL,NULL
265,381,184670,"미쓰리 낮은 철제 나무 파티션 화분 진열대 사무실 카페 거실 공간분리 셀프 인테리어가벽, 철제 모델 60*30*75",174600,5499057862,False,0,,,False,,0,,NULL,NULL,NULL
266,382,184670,"레어템 인테리어 가벽 수납장 주방 원목 철제 나무 원룸 공간분리 파티션 셀프가벽만들기, 80cmx28cmx110cm(브라운)",116900,1420517479,False,1,,,False,레어템,0,,NULL,NULL,NULL
267,383,184670,"행복쇼핑_서랍장칸막이 옷장칸막이 파티션 2P 사무실 가정_행복쇼핑, 상세페이지 참조",8500,5530122553,False,18,,,False,,0,,NULL,NULL,NULL
268,384,184670,"Gb7EF680__1인용 아크릴 가림막 칸막이 CN : 21MA20EA, 1인용 창구형",24850,5554065851,False,0,,,False,,0,,NULL,NULL,NULL
269,385,184670,"더인파티션 60T 불투명유리파티션-부자재무료, 블랙프레임(PGB-MG)",112000,1985527130,False,0,5.0,3.0,False,,착불배송,3.0,NULL,NULL,NULL
270,386,184670,"[특가행사] 포플러 지중해 3단 (1200) (1600) 파티션 까페 칸막이, 화이트",79000,4982075411,False,0,,,False,,"10,000",,NULL,NULL,NULL
271,394,184670,"투명 가림막 소형 가림판 칸막이 파티션 학교 수업 구내식당 유치원용 D, 상세페이지 참조",1880,4390889693,False,0,,,False,,"3,000",,NULL,NULL,NULL
272,396,184670,"남원목기공예사 미니멀 옥 추사 사군자 비단 병풍, 1세트",145000,1703892761,True,23,5.0,1.0,False,남원목기,0,1.0,NULL,NULL,NULL
273,398,184670,"아이베란다 래티스 원목파티션, 무도장, 600x1800mm(지지대별도)",54000,9290680,False,0,4.0,2.0,False,,"6,000",,브라운,원목,NULL
274,399,184670,"포플러 초록잎새 3단 파티션 까페 칸막이, 높이1600, 화이트",95000,5027057896,False,0,,,False,,"10,000",,NULL,NULL,NULL
275,400,184670,"[투명/반투명] 3T 비말 가림막 아크릴 칸막이 *당일 무료 배송*, 투명",14000,5512686665,False,53,,,False,,0,,투명,NULL,NULL
276,401,184670,파티션 브라켓 칸막이 받침대 1p 테이블 가림막 부속,7280,5431085165,False,48,5.0,1.0,False,,"2,500",1.0,NULL,NULL,NULL
277,402,184670,[800 X 600 3T] 테이블 아크릴 칸막이 가림막 식당 업소용 회의실 학교 일자형,32000,5563039460,False,54,,,False,,0,,NULL,NULL,NULL
278,403,184670,"애완 동물 깃털 보호대 해결사 뒤 날개 보호대 암탉 닭 안장 앞치마 더블 재킷 (20 * 19.5CM) 카키, 상품상세참조, 상품상세참조",8290,4959382133,False,12,,,False,,0,,상품상세참조,상품상세참조,상품상세참조
279,404,184670,"리빙텍스 홀딩도어 자바라 C타입, 01.홀딩 C-홀겹 레드 펄샤이닝, 개폐방식-1.편개",950,9550419,False,0,4.5,3.0,False,리빙텍스,0,,NULL,PVC플라스틱,NULL
280,405,184670,"나무소리 가벽 파티션 371mm, 네추럴",89240,2353592908,False,3,,,False,,0,,NULL,NULL,NULL
281,406,184670,"박씨상방 고급 전통 문양 추사 김정희 6폭 제사용 병풍, 상세설명 참조",181350,276460395,False,7,,,False,박씨상방,0,,NULL,NULL,NULL
282,409,184670,"1인용 어린이집 투명 가림막 소형 10개 유치원 칸막이 병원 책상 학원 파티션 교실 테이블, 단품",25280,5374709194,False,0,,,False,,0,,NULL,NULL,NULL
283,411,184670,"제이에스글로벌 비대면 안심가리막 중형, 실버",73900,5190949626,True,0,,,False,,0,,NULL,NULL,NULL
284,413,184670,"아크릴 투명 칸막이 가림막 가름막 학교 학원 은행 상담소 구내식당 음식점, 사이즈 600x400 막힘",32400,1910191379,False,12,,,False,,"2,500",,NULL,NULL,NULL
285,415,184670,케이디자인 아크릴가림막 600 x 400 3T,16000,5493569905,False,15,,,False,,"4,000",,NULL,NULL,NULL
286,417,184670,"아이베란다 아크릴 갤러리파티션 2단일체형(투명 반투명), ㅛ자 지지대(2개 1세트)_대",15000,27655823,False,0,4.0,26.0,False,,"6,000",10.0,NULL,NULL,NULL
287,418,184670,"우드림 퓨어 우드 파티션 칸막이 업소용 가정용 식당, 메이플",55900,5402664169,False,12,5.0,1.0,False,,"8,000",1.0,NULL,NULL,NULL
288,419,184670,"영스타 월드 우드공예 제조업자 에코 다잉 오동나무 테두리 신 중국식 실내 사무실 양생 병풍 차단, 스타일 2다.",69800,5520600765,False,34,,,False,,0,,NULL,NULL,NULL
289,420,184670,[높이700*600두께 3T] 대형 테이블 아크릴 칸막이 투명 가림막,26400,5563027840,False,47,,,False,,0,,NULL,NULL,NULL
290,422,184670,"디모토 패널 갤러리 3단 원목 파티션 칸막이 인테리어 (스카이그레이), 스카이그레이",95000,332716986,False,0,4.5,2.0,False,,"10,000",2.0,NULL,NULL,NULL
291,423,184670,"에코팩토리 파티션 칸막이 한폭50cm특대형 인테리어파티션, B-라탄 올브라운[높이120넓이150]",55900,306253503,False,26,5.0,4.0,False,에코팩토리,0,2.0,NULL,NULL,NULL
292,425,184670,"로체 2단 600 파티션 사무용 칸막이 까페 가림막, 화이트",75000,5530265801,False,0,5.0,1.0,False,,"10,000",1.0,NULL,NULL,NULL
293,426,184670,"북유럽 이동식 철제 수납 파티션 스탠드 이동 수납장 홀더 홈 인테리어, 화이트 60*100 블랙 10cm 걸이 10개",35800,4660388067,False,80,4.0,1.0,False,,0,1.0,NULL,NULL,NULL
294,427,184670,"인테리어 대형 접이식파티션 정원울타리 테라스가림막, 길이190cmx높이90cm탄화색 + 크다",33800,4703007222,False,57,3.0,1.0,False,,0,1.0,NULL,NULL,NULL
295,428,184670,향림공예 8폭 병풍 추사 산수화 제사 양면 죽절 스기목,163000,189629274,False,1,5.0,1.0,False,,0,,NULL,NULL,NULL
296,429,184670,"박씨상방 양면 6폭 반야심경 황토비단 +고화 산수화 6폭병풍 + 특허버팀고무 고정장치증정, 상세설명 참조",223200,271268741,False,7,,,False,박씨상방,0,,NULL,NULL,NULL
297,430,184670,"공간분리 인테리어 파티션 가벽 병풍 40종 (양면 디자인), AE",185800,5450085896,False,31,,,False,,0,,NULL,NULL,NULL
298,431,184670,"병원 클리닉 마사지샵 접이식 가림막 스크린 파티션, 그린 이중 천 두꺼운 프레임 3개",63000,5536784333,False,0,,,False,,0,,NULL,NULL,NULL
299,432,184670,"A6마트 욕실파티션37종 모음 DIY 쉬운설치 샤워부스 출장시공 당일발송, 줄무늬파티션750",83000,83271142,False,0,4.0,4.0,False,,"20,000",,NULL,NULL,NULL
300,433,184670,"베스트리빙 사군자 4단 파티션, 블랙",105910,4696989388,True,1,4.0,20.0,False,베스트리빙,0,6.0,NULL,NULL,NULL
301,434,184670,"아이제이가구 인테리어 파티션, 시슬리1400 3단",69000,1331829170,False,0,4.5,2.0,False,,"6,000",2.0,화이트,합성목재,NULL
302,436,184670,"아크릴 가림판 가림막 칸막이 투명 파티션 사무실 학교 회사 학원 고시장 안내 데스크 업소용 반투명 병원 식당 차단막, 가로x세로 590mmx450mm 창구형",16900,5109321043,False,15,4.0,4.0,False,,0,4.0,투명,NULL,NULL
303,437,184670,"베스트리빙 다용도 스틸 파티션 대, 블랙",39430,29716997,True,18,3.0,62.0,False,베스트리빙,0,1.0,블랙,철제,NULL
304,439,184670,"베스트리빙 범부 4단 파티션, 블랙",89000,222074461,True,0,4.5,8.0,False,베스트리빙,0,5.0,NULL,NULL,NULL
305,441,184670,비대면 코로나 비말 칸막이 파티션 음식점 식당 미용실 카페 학원,64900,4674485586,False,0,4.0,7.0,False,,0,7.0,NULL,NULL,NULL
306,442,184670,학교 관공서 은행 카페 구내식당 사무실 폴리카보네이트 투명아크릴 비대면파티션 칸막이 일자형 가림막,15500,4838531139,False,50,2.0,1.0,False,,0,1.0,투명,폴리카보네이트,NULL
307,443,184670,"모디디 마드리스 3단 파티션 NY-1008-3NA, 내츄럴",79550,116199222,True,0,4.0,4.0,False,,0,2.0,NULL,NULL,NULL
308,444,184670,"에코팩토리 파티션 칸막이 한폭50cm특대형 인테리어파티션, 블랙받침대2개(1세트)",14000,166524584,False,6,4.0,28.0,False,에코팩토리,0,12.0,NULL,NULL,NULL
309,445,184670,"인테리어 가림막 이동식 병풍 파티션 사무실, 1.8m 높이 x 0.5m 너비 (3개)",70000,1999235548,False,0,4.0,1.0,False,,"25,000",1.0,NULL,NULL,NULL
310,446,184670,"[엘린까사] 하이 망입유리 철재/철제 파티션 2color (800X1800), 블랙",100000,2019763852,False,44,4.0,1.0,False,엘린까사,착불배송,1.0,NULL,NULL,NULL
311,447,184670,"아키아 우드파티션 칸막이 가림막 방부목 PT03 (지지대포함), 원목 - 100 x 50 (지지대포함)",30000,1101730644,False,0,4.5,9.0,False,,"4,000",8.0,NULL,NULL,NULL
312,448,184670,"트리안 나무 파티션 모음전!, 원목-반격자1212",128000,118647784,False,0,5.0,5.0,False,,0,1.0,NULL,NULL,NULL
313,450,184670,"웨인스 미니 원목 파티션 모음 칸막이 까페 파티션, 미니2단파티션, 화이트",75000,4362094163,False,0,3.0,5.0,False,,"10,000",5.0,NULL,NULL,NULL
314,451,184670,"썬라인 B형 홀겹 전사 홀딩도어 자바라 칸막이 접이문 중문 주름문 파티션, 연우드",1500,22522606,False,0,4.5,30.0,False,,0,12.0,NULL,NULL,모던/심플
315,452,184670,"케렌시아 칸막이 공간분리 다용도 파티션 4단, Q28_파티션4단(CO)",59900,1329921916,False,0,3.5,14.0,False,상도가구,착불배송,14.0,NULL,NULL,NULL
316,453,184670,"치킨 와이어 미니 원목 타공 파티션 / 까페 칸막이, 미니2단파티션, 스카이그레이",75000,1930582553,False,0,5.0,1.0,False,,"10,000",1.0,NULL,NULL,NULL
317,455,184670,"카미코코 1200 1단 2단 3단 우드파티션 칸막이 가리개, 1200 올워시 3단 (420)",59900,1173062280,False,0,4.0,2.0,False,,착불배송,1.0,NULL,NULL,NULL
318,458,184670,"모디디 타탄문 4단 파티션 NY-1014-4BK, 블랙",103750,116199199,True,3,4.0,10.0,False,베스트리빙,0,4.0,NULL,NULL,NULL
319,459,184670,"모디디 범부 3단 파티션 NY-1033-3NA, 내츄럴",79120,116199302,True,0,3.5,3.0,False,베스트리빙,0,1.0,NULL,NULL,NULL
320,460,184670,"해피데이 4단 루키 파티션, 아이보리",46100,41828394,False,0,4.0,75.0,False,해피데이,착불배송,11.0,NULL,라탄,내추럴
321,461,184670,상품진열 다용도 투명 아크릴 가림막 대 320X200X100X3,7600,5043032029,False,0,,,False,,"3,000",,NULL,NULL,NULL
322,463,184670,"디모토 빈티지 잎새 미니 2단 원목 파티션 칸막이 (스카이그레이), 스카이그레이",69000,307154339,False,0,5.0,4.0,False,,"10,000",4.0,NULL,NULL,NULL
323,465,184670,DIY 초강력 가로세로 만능 파티션 chancea,5710,4916133177,False,0,,,False,모아모아요,"3,000",,NULL,NULL,NULL
324,466,184670,"파티션 2단 이동식 가림막 공간분리 칸막이 원룸 인테리어, 2단 (YWH3019)",34400,5421729550,False,42,,,False,,0,,NULL,NULL,NULL
325,467,184670,금빛지니 칸막이파티션 중국식 병풍 차단 스타일리시 모즈 거실 모바일 심플 플바인딩 침실 현관 접이식 소형평형,120600,5173927251,False,42,,,False,,0,,NULL,NULL,NULL
326,468,184670,"카미코코 1200 1단 2단 3단 우드파티션 칸막이 가리개, 1200 올화이트 3단 (420)",59900,1173062283,False,0,4.5,3.0,False,,착불배송,3.0,NULL,NULL,NULL
327,470,184670,"[한샘x스파이더락] 스페이스플러스 철제파티션 ACC 수건걸이, 블랙",7830,2170765035,False,3,,,False,한샘,"3,000",,NULL,NULL,NULL
328,472,184670,"1분조립 식당 카페 오피스 학교 병원 학원 투명 거리두기 가림막 안티비말 칸막이 파티션, 민자앞가림막 다1A2",24500,1757205788,False,18,4.5,10.0,False,,0,10.0,투명,아크릴,NULL
329,473,184670,"마루칸 시슬리 파티션, 지지대발 2개 한세트",10000,1327203648,False,50,3.0,8.0,False,마루칸,"6,000",6.0,NULL,NULL,NULL
330,474,184670,"미니어처 납골당꾸미기 병풍포함 정성제사상 1인상 2인상, 정성 제사상 1인상 서예, 맥주추가",79000,4755767049,False,7,5.0,2.0,False,,0,2.0,NULL,NULL,NULL
331,475,184670,"베스트리빙 4단 파티션, 월넛",184200,29716991,False,0,4.0,66.0,False,베스트리빙,0,11.0,브라운,원목,NULL
332,477,184670,기모아 미니 모란병풍 목단그림 모란그림 외국인선물 목단꽃,30000,92291148,False,0,5.0,10.0,False,기모아,"2,500",5.0,NULL,NULL,NULL
333,478,184670,"원목파티션 원목 50 x 40 cm + 끼움식 지지대, 무도색 원목",19000,2379729693,True,0,5.0,1.0,False,,0,1.0,NULL,NULL,NULL
334,479,184670,"카미코코 1500 1단 2단 3단 우드파티션 칸막이 가리개, 1500 올아카시아 3단 (420)",71900,1173062337,False,0,5.0,2.0,False,,착불배송,2.0,NULL,NULL,NULL
335,480,184670,투명 아크릴 파티션 / 아크릴 칸막이 / 가림막,16300,4924906280,False,0,,,False,,0,,NULL,NULL,NULL
336,485,184670,"카미코코 1500 1단 2단 3단 우드파티션 칸막이 가리개, 1500 올화이트 3단 (620)",89900,1173062315,False,0,5.0,1.0,False,,착불배송,1.0,NULL,NULL,NULL
337,487,184670,"모디디 마드라스2 3 파티션 NY-1013-3BK, 블랙",79900,116199260,True,0,5.0,1.0,False,,0,1.0,NULL,NULL,NULL
338,489,184670,"박씨상방 신상품추사 김정희 진주비단 4폭미니병풍+특허버팀고무 고정장치증정/병풍/제사용병풍, 상세설명 참조",164610,271268634,False,7,5.0,2.0,False,박씨상방,0,1.0,NULL,NULL,NULL
339,490,184670,"제사용 8폭 병풍 추사글씨 산수화 + 커버 랜덤발송, 1세트",144320,1312264282,True,0,5.0,3.0,False,,0,3.0,NULL,NULL,NULL
340,492,184670,"모디디 갤러리 4단 파티션 NY-1016-4NA, 내츄럴",166600,116199327,True,10,4.5,6.0,False,,0,1.0,NULL,NULL,NULL
341,493,184670,"호가 4단 라탄파티션 - 인테리어 공간분리 펜션 장식, 브라운(대형)",45900,4927194,False,0,4.0,17.0,False,,0,3.0,베이지,라탄,NULL
342,495,184670,"[엘린까사] 미들 철재 /철제 파티션 3color (800X1200), 타공_블랙",65000,2019764843,False,44,5.0,2.0,False,엘린까사,착불배송,2.0,NULL,NULL,NULL
343,496,184670,"[에일리] 벨스 3단 원목 파티션 칸막이 인테리어파티션 까페파티션, 3단파티션(스카이그레이)",135000,1281506956,False,0,3.5,3.0,False,,"12,000",2.0,NULL,NULL,NULL
344,497,184670,"카미코코 1200 1단 2단 3단 우드파티션 칸막이 가리개, 1200 올아카시아 3단 (420)",59900,1173062271,False,0,3.0,2.0,False,,착불배송,2.0,NULL,NULL,NULL
345,498,184670,"[한샘x우드레이] 가벽 인테리어 가림막 파티션 285mm, 블랙",110600,2161262852,False,3,,,False,한샘,"10,000",,NULL,NULL,NULL
346,500,184670,"타공판닷컴 철제 파티션 가로 80cm x 높이 110cm + 가로 80cm x 높이 110cm 세트, 화이트",222140,1911240905,True,4,5.0,1.0,False,,0,1.0,NULL,NULL,NULL
347,501,184670,"가구야히메 원목 패브릭 패널 미니 파티션 3단 가림막 가리개, 화이트",77000,1744967090,False,20,5.0,4.0,False,가구야히메,"5,000",4.0,화이트,패브릭,모던/심플
348,502,184670,소형 가림막 비말차단막 투명칸막이 PP 투명,2900,4367165773,False,42,4.0,1.0,False,,0,1.0,NULL,NULL,NULL
349,504,184670,"[한샘x스파이더락] 스페이스플러스 철제파티션 ACC 3종 SET, 블랙",21250,2170767079,False,3,,,False,한샘,"3,000",,NULL,NULL,NULL
350,508,184670,"남원공방 6폭 쟈가드 비단 반야 산수화 병풍 + 커버 랜덤발송 + 바닦 고정고무, 1세트",145600,2039520433,True,0,5.0,1.0,False,,0,1.0,NULL,NULL,NULL
351,509,184670,향림공예 누빔 병풍 커버 6폭 8폭 국내산 보관커버,19000,191442139,False,5,5.0,3.0,False,,"3,500",1.0,NULL,NULL,NULL
352,512,184670,"하트 갤러리 패널 미니 4단 원목 인테리어 파티션 주방 아일랜드 칸막이, 화이트",130000,4583169204,False,17,4.5,2.0,False,가구야히메,"6,600",2.0,화이트,원목,모던/심플
353,513,184670,"어린이집 유치원 책상 투명 칸막이 pp가림막(소형), 상세페이지 참조",2900,4994025586,False,23,5.0,1.0,False,,"3,000",1.0,NULL,NULL,NULL
354,514,184670,"마루칸 우드파티션 파티션, 1400 우드파티션 3단",79000,16928931,False,0,4.0,49.0,False,마루칸,"6,000",6.0,베이지,NULL,내추럴
355,515,184670,"엘리아 4단 원목 파티션 인테리어 가벽, 화이트",139000,4589996606,False,19,5.0,1.0,False,투플레이스,"10,000",1.0,NULL,NULL,NULL
356,516,184670,"마켓리더 가벽 인테리어 스트라이프 파티션 494, 블랙",89900,1598454114,False,10,5.0,4.0,False,,착불배송,4.0,NULL,NULL,NULL
357,517,184670,"루이송 원목 화이트 인테리어 4단 파티션, 하모니 화이트 4단파티션",99000,324712237,False,0,4.0,5.0,False,루이송,0,3.0,NULL,NULL,NULL
358,519,184670,"까사마루 다용도 매직 파티션, 화이트",38800,5228231470,False,22,5.0,1.0,False,까사마루,0,1.0,NULL,철제,모던/심플
359,520,184670,향림공예 미니 6폭 누빔 병풍커버 병풍 보관커버,19000,1408978864,False,5,5.0,1.0,False,,"3,000",1.0,NULL,NULL,NULL
360,522,184670,"카미코코 1200 1단 2단 3단 우드파티션 칸막이 가리개, 1200 올워시 3단 (620)",71900,1173062240,False,0,4.0,1.0,False,,착불배송,1.0,NULL,NULL,NULL
361,523,184670,투명 아크릴 계산대 천정형 칸막이 / 가림막 / 편의점 아크릴 칸막이,16300,4891507298,False,0,,,False,,0,,NULL,NULL,NULL
362,524,184670,"카미코코 1500 1단 2단 3단 우드파티션 칸막이 가리개, 1500 올화이트 2단 (420)",47900,1173062256,False,0,2.5,5.0,False,,착불배송,3.0,NULL,NULL,NULL
363,526,184670,"1인상 2인상 국내손수제작 미니어처제사상 납골당제사상 모형제사상 추모관제사상 추모관꾸미기 모형차례상 미니어쳐제사상 납골당꾸미기 미니제사상 병풍포함, 막걸리, 1인상서예",69000,5158441177,False,0,5.0,1.0,False,,0,1.0,NULL,NULL,NULL
364,527,184670,"해피데이 4단 리즈 파티션, 블랙",54900,580054,False,0,3.5,27.0,False,해피데이,착불배송,1.0,NULL,NULL,NULL
365,528,184670,"접이식 파티션 울타리 정원 장식 야외 펜스 장식 등나무 방부 격자 차단 꾸미기 나무 우드 인테리어 가벽 가림막 칸막이, H.92cm",37400,5321618401,False,78,,,False,,0,,NULL,NULL,NULL
366,529,184670,"하트 패브릭 패널 4단 원목 인테리어 파티션 까페 공간분리 식당 가림막, 체리브라운",123000,4648779958,False,20,3.0,1.0,False,가구야히메,"6,600",1.0,브라운,원목,빈티지
367,530,184670,"[한샘x스파이더락] 스페이스플러스 철제파티션 ACC 사각롱선반, 화이트",10240,2170765591,False,3,,,False,한샘,"3,000",,NULL,NULL,NULL
368,531,184670,"서우 사군자 8폭 비단병풍 반야심경, 혼합 색상",179000,121378832,True,5,3.5,5.0,False,서우,0,1.0,NULL,NULL,NULL
369,533,184670,"타공판 인테리어 철제파티션 60cm 결합형 120cm + 120cm, 화이트",155100,1434611316,True,0,2.0,1.0,False,,0,1.0,NULL,NULL,NULL
370,534,184670,"국산 아크릴 칸막이 비말차단 가림막 식당 학원 유치원 학교 투명, 소 (48cm X 40cm)",14500,5186160696,False,50,,,False,,"5,000",,투명,아크릴,NULL
371,537,184670,"업소용 테이블 칸막이 가림막 (바퀴없는버전) 파티션 폴리카보네이트 업소용칸막이 매장용가림막 매장, 바퀴없는프레임투명",129200,5086626047,False,0,,,False,,0,,NULL,NULL,NULL
372,538,184670,"세광 우브 6단 파티션 가벽 26종 (양면 디자인), AS-24",159000,1930079817,False,66,5.0,1.0,False,우브,"19,000",1.0,NULL,NULL,NULL
373,540,184670,"지니홈즈 인테리어 파티션 칸막이 공간분리 가벽 스파이더파티션, 화이트, 360mm",89900,1987817566,False,21,5.0,3.0,False,,0,3.0,NULL,NULL,NULL
374,543,184670,"데코지엔 인테리어 공간분리 파티션 모음, 올갤러리미니2단(화이트)",73000,92313628,False,0,4.0,16.0,False,,착불배송,2.0,화이트,원목,내추럴
375,544,184670,"마루칸 미엘 파티션 칸막이, 1400미엘(한칸당가격)",19000,4976266729,False,0,,,False,마루칸,"6,000",,NULL,NULL,NULL
376,545,184670,"아이리스 우드 행거 파티션 46cm WLR-46, 블랙",60620,150544370,True,6,4.0,35.0,False,아이리스,0,10.0,NULL,NULL,NULL
377,546,184670,"모디디 타탄문 3단 파티션 NY-1014-3BK, 블랙",74260,116199248,True,4,4.0,5.0,False,베스트리빙,0,2.0,NULL,NULL,NULL
378,548,184670,"모디디 타탄문 4단 파티션 NY-1014-4NA, 내츄럴",115200,116199220,True,7,4.5,11.0,False,,0,6.0,NULL,NULL,NULL
379,549,184670,"다드림애드 비말차단 투명족자 투명칸막이 투명가림막 가림판 테이블칸막이, 완성파일접수, 폭60cm*100cm",16500,2016142892,False,0,5.0,1.0,False,,"3,900",1.0,NULL,NULL,NULL
380,552,184670,"이시국 투명 아크릴 개인 위생 칸막이 가림막 소형 대형 가림판 식당 파티션 학교 유치원 학원 비말 차단 일반 창구 형, 창구형(뚫림)",25000,4752671584,False,16,,,False,아트사인,"2,500",,NULL,아크릴,모던/심플
381,553,184670,"옷장 틈새 공간 활용 리빙 책꽂이 칸막이 파티션 책상 욕실 잡동사니 신발 옷장 짐 아이 장농 방법, [pick] 옷장파티션",2880,5477681420,False,0,,,False,,"2,500",,NULL,NULL,NULL
382,554,184670,"남원목기공예사 미니멀 옥 추사 산수화 비단 병풍, 1세트",145000,1703892760,True,23,5.0,2.0,False,남원목기,0,2.0,NULL,NULL,NULL
383,555,184670,"타공 테이블 700, 그레이",64350,1097602848,False,30,,,False,티에스퍼니처,착불배송,,NULL,NULL,NULL
384,556,184670,"이안랜드 파티션, 04. 한지 파티션/E형 90X150/참나무",99000,119489899,False,0,5.0,2.0,False,이안랜드,착불배송,1.0,NULL,NULL,NULL
385,557,184670,"카미코코 1200 1단 2단 3단 우드파티션 칸막이 가리개, 1200 워시 3단 (420)",59900,1173062288,False,0,4.5,5.0,False,,착불배송,2.0,NULL,NULL,NULL
386,558,184670,"공간 분리 책상 가림막 스크린 파티션 칸막이 학교 어린이집 유치원 사무실 식당 학원, 11 그린40*30cm",16500,5402812653,False,54,,,False,,0,,NULL,NULL,NULL
387,559,184670,"썬라인 A형 홀겹무지 홀딩도어 자바라 중문 주름문 접이문 파티션, A형-홀겹 블랙무지",1270,332883312,False,0,5.0,2.0,False,,0,1.0,NULL,NULL,NULL
388,560,184670,"1인용 비말차단 투명 칸막이 방역가림막 식당 상담실비말차단 가람판 가림막 아크릴 판 공공시설 독서실 학교 유치원 대학교 문구 차단막 대형 소형, 01창구형3T",17390,2355834749,False,9,,,False,,"5,000",,NULL,NULL,NULL
389,561,184670,"아크릴칸막이 받침대 연결대 가림막 부속품 가림판 지지대 음식점 사무실파티션 카페 수능책상 고정형, 기역자연결대(6개묶음)",9000,5480962205,False,40,,,False,,"5,000",,NULL,NULL,NULL
390,562,184670,"가팡 인테리어 파티션 원목, 42번",264670,2160184174,False,0,4.5,3.0,False,가팡,0,3.0,NULL,NULL,NULL
391,563,184670,"동양파티션 원목파티션 홀용 8각5칸 사군자5칸 무제5칸 파티션 월넛(모델명: NH5 - AW NH5-BW NH5-CW ), 홀용사군자5칸 월넛 (NH5-BW)",137000,4816058550,False,0,,,False,,"13,000",,레드,아트지,NULL
392,564,184670,"베스트리빙 파인 4단 파티션, 블랙",117640,69694842,True,6,4.5,18.0,False,베스트리빙,0,1.0,NULL,NULL,NULL
393,567,184670,"DAIT 병풍 파티션 가림막 칸막이 분리 가정용 카페 사무실, 높이150CM길이200CM4단파티션옵션7",93100,5158565832,False,0,,,False,,"6,000",,NULL,NULL,NULL
394,568,184670,"마루칸 광폭 파티션, MK 1400 2단",49500,69596486,False,0,3.0,5.0,False,마루칸,"6,000",,NULL,필림랩핑,NULL
395,569,184670,"사무실 파티션부속품 삼각바, (45T/PVC)H1200",16000,257756855,False,0,,,False,,0,,NULL,NULL,NULL
396,570,184670,"[엘린까사] 하이 철재/철제 파티션 2color (600X1800), 타공_블랙",75000,2019764352,False,44,4.0,1.0,False,엘린까사,착불배송,1.0,NULL,NULL,NULL
397,571,184670,생활의지혜 가림막칸막이 폭 120 x 높이 cm 606-402 인테리어파티션. 비규격생산가능,110000,171124653,False,0,,,False,,착불배송,,NULL,인테리어파티션,
398,574,184670,"베스트리빙 디바이더 3단 파티션, 블랙",94830,69694813,True,0,3.0,3.0,False,베스트리빙,0,1.0,NULL,NULL,NULL
399,576,184670,"디귿자형 깨지지않는 가림막 접이식 칸막이 다용도 가림판, 단품",58290,4897415873,False,0,,,False,,"3,000",,NULL,NULL,NULL
400,577,184670,리빙원디자인 패널 원목 파티션 화이트 브라운 칸막이,80500,263256753,False,9,5.0,2.0,False,리빙원디자인,"7,000",2.0,NULL,NULL,NULL
401,579,184670,"[삼익가구]루이 인테리어 가벽 철제 파티션(좁은간격가로폭 438), 오크",109900,5197137074,False,66,5.0,1.0,False,삼익가구,착불배송,1.0,NULL,NULL,NULL
402,580,184670,"예드림 남원전통공예 6폭병풍 추사김정희- 사군자, 상세 설명 참조",118440,132068766,False,0,,,False,,0,,NULL,NULL,NULL
403,581,184670,"블라인드할인몰 투명 펄반투명 홀딩도어 8칼라, 07. 블루 투명+부속 화이트",600,99634996,False,25,5.0,11.0,False,,0,3.0,NULL,NULL,NULL
404,582,184670,"[리비니아] 다용도 매직파티션 중형, 화이트",57900,4500447064,False,0,,,False,리비니아,0,,NULL,NULL,NULL
405,583,184670,"[한샘x우드레이] 가벽 인테리어 가림막 파티션 415mm, 블랙",140930,2161139422,False,3,,,False,한샘,"10,000",,NULL,NULL,NULL
406,585,184670,"마루칸 피오래 파티션, 피오래1200(한칸당가격)",22000,1879710669,False,0,,,False,마루칸,"10,000",,NULL,NULL,NULL
407,586,184670,"래열_고정가능 비말차단 투명가림막 아크릴칸막이 4인용 회의칸막이 투명파티션 아크릴칸막이 투명가림판 가림판-qe지을, 본상품선택",72760,5224594878,False,20,,,False,,0,,NULL,NULL,NULL
408,588,184670,향림공예 6폭 미니 반야 사군자 병풍 제사용 양면,120000,5032384557,False,7,,,False,,0,,NULL,NULL,NULL
409,589,184670,"남원공방 제사용 6폭 병풍 반야 묵화 CP, 단품, 단품",109000,3637672,True,0,3.5,3.0,False,,0,2.0,옐로우,비단(실크),NULL
410,590,184670,"카미코코 1200 1단 2단 3단 우드파티션 칸막이 가리개, 1200 워시 2단 (620)",47900,1173062329,False,0,5.0,1.0,False,,착불배송,,NULL,NULL,NULL
411,591,184670,투명방탄아크릴 PC 칸막이 가림막 식당 병원 학교 파티션 500 x 500,22000,5419086491,False,0,,,False,,0,,NULL,NULL,NULL
412,592,184670,"나인티원 셀프 가벽 파티션 주방 거실 카페 원룸 칸막이 만들기, A25",19900,1363428232,False,0,5.0,1.0,False,,"30,000",1.0,NULL,NULL,NULL
413,593,184670,아크릴 가림막 식당 학교 관공서 칸막이 480x400 3T,14850,5189999887,False,0,,,False,,"4,000",,NULL,NULL,NULL
414,594,184670,"아이캐슬 오리엔탈 대청원목 4단 파티션 칸막이, 내츄럴",99000,110575737,False,0,5.0,1.0,False,아이캐슬,0,1.0,NULL,NULL,NULL
415,595,184670,"해피데이 우드 소나무 파티션, 커피",98900,1910248,False,0,4.0,17.0,False,해피데이,착불배송,,베이지,원목,NULL
416,597,184670,"[특가행사] 포플러 노란가지 3단 (1600) 파티션 까페 칸막이, 소프트그레이",99000,4982103993,False,0,,,False,,"10,000",,NULL,NULL,NULL
417,598,184670,"BIANCO ITALIA 라탄 인테리어 가벽 원목 칸막이 민무늬 파티션, 혼합색상",236000,5296028067,False,56,,,False,,0,,NULL,NULL,NULL
418,599,184670,"식당 비말차단 칸막이 투명 상담실 방역가림막 1인용, 일반형3T",16320,5237262669,False,20,,,False,,0,,NULL,NULL,NULL
419,602,184670,40X40cm Sneeze Guard 투명 카운터 보호용 Sn 휴대용 카운터 실드 (소매점 용) (두꺼운 6mm),43700,2041027203,False,0,,,False,,"5,000",,NULL,NULL,NULL
420,603,184670,ZAW57BF43 한국 지영스님 친필 명심보감 용 6폭 제사 상 제수용품 병풍 차례 반야심경 추사김정희 가은산수화/묵화,233960,5364786825,False,0,5.0,1.0,False,,0,1.0,NULL,NULL,NULL
421,604,184670,"인테리어 파티션 정원 꾸미기 울타리 칸막이 가벽 파티션 셀프 야외 베란다 화분 공간분리, 가로 160x세로 25x높이 90 화이트 + 크다",141800,5466025368,False,25,,,False,,"5,900",,NULL,NULL,NULL
422,605,184670,비대면 칸막이 아크릴 가림막 식당 칸막이조립형 가림막 ㄷ자형,29800,2372866308,False,0,,,False,,0,,NULL,NULL,NULL
423,606,184670,"아크릴 모음 학교 사무실 가림막 책상가리개 5T, 700X600",36000,5281612331,False,0,,,False,,"4,000",,NULL,NULL,NULL
424,608,184670,"[해외 직송]HY 병풍 칸막이 이동접이식 접이식 접이 거실 심플 모던 오피스 병풍 ST15 A10, 24 200*200cm 4개 1조",119700,1734137041,False,0,5.0,1.0,False,,0,1.0,NULL,NULL,NULL
425,609,184670,"정리함 칸막이 책상 파티션 서랍 수납 주방 정리, 소형",6660,5396775729,False,0,,,False,,0,,NULL,NULL,NULL
426,611,184670,"포플러 북유럽 하우스 3단 파티션 까페 칸막이, 높이1200, 스카이그레이",98000,5027038315,False,28,,,False,,0,,NULL,NULL,NULL
427,612,184670,"[디모토] 빈티지 모던 잎새 3단 파티션 칸막이, 스카이그레이",99000,222176664,False,0,4.0,2.0,False,,"10,000",,NULL,NULL,NULL
428,614,184670,"카미코코 1200 1단 2단 3단 우드파티션 칸막이 가리개, 1200 워시 2단 (420)",39900,1173062278,False,0,3.0,2.0,False,,착불배송,1.0,NULL,NULL,NULL
429,616,184670,"카미코코 1700 1단 2단 3단 우드파티션 칸막이 가리개, 1700 워시 3단 투톤(420)",80900,79814476,False,0,2.0,1.0,False,,착불배송,,NULL,NULL,NULL
430,617,184670,"데코지엔 공간분리 베스트 파티션, 눈꽃4단(내추럴)",95000,1821418565,False,0,4.0,5.0,False,,착불배송,5.0,NULL,NULL,NULL
431,618,184670,"조합형 흡음파티션 80 x 160 PM422, 화이트",113750,1692092933,False,9,5.0,1.0,False,,0,1.0,NULL,NULL,NULL
432,621,184670,"다한수제고가구 8폭화조도(자수)병풍, 1개",670000,1097018369,False,16,5.0,1.0,False,다한수제고가구,0,1.0,NULL,NULL,NULL
433,623,184670,남원공방 죽절 6폭 쟈가드미니병풍140 추사 - 풍속도,153000,220779912,False,0,,,False,,0,,NULL,쟈가드,NULL
434,625,184670,"레트로하우스 틴우드 아쿠아유리 철제파티션 1200 (스탠드), 블랙",124000,1383308951,False,48,4.0,1.0,False,레트로하우스,착불배송,,NULL,NULL,NULL
435,627,184670,"파티션 가벽인테리어 듀크 가벽 파티션 묶음 블랙/화이트 36종 택1, 스트라이프/블랙/400X2400",93930,5221479964,False,7,5.0,1.0,False,,착불배송,1.0,NULL,NULL,NULL
436,628,184670,"아이베란다 래티스 원목파티션, 무도장, 600x1200mm(지지대별도)",36000,9290274,False,0,5.0,4.0,False,,"6,000",1.0,브라운,원목,NULL
437,629,184670,"아이베란다 래티스 원목파티션, 무도장, 900x1500mm(지지대별도)",67000,9290877,False,0,,,False,,"6,000",,베이지,원목,NULL
438,631,184670,"인피닛코리아 인테리어 퍼즐 파티션, G177-D 퍼즐블라인드 D 원형 1개",1900,66929949,False,0,5.0,2.0,False,인피닛코리아,0,,화이트,NULL,NULL
439,633,184670,"인테리어파티션 라탄 칸막이 거실 접이식병풍 현관 심플 모던 접이식 이동 패브릭 호텔, T17-2*0.5베이지(여섯 부채 단면)",131600,314103668,False,0,,,False,,"7,000",,NULL,NULL,NULL
440,634,184670,"블라인드할인몰 와이드광폭 칼라홀딩도어, F-6. 와이드광폭 블랙+부속 블랙",600,181312387,False,0,,,False,,0,,NULL,NULL,NULL
441,635,184670,품질보장_[正統手功] 사군자 반야심경 8폭병풍+병풍커버포함,203220,5445995775,False,0,,,False,,0,,NULL,NULL,NULL
442,637,184670,"[까사라움] 블라인드 원목 인테리어 가벽 파티션 네이비블루, 상세 설명 참조",122550,1661297808,False,5,,,False,,0,,NULL,NULL,NULL
443,639,184670,셀프가벽만들기 업소파티션 식당용가림막 연출 분위기,460170,4561634680,False,0,,,False,,0,,NULL,NULL,NULL
444,640,184670,"이동식 철재 타공판 파티션 가벽 원룸 인테리어, 흰색 50x160 후크20개",57000,4600032203,False,0,,,False,,0,,NULL,NULL,NULL
445,643,184670,"간이 철제 파티션 가벽 가림막 병풍 칸막이, M.화이트/블랙펄아나콘다120*40",57900,5313880271,False,12,,,False,,0,,NULL,NULL,NULL
446,644,184670,"(GIK)업소 매장용 테이블 칸막이 가림막 (바퀴있는버전) 파티션 폴리카보네이트, 바퀴달린 프레임 투명블랙",121050,5010851864,False,29,,,False,,0,,NULL,NULL,NULL
447,647,184670,"라탄파티션 발코니 황색등나무 등나무 가지치기 유교 차단 벽 동아리 낮은 커튼 가리개, 01 높이 50cmx폭 30cm(하위 펀칭)",127500,4760001350,False,0,,,False,,0,,NULL,NULL,NULL
448,648,184670,"동양칸막이 1단 병원칸막이 스크린 다용도 초경량 알루미늄 가림막, 블루",66000,174583733,False,0,3.5,2.0,False,,"20,000",2.0,NULL,NULL,NULL
449,649,184670,"고풍 스타일 우브 접이식 파티션 가벽 49종, H4",159000,1929936754,False,0,4.5,2.0,False,마스터,"7,000",2.0,NULL,NULL,NULL
450,651,184670,"북유럽 미니멀 현관 가벽 설치 원룸 공간분리 파티션 분할 만들기 주방 미용실 인테리어 거실 홈 인테리어, 단면180*39(플랫)원턱",58900,4668071241,False,52,,,False,,0,,NULL,NULL,NULL
451,654,184670,VIPB 차량용 고강도 비말차단 가림막 택시 (국내산),37900,4651920918,False,0,4.5,3.0,False,,"2,500",3.0,NULL,NULL,NULL
452,655,184670,"모디디 마드라스2 4단 파티션 NY-1013-4BK, 블랙",119000,116199271,True,0,2.5,2.0,False,,0,,NULL,NULL,NULL
453,657,184670,"카미코코 1500 1단 2단 3단 우드파티션 칸막이 가리개, 1500 올워시 3단 (420)",71900,1173062319,False,0,4.0,2.0,False,,착불배송,1.0,NULL,NULL,NULL
454,658,184670,"[한샘x스파이더락] 스페이스플러스 철제파티션(훅5P 포함), 블랙",40570,2170774330,False,3,,,False,한샘,"8,000",,NULL,NULL,NULL
455,660,184670,"하트 패브릭 패널 미니 4단 원목 인테리어 파티션 사무실 책상 낮은 칸막이, 체리브라운",102000,4650086822,False,18,5.0,1.0,False,가구야히메,"6,600",1.0,브라운,원목,클래식/엔틱
456,662,184670,"인기몰 1+1 공간나눔 수납파티션, 단일색상1+1",2700,204715453,False,46,4.0,4.0,False,,0,2.0,그레이,PP,NULL
457,663,184670,"아트박스/까사라움 까사라움 하프갤러리패브릭 원목3단 접이식 인테리어 파티션 2color, 화이트",99000,1678513487,False,16,5.0,2.0,False,,0,2.0,NULL,NULL,NULL
458,664,184670,"우드레이 가벽인테리어 현관 셀프 파티션 간격좁음, 블랙/화이트/메이플/브라운 356mm",109900,1234488661,False,0,4.5,16.0,False,우드레이,0,15.0,NULL,NULL,NULL
459,665,184670,"센스2030 신일 철재 파티션 선반, 신일 철재 파티션 선반/(폭4.5cm이하)",10710,4951507609,False,16,,,False,센스2030,0,,NULL,NULL,NULL
460,667,184670,"동양칸막이 2단 병원칸막이 스크린 다용도 초경량 알루미늄 가림막, 블루",132000,174583807,False,0,,,False,,"20,000",,NULL,NULL,NULL
461,670,184670,"레트로하우스 틴우드 유리 철제파티션 1200 (하프), 화이트",74000,298365511,False,58,3.5,10.0,False,레트로하우스,착불배송,10.0,NULL,NULL,NULL
462,671,184670,"베스트리빙 NA 파인 3단 파티션 NY-10115-3, 내츄럴",91780,1609282557,True,4,4.5,3.0,False,베스트리빙,0,3.0,NULL,NULL,NULL
463,672,184670,"피오피나라 (아크릴민원칸막이) 가림막 아크릴판 식당 수능 학교 공공기관, 900 x 590 x 3T",43000,4504843420,False,14,5.0,1.0,False,,"7,000",1.0,NULL,NULL,NULL
464,673,184670,"파티션 인테리어 칸막이 거실 호텔 사무실 모던 심플 접이식 중국스타일 사의 패브릭 접이식병풍, T45-진청",64700,2102899781,False,0,,,False,,0,,NULL,NULL,NULL
465,674,184670,투명방탄아크릴 PC 칸막이 가림막 식당 병원 학교 파티션 600 x 600,25000,5244874095,False,0,,,False,,0,,NULL,NULL,NULL
466,675,184670,"카미코코 1500 1단 2단 3단 우드파티션 칸막이 가리개, 1500 아카시아 3단 투톤(620)",89900,1173062287,False,0,,,False,,착불배송,,NULL,NULL,NULL
467,677,184670,"타공판닷컴 철제 파티션 가로 80cm x 높이 120cm + 가로 80cm x 높이 110cm 세트, 화이트",239700,1911241046,True,0,2.0,2.0,False,,0,2.0,NULL,NULL,NULL
468,678,184670,[남원공방] 6폭 제사 병풍 추사 - 사군자 (병풍커버+고정고무),133000,4820339514,False,0,5.0,1.0,False,,0,1.0,NULL,NULL,NULL
469,679,184670,동아측기 테이블 안전 칸막이(1인용) 60x40,20000,5149294236,False,0,,,False,,"4,000",,NULL,NULL,NULL
470,686,184670,"타공판닷컴 가벽 인테리어 사무실 셀프 파티션 70 x 240 cm, 화이트",229600,1911882413,True,0,5.0,1.0,False,,0,1.0,NULL,NULL,NULL
471,691,184670,"베스트리빙 격자 원목 파티션/3단파티션/4단파티션/칸막이, 3단, 블랙",69900,2298861413,False,30,,,False,베스트리빙,0,,NULL,NULL,NULL
472,692,184670,"베스트리빙 마드라스2 3단 파티션 NY-1013-3NA, 내츄럴",79900,1609282682,True,0,,,False,베스트리빙,0,,NULL,NULL,NULL
473,697,184670,학교 관공서 은행 카페 구내식당 사무실 투명아크릴 비대면파티션 칸막이 일자형 가림막,18000,4756991094,False,50,3.0,2.0,False,,0,2.0,NULL,NULL,NULL
474,698,184670,"모디디 하운드 4단 파티션 NY-10116-4BK, 블랙",94830,116199263,True,0,4.0,7.0,False,,0,1.0,NULL,NULL,NULL
475,700,184670,"베스트리빙 대청선반 4단 파티션, 블랙",112070,69694822,True,21,5.0,2.0,False,베스트리빙,0,1.0,NULL,NULL,NULL
476,702,184670,남원공방 제사용 6폭 병풍 죽절 인조실크 반야 - 사군자,143000,119474079,False,0,5.0,2.0,False,,0,1.0,옐로우,원목,NULL
477,703,184670,"디모토 웨인스 미니 3단 원목 파티션 칸막이 인테리어 (인디핑크), 인디핑크",95000,1063424428,False,0,2.5,2.0,False,,"10,000",2.0,NULL,NULL,NULL
478,706,184670,올더까사 실루엣 원목 2단가리개(대) 파티션,103000,29586049,False,0,1.5,2.0,False,,0,1.0,화이트,폴리,NULL
479,707,184670,"쁘레또 에코 미니 3단 파티션 인테리어 까페 칸막이, B타입",135000,1100853427,False,0,5.0,1.0,False,,"10,000",1.0,NULL,NULL,NULL
480,711,184670,"썬라인 C형 이중겹 홀딩도어 자바라 중문 주름문 접이문 파티션, 우드회색",1700,22524592,False,0,5.0,16.0,False,,0,2.0,NULL,NULL,NULL
481,713,184670,하우스데이 이동식파티션2단 체크그린(방염원단)블랙,137750,184526861,False,5,,,False,,0,,NULL,폴리에스텔,NULL
482,714,184670,"야외 베란다 꽃 화 파티션 화분 일체형 정원 인테리어, 탄화 메쉬 화분 65 × 150 大",116800,1793910249,False,0,,,False,,0,,NULL,NULL,NULL
483,718,184670,"아이베란다 레드파인 라인 원목파티션, 5.ㅛ자 키높이 지지대_2개1세트",16000,92625851,False,0,1.0,1.0,False,,"6,000",,NULL,NULL,NULL
484,719,184670,"[천삼백케이] [까사마루] 행거걸이, 블랙",6000,4500059545,False,0,,,False,,0,,NULL,NULL,NULL
485,722,184670,"[한샘x스파이더락] 스페이스플러스 철제파티션 ACC 다용도선반, 화이트",9370,2170765370,False,3,,,False,한샘,"3,000",,NULL,NULL,NULL
486,723,184670,"천연 대나무 파티션 베란다 발코니 거실 식당 침실 스크린 현관 단단한 나무 가림막 가벽, 내추럴",40000,2094603530,False,0,,,False,,"22,000",,NULL,NULL,NULL
487,724,184670,"아트박스/까사라움 까사라움 설화 원목 4단 접이식 인테리어 파티션 3color, 블랙",119000,1523896110,False,17,4.0,3.0,False,,0,3.0,NULL,NULL,NULL
488,725,184670,"소프시스 파티션 행거 660, 화이트",44870,307028367,True,31,4.5,8.0,False,소프시스,0,5.0,NULL,NULL,NULL
489,727,184670,책상 3단 가림판 화일 A4 가림막 파티션 개인위생 OA>231EA,710,5045053377,False,0,,,False,,"3,000",,NULL,NULL,NULL
490,728,184670,"하우홈 인테리어벽지 30M, 그레이",75200,4713365957,False,6,4.5,3.0,False,하우홈,0,3.0,NULL,NULL,NULL
491,733,184670,"철재이동형병원칸막이 업소용파티션 1단 철재이동형병원칸막이, 아이보리",118800,166494380,False,0,5.0,1.0,False,,0,1.0,NULL,NULL,NULL
492,734,184670,"공간분리 원목 엘리아 2단 파티션 칸막이, 화이트",79000,4589995723,False,22,2.0,1.0,False,투플레이스,"10,000",1.0,NULL,NULL,NULL
493,735,184670,"[에일리] 발리 이동형 2단 원목 파티션 까페 칸막이, 화이트",135000,1921882984,False,0,2.5,3.0,False,,"12,000",3.0,NULL,NULL,NULL
494,736,184670,대형 마이세라앤아트 민화도안 / 일월오봉도병풍,23000,4918933964,False,0,,,False,,0,,NULL,NULL,NULL
495,738,184670,"불투명 아크릴 칸막이 학교 은행 관공서 등, 기본형(이동형)",28000,2201158565,False,0,,,False,,0,,NULL,NULL,NULL
496,739,184670,식당 비대면 학교 회사 가림막 위생칸막이 4인용 방역 비말차단 투명 칸막이 식탁,48920,5030180853,False,0,,,False,,"5,000",,NULL,NULL,NULL
497,740,184670,"스텔라홈퍼니싱 빈티지 올갤러리 파티션, 빈티지 3폭(소)",112000,1765968253,False,0,,,False,,0,,NULL,NULL,NULL
498,741,184670,생활의지혜 식당용칸막이 폭 120 x 높이 97 cm 040-405 인테리어파티션.비규격생산가능,85000,171123888,False,0,5.0,1.0,False,,착불배송,,NULL,인테리어파티션,
499,742,184670,"[삼익가구]루이 인테리어 가벽 철제 파티션(넓은간격가로폭 618), 월넛",109900,5197137793,False,68,,,False,삼익가구,착불배송,,NULL,NULL,NULL
500,743,184670,투명칸막이 미디 폴리 칸막이아크릴칸막이 사무실칸막이 투명가림막 학교 유치원 식당칸막이 비말 위생 투명가림판 투명 아크릴 판막이,24500,4883563026,False,23,,,False,,"4,000",,NULL,NULL,NULL
501,745,184670,"타공판닷컴 철제 파티션 가로 60cm x 높이 110cm + 가로 60cm x 높이 110cm 세트, 화이트",175330,1911240981,True,11,5.0,1.0,False,,0,1.0,NULL,NULL,NULL
502,748,184670,"모디디 하운드 3단 파티션 NY-10116-3BK, 블랙",77430,116199227,True,0,4.5,2.0,False,,0,,NULL,NULL,NULL
503,752,184670,"프리미엄 신상품 안전파티션 AS310 아쿠아 강화유리 파티션 600 욕실칸막이 샤워부스 총알배송, 건식파티션",162390,5246187864,False,1,,,False,,착불배송,,NULL,NULL,NULL
504,753,184670,"투플레이스 에린 3단 인테리어 파티션, 화이트",139000,293499345,False,0,3.0,2.0,False,투플레이스,"10,000",1.0,NULL,NULL,NULL
505,754,184670,"[삼익가구]루이 인테리어 가벽 철제 파티션(좁은간격가로폭 373), 화이트",99900,5197137267,False,64,,,False,삼익가구,착불배송,,NULL,NULL,NULL
506,755,184670,"테라스 천가림막 파티션 사생활보호, 블랙",29900,2123422782,False,0,5.0,2.0,False,이케아,0,2.0,NULL,NULL,사생활보호
507,756,184670,"시나브로129 투명아크릴 조립부속품 5종 안티 비말 칸막이 부품 급식 식당 책상 가림막, L자 연결대 6개",12950,1473912358,False,0,5.0,6.0,False,,"2,500",3.0,NULL,NULL,NULL
508,758,184670,편의점 가림막 / 천정형 아크릴 파티션 / 칸막이,16300,4970941187,False,0,,,False,,0,,NULL,NULL,NULL
509,759,184670,"동양칸막이 3단 병원칸막이 스크린 다용도 초경량 알루미늄 가림막, 그린",198000,174583874,False,0,,,False,,"20,000",,NULL,NULL,NULL
510,761,184670,"해피데이 대나무 4단 2칸 파티션, 원색, 1개",126400,580011,False,0,5.0,2.0,False,해피데이,착불배송,,베이지,원목,NULL
511,762,184670,"더준 수능칸막이 수능가림막 식당칸막이 책상가림막, 고정테이프",1000,4507068467,False,0,5.0,1.0,False,더준,"3,000",1.0,NULL,NULL,NULL
512,766,184670,"남도공예 전통배접표구 제사용병풍 6폭 8폭 병풍, 1개, 32_팔상도 - 옥비단 8폭병풍",229000,38717348,False,0,4.0,15.0,False,,0,3.0,NULL,전통배접표구,NULL
513,767,184670,"카미코코 1200 1단 2단 3단 우드파티션 칸막이 가리개, 1200 올화이트 2단 (420)",39900,1173062311,False,0,3.5,4.0,False,,착불배송,4.0,NULL,NULL,NULL
514,768,184670,"카미코코 1500 1단 2단 3단 우드파티션 칸막이 가리개, 1500 아카시아 3단 투톤(420)",71900,1173062259,False,0,,,False,,착불배송,,NULL,NULL,NULL
515,769,184670,"베스트리빙 다용도 스틸 파티션 중, 화이트(NY-10011-WH)",46950,29716998,True,0,3.5,43.0,False,베스트리빙,0,3.0,화이트,철제,NULL
516,770,184670,향림공예 6폭 미니 병풍 제사용품,135000,184913207,False,1,5.0,2.0,False,,0,,NULL,NULL,NULL
517,771,184670,"경량칸막이 원룸가벽 인테리어가벽 원룸공간분리, 5파티션 2M 1.8M",126200,1632246950,False,0,,,False,UNKNOWN,0,,NULL,NULL,NULL
518,772,184670,"디모토 빈티지 잎새 미니 4단 원목 파티션 칸막이 (스카이그레이), 스카이그레이",119000,307146892,False,0,4.0,1.0,False,,"10,000",1.0,NULL,NULL,NULL
519,775,184670,"북유럽 일러스트 북유럽 패브릭 침실 파티션 원룸 공간분리 인테리어가벽 카페칸막이 이동식파티션, 북유럽 꽃 A 120*180",73400,5069133829,False,0,,,False,,0,,NULL,NULL,NULL
520,776,184670,"제이에스글로벌 비대면 안심가리막 소형, 실버",63900,5190949708,True,0,,,False,,0,,NULL,NULL,NULL
521,777,184670,"가구야히메 원목 갤러리 패널 파티션 2단, 내추럴",77000,23664664,False,12,4.0,11.0,False,가구야히메,0,1.0,베이지,원목,NULL
522,778,184670,"하우홈 인테리어벽지 20M, 그레이",55700,4713366048,False,6,4.0,1.0,False,하우홈,0,1.0,NULL,NULL,NULL
523,779,184670,"파티션 유럽식 병풍 칸막이 거실 침실 가리는 가정용 접이식 이동 사무실 장식 심플 모던 접이식병풍, T03-5부채 방수 불투명 2.0미터너비 *1.8미터높",140000,4673359394,False,0,,,False,,"7,000",,NULL,NULL,NULL
524,780,184670,"셀프 가벽 만들기 접이식 파티션 이동식 칸막이 인테리어 주방 거실 카페 원목, A12",49700,5039841656,False,13,,,False,,0,,NULL,NULL,NULL
525,781,184670,PP 개인위생가림판 날개형 3단 접이식 가림막,3550,1508653978,False,0,,,False,,"3,000",,NULL,NULL,NULL
526,782,184670,"레트로하우스 틴우드 타공판 철제파티션 1200 (스탠드), 블랙",104000,298365424,False,42,3.0,3.0,False,레트로하우스,착불배송,3.0,NULL,NULL,NULL
527,783,184670,"T 파티션 4단 접이식, 화이트/하단부(스톱퍼이동식)",262000,172947430,False,4,5.0,4.0,False,그루브,0,3.0,화이트,알루미늄,NULL
528,784,184670,"베스트리빙 매화 원목 파티션/3단파티션/4단파티션/칸막이, 4단, 블랙",105900,2305477967,False,0,5.0,1.0,False,베스트리빙,0,1.0,NULL,NULL,NULL
529,786,184670,생활의지혜 가림막파티션 폭120 x 높이 120 cm 701-519 광폭파티션. 비규격생산가능,90000,171092305,False,0,3.0,1.0,False,,착불배송,,NULL,실크 벽지 디자인,NULL
530,787,184670,"라탄 파티션 맞춤 후지편 패브릭 병풍 칸막이 폴딩 호텔 양생다방 거실사무 방수 현관 중식 접이 스크린, 01 단면높이 150x 너비 50cm",175550,4551035008,False,0,,,False,,0,,NULL,NULL,NULL
531,788,184670,435710 / 플라스틱 서랍 파티션 분배기 무료 조합 스토리지 주최자 액세서리,24200,4579371449,False,0,,,False,UNKNOWN,"5,000",,NULL,NULL,NULL
532,789,184670,"쁘레또 사각라인 미니 2단 파티션 인테리어 까페 칸막이, 미니2단파티션(1200)",78000,1464845530,False,0,3.5,2.0,False,,"10,000",2.0,NULL,NULL,NULL
533,790,184670,"카미코코 1500 1단 2단 3단 우드파티션 칸막이 가리개, 1500 워시 2단 투톤(620)",59900,1173062232,False,0,5.0,2.0,False,,착불배송,1.0,NULL,NULL,NULL
534,791,184670,"박씨상방 옥비단 반야심경 6폭병풍+버팀고무 받침대증정/병풍/제사용병풍, 상세설명 참조",213900,271268335,False,7,4.5,2.0,False,박씨상방,0,2.0,NULL,NULL,NULL
535,792,184670,"아이베란다 레드파인 3단 접이식 원목파티션, 3단접이식 파티션_1500x1800mm(지지대별도)",190800,216706118,False,0,5.0,4.0,False,,"6,000",2.0,NULL,NULL,NULL
536,793,184670,"[수도권 5일 로켓배송+신상품 할인] 포더홈 레인 공간분리 인테리어 가벽 파티션 941mm (C type), 화이트",216900,4854848087,False,60,,,False,포더홈,0,,화이트,합성목재,모던/심플
537,794,184670,"셀프 인테리어 공간분리 원룸 가벽 칸막이 대나무 원목 파티션, 대나무 파티션",91000,4508101180,False,6,2.0,1.0,False,,0,1.0,NULL,NULL,NULL
538,795,184670,"철재이동형병원칸막이 업소용파티션 2단 철재이동형병원칸막이, 연청",198800,166476381,False,0,,,False,,0,,NULL,NULL,NULL
539,796,184670,"베스트리빙 [리퍼상품]액자 4단 파티션/칸막이, 내츄럴",69900,1649597767,False,49,,,False,베스트리빙,0,,NULL,NULL,NULL
540,798,184670,"남원은행공방 6폭 8폭 병풍 제사병풍 미니병풍 추사산수 반야심경 산수화 추사체 비단병풍, 1개, 6폭 미니병풍(추사체+산수화)",120000,1261957593,False,25,4.5,5.0,False,남원은행공방,0,2.0,NULL,NULL,NULL
541,800,184670,"디모토 빈티지 모던 잎새 3단 파티션 칸막이 (인디핑크), 인디핑크",85000,222174395,False,0,,,False,,"10,000",,NULL,NULL,NULL
542,802,184670,헤이안신도 메쉬 파티션행거 TNP-1 파티션,49000,92903256,False,0,5.0,3.0,False,헤이안신도,0,1.0,NULL,NULL,NULL
543,804,184670,"동양파티션 원목파티션 홀용 8각5칸 사군자5칸 무제5칸 파티션 홍송(모델명: NH5 - AH NH5-BH NH5-CH ), 홀용8각5칸 홍송(NH5-AH)",137000,4816059461,False,0,5.0,1.0,False,,"13,000",1.0,NULL,NULL,NULL
544,805,184670,파티션Bin D(45) 227x55x92mm/파티션걸이 68x52mm P/S:5B3917 JH+7435EA,6800,5121280201,False,0,,,False,,"3,000",,NULL,NULL,NULL
545,806,184670,"틴우드 유리 철제파티션 800 (스탠드), 블랙",89000,4879689161,False,53,5.0,1.0,False,레트로하우스,착불배송,1.0,NULL,NULL,NULL
546,807,184670,"아이베란다 아크릴 원목파티션 2단일체형(투명 반투명), 지지대선택, ㅛ자 지지대(2개 1세트)_대",15000,9381618,False,0,4.0,69.0,False,,"6,000",2.0,NULL,NULL,NULL
547,808,184670,"타공판 가벽 인테리어 철제파티션 가로 800mm x 세로 1400mm 2p, 화이트",281000,1959336186,True,0,,,False,,0,,NULL,NULL,NULL
548,812,184670,"독립형 흡음파티션 130CM PM403, M116",145350,1965221120,False,5,,,False,,0,,NULL,NULL,NULL
549,813,184670,투명칸막이 미디 폴리 칸막이아크릴칸막이 사무실칸막이 투명가림막 학교 유치원 식당칸막이 비말 위생 투명가림판 투명 아크릴 판막이,18500,4891258672,False,26,,,False,,"4,000",,투명,아크릴 폴리 카보네이트,NULL
550,814,184670,"아트박스/아르네스튜디오 데니쉬 버드나무 원목 거실장 1800 A타입 월넛, 월넛/골드",445500,2162627348,False,23,,,False,아르네스튜디오,착불배송,,NULL,NULL,NULL
551,815,184670,생활의지혜 이동식칸막이 폭 120 x 높이 93 cm 506-527 광폭파티션. 비규격생산가능,80000,180588701,False,0,5.0,1.0,False,,착불배송,,NULL,실크벽지,NULL
552,816,184670,올더까사 실루엣 격자원목 3단가리개(대) 파티션,185300,45888235,False,0,,,False,,0,,베이지,캔버스원단,NULL
553,817,184670,"필웰 무노 파티션 신발장 겸 수납장 세트, 메이플",165300,335803968,False,5,5.0,1.0,False,필웰,0,,NULL,NULL,NULL
554,818,184670,하우스데이 이동식파티션1단 슈만그레이(방염원단)화이트,71250,184519671,False,5,5.0,1.0,False,,0,1.0,NULL,폴리에스텔,NULL
555,819,184670,"손 재봉틀 DIY 가죽 공예 야채 무두질 가죽 도구 바느질 재봉 송곳 스틱 가죽 조각 다이아몬드 손 재봉틀 실 장치 가죽 조각 다이아몬드 손 재봉틀 실 장치 가죽 수동 재봉틀, 상품상세참조, 상품상세참조",20420,5068053831,False,0,,,False,,0,,상품상세참조,상품상세참조,상품상세참조
556,821,184670,아크릴 가림막 식당 학교 관공서 칸막이 600x600 3T,22000,5189991199,False,0,,,False,,"4,000",,NULL,NULL,NULL
557,822,184670,"방역가림막 상담실 비말차단 식당 투명칸막이 1인용, 일반형3T",14800,4338257494,False,0,,,False,,"5,000",,NULL,NULL,NULL
558,823,184670,"마루칸 벽면 파티션 칸막이, 1700벽면2단",50000,2001396915,False,0,,,False,마루칸,"6,000",,NULL,NULL,NULL
559,824,184670,"빈티지 모던 네모 3단 파티션 (1600) 칸막이 까페파티션, 딥그레이블루",95000,4822136549,False,0,5.0,1.0,False,,"10,000",1.0,NULL,NULL,NULL
560,826,184670,"F 파티션 3단 방염천, 블루하트/하단부(고정식)",166000,172832066,False,24,5.0,1.0,False,그루브,0,1.0,블루하트,알루미늄,NULL
561,827,184670,"원룸 공간분리 인테리어가벽 카페칸막이 이동식파티션, B타입 80x180",52000,4896520097,False,0,,,False,,0,,NULL,NULL,NULL
562,828,184670,"고품격 자바라 SH-106 버티칼, 불투명글라스",1000,17321682,False,0,5.0,2.0,False,,"8,800",1.0,NULL,NULL,모던/심플
563,830,184670,"파티션 사무실테이블 가림막 책상 칸막이 흡음 테이블위 사무실 분리 작엄 위, T22-30*100cm(워터그레이)",24100,1974983152,False,0,,,False,,0,,NULL,NULL,NULL
564,831,184670,"레트로하우스 틴우드 아쿠아유리 철제파티션 600 (스탠드), 블랙",94000,1383309091,False,47,4.0,1.0,False,레트로하우스,착불배송,1.0,NULL,NULL,NULL
565,832,184670,HMH 고투명 3단 책상 가림판 급식실 겸용 가림막 O ET+0218EA,8300,5258831674,False,0,,,False,,0,,NULL,NULL,NULL
566,833,184670,"치킨 와이어 미니 원목 타공 파티션 / 까페 칸막이, 스카이그레이",95000,1606713336,False,0,,,False,,"10,000",,NULL,NULL,NULL
567,835,184670,"셀프가벽만들기 원룸파티션 원목가벽 공간분리, 간단한 화면 + 모으다",85000,1590788853,False,2,,,False,,"20,000",,NULL,NULL,NULL
568,836,184670,"북유럽 연철 스크린 거실 파티션 가벽 인테리어, 221 260CM 6개세트",228400,1594828824,False,0,,,False,UNKNOWN,0,,NULL,NULL,NULL
569,837,184670,"[한샘x스파이더락] 스페이스플러스 철제파티션 ACC 북홀더, 블랙",5900,2170766324,False,31,,,False,한샘,"3,000",,NULL,NULL,NULL
570,838,184670,"아트박스/까사라움 까사라움 패턴 원목 2단 이동 접이식 인테리어 파티션, 본품",82000,1678514246,False,0,5.0,1.0,False,,착불배송,1.0,NULL,NULL,NULL
571,840,184670,케이디자인 급식실 회의실 교실 책상 가림막 고투명PP소재 칸막이,3950,1583774218,False,5,5.0,1.0,False,,"3,500",1.0,NULL,NULL,NULL
572,842,184670,"독립형 흡음파티션 156CM PM404, M116",169100,1965215837,False,5,,,False,,0,,NULL,NULL,NULL
573,843,184670,가림막 가림판 파티션 칸막이 식당 카페 음식점 학교 학원 PP 미디피피,3480,4838804434,False,0,,,False,,"4,000",,NULL,NULL,NULL
574,844,184670,"HOOM 대나무 파티션 접이식 병풍 공간분리 인테리어 원목, 연한원목4짝200x50",160000,2171310454,False,0,,,False,,"12,000",,NULL,NULL,NULL
575,847,184670,고정가능 비말차단 투명가림막 아크릴칸막이 4인용,45000,4573312943,False,0,,,False,,0,,NULL,NULL,NULL
576,848,184670,"데코지엔 패턴그리다 공간분리 인테리어 파티션, 패턴미니2단파티션",72000,307072089,False,0,3.5,6.0,False,,착불배송,1.0,NULL,NULL,NULL
577,849,184670,올더까사 알파벳 월넛 2단파티션(대) 파티션,168300,23172009,False,0,5.0,1.0,False,,"8,000",1.0,NULL,벽지원목,NULL
578,850,184670,"셀프가벽 접이식 인테리어파티션 원룸 주방 사무실 카페 공간분리 칸막이, BR",122900,5100441729,False,3,,,False,,"15,000",,NULL,NULL,NULL
579,851,184670,"타공판닷컴 가벽 인테리어 사무실 셀프 파티션 60 x 240 cm, 화이트",211200,1911882336,True,0,4.0,1.0,False,,0,1.0,NULL,NULL,NULL
580,852,184670,"포스트모던 스틸 가벽 인테리어 공간분리 파티션 402, 화이트",95900,5144033967,False,31,,,False,포스트모던,0,,NULL,NULL,NULL
581,854,184670,"타공판닷컴 철제 파티션 가로 40cm x 높이 110cm + 가로 40cm x 높이 110cm 세트, 화이트",162500,1911241377,True,0,4.0,1.0,False,,0,1.0,NULL,NULL,NULL
582,857,184670,"디모토 빈티지 잎새 미니 3단 파티션 칸막이 (인디핑크), 인디핑크",89000,235725438,False,0,3.0,1.0,False,,"10,000",,NULL,NULL,NULL
583,858,184670,"대나무파티션 일본풍 일식집 인테리어가벽 파티션, AA_전체 복장",59800,5132042632,False,0,,,False,,0,,NULL,NULL,NULL
584,859,184670,"은목 오리엔탈 동양화 4단 파티션 칸막이 공간분리, 블랙",136000,5191432782,False,20,,,False,,착불배송,,NULL,NULL,NULL
585,860,184670,"가구야히메 원목 패널 갤러리 3단 파티션 지지대포함, 하트 패널 3단-월넛",91000,23674493,False,20,4.5,22.0,False,가구야히메,"6,600",6.0,브라운,원목,NULL
586,863,184670,"파티션 바퀴달린 작업장 접이식병풍 쑥뜸 미용실 칸막이 병풍 여닫이문 사무실 바람막이 새로운중국풍의 접이식, T01-C71-블루 3개팬(두꺼운 프레임 2중패브릭)",65700,4596419543,False,0,,,False,,"7,000",,NULL,NULL,NULL
587,864,184670,"[까사라움] 하프갤러리 원목 4단 접이식 인테리어 낮은 파티션 화이트, 상세 설명 참조",138000,1523895863,False,0,4.5,3.0,False,,0,3.0,NULL,NULL,NULL
588,867,184670,"조앤1_비말차단 방역 투명칸막이 안전가림막 상담실 1인용 아크릴칸막이 투명가림막 학생가림판 투명가림판 공공기관파티션TW+3871ML, Σ선택_창구형3T",31230,5169095729,False,36,,,False,,0,,NULL,NULL,NULL
589,868,184670,"인테리어 골드 철제 파티션 무타공 공간분리 거실 주방 가리개 현관 원룸 사무실 셀프 가벽 만들기 기둥 벽 장식, D. 1개, 높이221-250cm (4개이상 주문가능)",32200,5232647976,False,60,,,False,노브랜드,0,,NULL,NULL,NULL
590,869,184670,"신화공방 인테리어 파티션 칸막이 이동식파티션 원목접이식파티션 가림막 스틸타공파티션, 01)스토리, 월넛",124750,2097528460,False,7,5.0,1.0,False,,착불배송,1.0,NULL,NULL,NULL
591,870,184670,"비말차단 칸막이 가림막 투명 가림판 파티션 책상 식당 테이블 깨지지않는 차단막 3T, 전면450",13640,5070965897,False,0,5.0,1.0,False,,"4,000",1.0,NULL,NULL,NULL
592,871,184670,"부식이나 변색이 없는 욕실 파티션, 투명 600",147000,4617731204,False,0,,,False,,0,,NULL,NULL,모던/심플
593,874,184670,"수능 가벽 타공판 경량 주방 안방 현관 신발장 이동식 낮은 인테리어 철망 파티션 방나누기 셀프 칸막이, 갈색",109400,2321148732,False,0,,,False,,0,,NULL,NULL,NULL
594,875,184670,"[솔향기를머금은가구] 아네트 3폭 파티션(대)/파티션/원목파티션/갤러리파티션/인테리어파티션, 전체색:화이트",138600,245058932,False,10,,,False,,0,,NULL,NULL,NULL
595,877,184670,"vV0Vv서랍정리 인테리어 칸막이 잘라쓰는 DIY 서랍 파티션 DD-10538 인테리어파티션 접이식파티션 이동식파티션 서랍정리 공간분리II0lI, lIl화이트lIl",5390,5284972043,False,0,,,False,,0,,NULL,NULL,NULL
596,878,184670,동아측기 테이블 안전 칸막이(1인용)70x50,27000,5149301242,False,0,,,False,,"4,000",,NULL,NULL,NULL
597,879,184670,"가구엔 알루미늄2단병원이동칸막이 칸막이 파티션, 연청",135500,228805844,False,0,5.0,1.0,False,,0,1.0,NULL,NULL,NULL
598,881,184670,위생투명칸막이 위생칸막이 비대면칸막이 네일위생파티션,45000,1419674418,False,0,3.0,1.0,False,,0,1.0,NULL,NULL,NULL
599,883,184670,"카미코코 1200 1단 2단 3단 우드파티션 칸막이 가리개, 1200 올워시 2단 (420)",39900,1173062239,False,0,5.0,2.0,False,,착불배송,2.0,NULL,NULL,NULL
600,886,184670,"마켓_비바로드강의실 안티비말 칸막이 학교 학원 책상 차단 가림막 투명파티션 아크릴칸막이 투명가림판 칸막이 상담실칸막이[부재시_문자요망], _좋은_소형(60x45x29cm)",17110,4720102078,False,39,,,False,,0,,NULL,NULL,NULL
601,887,184670,생활의지혜 인테리어파티션 폭 90 x 높이 150 cm 503-607 원목파티션. 비규격생산가능,100000,209074618,False,0,5.0,1.0,False,,착불배송,1.0,NULL,원목파티션,NULL
602,888,184670,"파티션 북유럽스타일의 병풍 칸막이 거실 접이식 이동 심플 모던 방송 침실 가리는 가정용 사무실 양면, T55-브라운색",142200,5279024523,False,0,,,False,,0,,NULL,NULL,NULL
603,890,184670,대형 악세서리 진열 L형 아크릴 칸막이 식당칸막이 파티션칸막이 가림판,12500,4660383442,False,0,,,False,,0,,NULL,NULL,NULL
604,892,184670,"일본식 창살 파티션 공간분리 셀프 인테리어 칸막이 병풍, 블랙",29000,4993970483,False,0,,,False,,0,,NULL,NULL,NULL
605,894,184670,책상 가림막 칸막이 책상가림판 파티션 양면코팅 40개,87500,4737677615,False,0,,,False,,0,,NULL,NULL,NULL
606,896,184670,"화이트 우드 파티션 카페 가벽 가림막 식당 매장 베란다 화장실 창고 원목 인테리어 원목, 그린 180X45CM",116100,5138455713,False,36,,,False,,"2,500",,NULL,NULL,NULL
607,898,184670,"병원 요양원 가정용 이동식 파티션, 화이트 3단",99900,5090048003,False,35,,,False,,0,,NULL,NULL,NULL
608,901,184670,"품질보장_대형 서랍분리구분 서랍 파티션 내 DIY 초강력 찰떡고정파티션 중형, No.01 초강력 서랍 파티션 중형",8190,5376675057,False,4,,,False,,0,,NULL,NULL,NULL
609,902,184670,"모던디자인 주방 현관 침실 철제가벽 셀프가벽 원룸파티션 경량칸막이, 화이트 90x210",116000,1532261751,False,0,4.5,3.0,False,,0,3.0,NULL,NULL,NULL
610,903,184670,"A6마트 욕실파티션37종 모음 DIY 쉬운설치 샤워부스 출장시공 당일발송, 피트격자파티션750",135000,4848721313,False,0,5.0,1.0,False,,"20,000",,NULL,NULL,NULL
611,904,184670,"북유럽 엔티크 빈티지 원목 병풍 칸막이 모던 접이식 거실 베란다 현관 파티션 가벽 인테리어, 1.78미터",36700,5196730674,False,63,,,False,,"15,000",,NULL,NULL,NULL
612,907,184670,"파티션 유럽식 병풍 칸막이 거실 침실 가리는 가정용 접이식 이동 사무실 장식 심플 모던 접이식병풍, T31-진노란색",95700,4641598649,False,0,,,False,,"7,000",,NULL,NULL,NULL
613,908,184670,"가구야히메 원목파티션 파티션, 화이트",71000,60376234,False,15,2.0,1.0,False,가구야히메,"6,000",,NULL,화이트페이퍼,NULL
614,909,184670,"해오름 비말차단 투명 PET 가림판 가림막 10개, 소형(60×45×29cm) 10개",77000,2145090155,False,0,5.0,1.0,False,,0,1.0,NULL,NULL,NULL
615,911,184670,파티션 가벽 칸막이 인테리어 거실 라탄 안방 매쉬 인테리어 병풍 식당 파티션 높은 화이트,59700,4929296895,False,33,,,False,,0,,NULL,NULL,NULL
616,912,184670,4인용 아크릴 가림막 칸막이 상담실 교실 창구 방역용 투명가림막,42500,4568148331,False,0,,,False,,"3,000",,NULL,NULL,NULL
617,913,184670,하우스데이 이동식파티션3단 체크소라(방염원단)블랙,198550,184538376,False,5,,,False,,0,,NULL,폴리에스텔,NULL
618,915,184670,"키친우드 병풍커버 8폭 6폭 병풍보관커버 고급3중 누빔원단, 1개",15500,175825035,False,22,4.5,8.0,False,,"3,000",3.0,NULL,NULL,NULL
619,916,184670,케이디자인 아크릴가림막 600 x 480 3T,17600,5058986145,False,14,,,False,,0,,NULL,NULL,NULL
620,917,184670,케이디자인 아크릴가림막 600 x 600 3T 창구형,22000,5058987387,False,12,,,False,,"4,000",,NULL,NULL,NULL
621,920,184670,예반 6폭 미니 풍속도 반야심경(사군자),109000,38224211,False,0,4.5,22.0,False,예반,0,4.0,NULL,NULL,NULL
622,923,184670,"인테리어파티션 전원 셀럽 빈티지 접이식 병풍 북유럽스타일의 실목 현관 칸막이 화분대 진열창 펀칭 옷가게 스탠드식, T04-200cm높은수 화이트 1부채 필요몇 팬 샷 몇",241450,5240822767,False,0,,,False,,0,,NULL,NULL,NULL
623,924,184670,PP 개인위생가림판 일반형 3단 접이식 가림막,2350,1508653969,False,0,,,False,,"3,000",,NULL,NULL,NULL
624,926,184670,"초간단 아크릴 칸막이 설치 조립 부품 5종, 가 아크릴판1장 가1",11550,5202614846,False,50,,,False,,"3,000",,NULL,NULL,NULL
625,927,184670,하우스데이 이동식 파티션 1단 750B-큐브블랙,62000,70911106,False,0,4.0,1.0,False,,0,,NULL,면지,NULL
626,930,184670,"[에일리] 루앙 2단 600 파티션 사무용 칸막이 인테리어 (화이트), 화이트",109000,1221961984,False,0,,,False,,"12,000",,NULL,NULL,NULL
627,931,184670,"동양파티션 원목파티션 홀용 8각4칸 사군자4칸 무제4칸 파티션 홍송(모델명: NH4 - AH NH4-BH NH4-CH ), 홀용사군자4칸 홍송(NH4-BH)",106000,4812866957,False,0,,,False,,"11,000",,레드,아트지,NULL
628,932,184670,"방염스크린모음(화재시안전) 스크린 스텐재질 스테인레스 이동식스크린 가림막 요양병원 칸막이 입원실 스틸스크린 학교 보건 양호실 학원 다용도칸막이 스텐칸막이 파티션 간변용 진료용, 3. 3단 IC746",189500,160182568,False,0,,,False,,0,,NULL,NULL,NULL
629,933,184670,거리두기 투명 가림막 아크릴 칸막이 5mm 두께 대형,43650,4863121894,False,0,,,False,,"5,000",,NULL,NULL,NULL
630,934,184670,PC 식당칸막이 비말칸막이 스텐드형 식탁용품 식당칸막이 비말칸막이 카페 칸막이 위생 칸막이 군부대 칸막이,95000,4506309607,False,26,,,False,,착불배송,,NULL,NULL,NULL
631,935,184670,"카미코코 1500 1단 2단 3단 우드파티션 칸막이 가리개, 1500 올워시 2단 (420)",47900,1173062299,False,0,,,False,,착불배송,,NULL,NULL,NULL
632,937,184670,"타공판닷컴 철제 파티션 가로 70cm x 높이 120cm + 가로 70cm x 높이 110cm 세트, 화이트",206360,1911240980,True,7,5.0,2.0,False,,0,2.0,NULL,NULL,NULL
633,938,184670,"유럽식 원목 우드 카페 식당 드레스룸 주방 냉장고 현관 원룸 거실 이동식 인테리어 셀프 가벽 만들기 가림막 파티션 칸막이 공간분리, F.180 * 40",54100,4903901282,False,0,,,False,,0,,NULL,NULL,NULL
634,939,184670,"아크릴칸막이 아크릴가림막 비말차단 대면칸막이 자유로운 맞춤형 재단 및 설치 학원칸막이 데스크 창구칸막이 은행창구칸막이 관공서칸막이 문의폭주중, A타입/투명3mm",41000,2112485252,False,59,,,False,,"5,000",,투명,아크릴,NULL
635,940,184670,끌림광고 투명 칸막이 아크릴 가림막 파티션 600*500 식당 학교 학원 병원 민원실 관공서 3T,23600,1772245512,False,0,5.0,2.0,False,,0,2.0,NULL,NULL,NULL
636,941,184670,"쁘레또 모자이크 파티션 인테리어 까페 칸막이, 3단파티션(1400)",179000,1464893856,False,0,,,False,,"10,000",,NULL,NULL,NULL
637,943,184670,"초등학교가림막 초등학교칸막이 SC-04 대, 단품",7200,1729247640,False,0,,,False,문화산업,"2,500",,NULL,NULL,NULL
638,946,184670,"데코지엔 패브릭 원목 공간분리 칸막이 85 88 파티션, 88갤러리3단파티션(화이트)",95000,189253738,False,0,4.5,3.0,False,,착불배송,1.0,NULL,NULL,NULL
639,950,184670,케이디자인 아크릴가림막 600 x 600 3T,22000,5058986229,False,12,,,False,,0,,NULL,NULL,NULL
640,952,184670,"해피데이 4단 구텐 파티션, 블랙",48290,3582239,False,0,3.0,5.0,False,해피데이,착불배송,1.0,블랙,라탄,NULL
641,957,184670,생활용품 주방가벽 4cm파티션 낮은 4pcs_1368 파티션 사무용 칸막이 스텐타공판 매쉬망,4390,5028348177,False,0,,,False,SJ,"2,500",,NULL,NULL,NULL
642,961,184670,[자체제작] 신사임당 초충도 8폭 미니병풍 (소) #외국인 선물,28640,4919544967,False,0,,,False,,0,,NULL,NULL,NULL
643,964,184670,"디모토 웨인스 미니 3단 원목 파티션 칸막이 인테리어 (스카이그레이), 스카이그레이",95000,1063547009,False,0,5.0,1.0,False,,"10,000",1.0,NULL,NULL,NULL
644,966,184670,"카페 인테리어 일러스트 미니멀 고양이 북유럽 패브릭 침실 파티션 패브릭 이동식 가벽 셀프 원룸 공간분리 파티션, 핑크 80*180",60800,5069128858,False,0,,,False,,0,,NULL,NULL,NULL
645,967,184670,"DGM * DGM!가림막 디귿자 아크릴 칸막이 1인용oh35120 DO77_33, 1인용 디귿자",49230,4866764221,False,0,,,False,,0,,NULL,NULL,NULL
646,969,184670,"에스엔케이/45T/PVC/사무실파티션/콤비 파티션 H1200, W900XH1200/PN727",55000,1220426288,False,0,,,False,,0,,NULL,NULL,NULL
647,971,184670,"철제 나무 파티션 낮은 수납장 카페 미용실 셀프인테리어 가벽 사무실 원룸공간분리 만들기, 길이 60 폭 25 높이 80의 3 층",81200,2076424041,False,62,,,False,,0,,NULL,NULL,NULL
648,972,184670,아크릴 가림막 식당 학교 관공서 칸막이 400x400 3T,13500,5190000361,False,0,,,False,,"4,000",,NULL,NULL,NULL
649,974,184670,"아이베란다 라취 원목파티션, 900x1800mm(지지대별도)",116700,101379366,False,0,5.0,2.0,False,,"6,000",2.0,NULL,NULL,NULL
650,975,184670,"파티션용 화분 거치대 (바닥 지름 16cm용), T 형",5980,4798826956,False,2,,,False,베스트하우스,0,,NULL,NULL,NULL
651,977,184670,"루이송 화이트 4단 루나 엘렌 하모니 로렌 파티션, 하모니4단파티션, 1개",99000,6981020,False,0,4.0,43.0,False,루이송,0,8.0,화이트,목재합성,NULL
652,981,184670,피오피나라 PET 비말방지 책상 칸막이 가림판,13500,1499151513,False,0,4.5,3.0,False,,"7,000",3.0,NULL,NULL,NULL
653,982,184670,"데코지엔 무빙 스트라이프 가벽 공간분리 파티션, 화이트",129000,5398525486,False,0,5.0,1.0,False,,착불배송,1.0,NULL,NULL,NULL
654,984,184670,"하니 2단 600 파티션 사무실 칸막이 인테리어 사무용파티션, 스카이그레이",95000,1133167710,False,0,,,False,,"10,000",,NULL,NULL,NULL
655,985,184670,"[디모토] 프렌치하임 빈티지 원목 3단 파티션 칸막이 (화이트), 화이트",135000,116885146,False,0,4.0,5.0,False,,"10,000",,화이트,원목,NULL
656,986,184670,아이캐슬 올리비아 화이트 3단 파티션 칸막이,119000,110863708,False,0,4.0,1.0,False,아이캐슬,0,,NULL,NULL,NULL
657,987,184670,"(주)이안랜드 럭셔리 원목 반 격자 파티션, 호두",108000,1451712,False,0,5.0,4.0,False,,착불배송,3.0,브라운,원목,NULL
658,990,184670,"평면도 진열대 디스플레이 수직 잡지 도서꽂이 소품, 111 로그 색상 정보랙",160600,4736692556,False,0,,,False,,0,,NULL,NULL,NULL
659,992,184670,"wlwwlwwlstyvld_투명 가림막 6인 아크릴 칸막이 간편 비말칸막이 비말방지 아크릴칸막이 방역용품 가림판+maoyigongsi@@#, !!맘에들어요A++!!",121580,5317625560,False,19,,,False,,0,,NULL,NULL,NULL
660,996,184670,"[수도권 5일 로켓배송+신상품 할인] 포더홈 레인 인테리어 가벽 파티션 1142mm (D type), 화이트",229900,4692301949,False,60,4.0,1.0,False,포더홈,0,1.0,NULL,NULL,NULL
661,998,184670,"남원목기 비단 산수화 반야심경 6폭 병풍, 1세트",119900,6419557,True,36,4.0,19.0,False,,0,6.0,NULL,비단(실크),NULL
662,1001,184670,이케아 DYNING 뒤닝 발코니 파티션 화이트 250x80 cm 103.407.87,39900,5235432496,False,0,,,False,이케아,0,,NULL,NULL,NULL
663,1002,184670,"코코디피 4단 대형 고급 라탄 파티션 병풍 업소용 매장용 가정, 월넛",52900,243208674,False,0,,,False,,"12,000",,브라운,라탄,NULL
664,1003,184670,"대나무 접이식파티션칸막이인테리어파티션식당파티션, 1.5*04m3칸",55800,2058101870,False,0,3.0,1.0,False,,"10,000",1.0,NULL,NULL,NULL
665,1004,184670,"카미코코 1500 1단 2단 3단 우드파티션 칸막이 가리개, 1500 올워시 2단 (620)",59900,1173062296,False,0,5.0,1.0,False,,착불배송,1.0,NULL,NULL,NULL
666,1005,184670,"공간분리 책상칸막이 수능가림막 수능칸막이 비대면, 옵션6",23700,4658204657,False,0,,,False,,0,,NULL,NULL,NULL
667,1006,184670,"[리비니아] 다용도 매직파티션 대형, 블랙",66900,4500450551,False,0,,,False,리비니아,0,,NULL,NULL,NULL
668,1008,184670,"해피데이 6단 풍경 파티션 블라인드, 원색",249000,1204198280,False,0,,,False,해피데이,착불배송,,NULL,NULL,NULL
669,1009,184670,공간 분리 책장 나누기 옷장안 수납 파티션 서랍장,3090,5173133295,False,0,2.0,1.0,False,,"2,500",1.0,NULL,NULL,NULL
670,1011,184670,"신화공방 파티션 칸막이 이동식 삼나무파티션, 4)몽망삼나무파티션(1200*900*45)",130000,1853768548,False,0,4.0,2.0,False,,착불배송,2.0,우드,원목,NULL
671,1012,184670,"편의점 음식점 투명 식당용 거리두기 수능 아크릴 가림판 가림막 칸막이 차단막, 4인용 십자형 칸막이",66900,4876156465,False,30,,,False,,0,,투명,아크릴,NULL
672,1013,184670,은목 올리비아 월넛 3단 파티션 칸막이 공간분리,108000,5191432650,False,20,,,False,,착불배송,,NULL,NULL,NULL
673,1014,184670,미니어처 제사상 납골당꾸미기 2인상 병풍 주류 포함,110000,4774189757,False,0,,,False,,0,,NULL,NULL,NULL
674,1015,184670,"비말차단 비대면 칸막이 방역 가림막 조립형 십자형 개방형 6인용, 십자형 개방형 6인용 1500",65000,2372866900,False,0,,,False,,0,,NULL,NULL,NULL
675,1018,184670,"타공판 가벽 인테리어 철제파티션 400 x 2800 mm, 화이트",194130,1909826328,True,2,,,False,,0,,NULL,NULL,NULL
676,1020,184670,"모디디 범부4단파티션 NY-1033-4NA, 내츄럴",96220,118452918,True,9,4.5,14.0,False,모디디,0,5.0,NULL,NULL,NULL
677,1021,184670,"[까사라움] 패턴 원목 2단 이동 접이식 인테리어 파티션, 상세 설명 참조",86000,1653888236,False,0,5.0,1.0,False,,0,1.0,NULL,NULL,NULL
678,1022,184670,하우스데이 이동식파티션 2단 750W-브라운선염체크,123500,70930460,False,5,,,False,,0,,NULL,면지,NULL
679,1024,184670,"하하투게더 안티 비말 파티션 홈앞 가림막 1개 투명 책상 아크릴, 투명색",22000,4670301728,False,8,,,False,,"2,500",,투명,아크릴,NULL
680,1026,184670,하우스데이 이동식파티션2단 파스텔브라운(방염원단)블랙,137750,184531371,False,5,,,False,,0,,NULL,폴리에스텔,NULL
681,1027,184670,"[디디지메이트]델라카사 파티즈 타공판 철제파티션, (반타공)_W610_화이트_연결형",94000,168558335,False,18,5.0,1.0,False,,0,1.0,화이트,철제,NULL
682,1028,184670,"[미즌하임] 듀크 철재 파티션 IV [망입패턴유리/타공/불투명유리] 1200x1800, 색상:타공[블랙]_T 1200-1800 B",131600,321971990,False,0,,,False,,"20,000",,NULL,NULL,NULL
683,1029,184670,"해피데이 4단 도안 파티션 블라인드, 1",108900,235707182,False,0,,,False,해피데이,착불배송,,NULL,NULL,NULL
684,1031,184670,"[에일리] 벨스 3단 4단 원목 파티션 칸막이 인테리어 까페파티션, 3단파티션(화이트)",135000,1292710985,False,0,,,False,,"12,000",,NULL,NULL,NULL
685,1032,184670,"박씨상방 미니 추사김정희 진주비단6폭병풍120cm+특허버팀고무, 상세설명 참조",156240,1558352052,False,7,,,False,박씨상방,0,,NULL,NULL,NULL
686,1033,184670,"아이베란다 목봉파티션 칸막이 가림막 방묘문, (목봉파티션300) 1200x1200mm(지지대별도)",112800,294228505,False,0,5.0,5.0,False,,"6,000",2.0,NULL,NULL,NULL
687,1034,184670,"가구야히메 원목 병풍 3단 파티션, 병풍3단, 화이트",76000,33131731,False,13,3.0,3.0,False,가구야히메,0,,화이트,한지,NULL
688,1035,184670,"간이벽 주방 방나누기 목재가벽 사무실공간분리 매직 셀프가벽 베란다 파티션분할 경량이동식칸막이 미니 칸막이 침실 대나무 병풍 접이식 가정용 사무실, 2.0m 높이X0.5m 폭(4짝)",68700,5372724236,False,78,,,False,,"29,000",,NULL,NULL,NULL
689,1036,184670,접이식 흡음파티션248 x 178 PM419,627900,1692099190,False,9,,,False,,0,,NULL,NULL,NULL
690,1037,184670,"패널 갤러리 이동형 3단 원목 파티션 칸막이 인테리어 까페 파티션, 3단(스카이그레이)",218000,4976969030,False,0,,,False,,"10,000",,그레이,NULL,북유럽
691,1038,184670,"신화공방 [원목칸막이모음] 원목파티션 업소용이동식칸막이 카페인테리어 가리개 가림막, 무제파티션, 월넛",110000,4550053596,False,0,,,False,,착불배송,,NULL,NULL,NULL
692,1039,184670,"대형 투명아크릴 비말 가림막 비대면 파티션 760mm, 대형 창구형",47500,4588471281,False,0,4.0,2.0,False,,0,2.0,NULL,NULL,NULL
693,1040,184670,8폭일월도영인본 병풍 가리개 고가구 이조공예 한옥,525000,1548515464,False,0,,,False,,0,,NULL,NULL,NULL
694,1041,184670,이케아 스투크 칸막이정리함 화이트 20x51x18cm 폴리에스테르100%,7470,4994910594,False,2,,,False,,0,,NULL,NULL,NULL
695,1042,184670,"카미코코 1500 1단 2단 3단 우드파티션 칸막이 가리개, 1500 아카시아 2단 투톤(420)",47900,1173062284,False,0,5.0,1.0,False,,착불배송,1.0,NULL,NULL,NULL
696,1043,184670,"베스트리빙 [땡처리상품]어디에나 잘어울리는 액자 3단 파티션, 내츄럴",54900,4543338966,False,49,,,False,베스트리빙,0,,NULL,NULL,NULL
697,1044,184670,"Iris Wood Wall Shelf T46 파티션 홈데코, 베이지",96520,1601031138,False,0,,,False,IRIS,0,,NULL,NULL,NULL
698,1045,184670,"카미코코 1500 1단 2단 3단 우드파티션 칸막이 가리개, 1500 워시 3단 투톤(620)",89900,1173062261,False,0,4.0,5.0,False,,착불배송,4.0,NULL,NULL,NULL
699,1046,184670,"투명 아크릴 책상 칸막이 계산창 프론트 파티션 가림막, 폭 1200mm 높이 480mm (오픈x)",55700,4565141566,False,25,,,False,,0,,NULL,NULL,NULL
700,1047,184670,"DFVB 57종 셀프 원룸 공간분리 거실파티션 주방 현관, 선택14",32700,1772630732,False,0,4.0,1.0,False,,0,1.0,NULL,NULL,NULL
701,1048,184670,"[까사라움] 하프갤러리패브릭 원목 3단 접이식 인테리어 파티션 화이트, 상세 설명 참조",85500,1523895887,False,5,4.0,1.0,False,,0,1.0,NULL,NULL,NULL
702,1049,184670,"인테리어파티션 접이식 안마 병풍 칸막이 현관 실목 사무실 방 회사 찻집 인테리어 약국 배경벽, T21-1.5미터높이 *50cm너비 4부채 단면",89400,5137836912,False,0,,,False,,"7,000",,NULL,NULL,NULL
703,1051,184670,"카운터 투명 논아크릴 인테리어파티션 심플 모던 병풍 칸막이 벽진문 거실 침실, 58 다섯 짝[덧붙이기]",337200,5324578280,False,0,,,False,,0,,NULL,NULL,NULL
704,1052,184670,"라탄 대나무 인테리어 셀프 가벽 식당 사무실 칸막이 안방 원룸 베란다 공간분리 침대 현관 가림막 파티션, 1.5 x 40 3개, 브라운",84600,5203715410,False,0,,,False,,0,,NULL,NULL,NULL
705,1055,184670,"은목 전신거울 3단 파티션 칸막이 공간분리, 블랙",167000,5191432317,False,19,,,False,,착불배송,,NULL,NULL,NULL
706,1056,184670,영남베드앤메디칼 이동식 철제 2단 방염 파티션 YB-S202,178400,113687919,False,0,,,False,,0,,NULL,NULL,NULL
707,1057,184670,"호가 4단 라탄파티션 170cm 특대형 파티션, 170cm 라탄 브라운(특대형)",55900,205913324,False,0,3.0,7.0,False,,0,,NULL,NULL,NULL
708,1058,184670,"아이베란다 타공판 파티션 하프(루바&래티스), ㅛ자 키높이 지지대(2개1세트)",16000,130642484,False,0,5.0,2.0,False,,"6,000",1.0,NULL,NULL,NULL
709,1063,184670,요양원용 파티션 스크린 칸막이 다용도 가림막 튼튼하고 가벼운 스테인레스 소재 1단 2단 3단,109990,4941235628,False,0,,,False,,착불배송,,NULL,NULL,NULL
710,1064,184670,"리빙원디자인 하트 패브릭 원목파티션 칸막이 인테리어파티션, 03.하트 패브릭파티션, 그린",62900,28945603,False,26,2.0,7.0,False,리빙원디자인,"7,000",,NULL,MDF,NULL
711,1065,184670,"크린 6인 아크릴 파티션 간편설치 급식 사무실 학교, 6인용",89900,1702646779,False,9,,,False,,0,,NULL,NULL,NULL
712,1066,184670,"마드라스1 파티션/3단/4단, 3단/내츄럴",83610,1285302508,False,6,5.0,1.0,False,베스트리빙,0,1.0,NULL,NULL,NULL
713,1068,184670,"파티션 .접이식 병풍 칸막이 가리기 접이식병풍 병원 철재 가림막커튼 미닫이문 그린색 수액 스탠드식, T21-화이트색 5폭(프레임 2중패브릭)360도회전바퀴",109500,5260455541,False,0,,,False,,"7,000",,NULL,NULL,NULL
714,1069,184670,"병원 가림막 파티션 병풍 한의원 개인 종합 병원 요양원 칸막이 커튼 1단 2단 3단, 핑크 세 팬",68300,2205334512,False,0,,,False,,0,,NULL,NULL,NULL
715,1070,184670,"[삼익가구]루이 인테리어 가벽 철제 파티션(넓은간격가로폭 333), 오크",59900,5197138581,False,69,,,False,삼익가구,착불배송,,NULL,NULL,NULL
716,1071,184670,학교 학원 도서관 독서실 회의실 식당 폴리카보네이트 투명아크릴 비대면파티션 칸막이 ㄷ자형 가림막,28500,4832344665,False,50,,,False,,0,,투명,폴리카보네이트,NULL
717,1072,184670,하우스데이 이동식 파티션 2단 750W-세인트그레이,131100,218292109,False,5,,,False,,0,,NULL,면지,NULL
718,1074,184670,"카미코코 1200 1단 2단 3단 우드파티션 칸막이 가리개, 1200 올아카시아 2단 (620)",47900,1173062231,False,0,5.0,1.0,False,,착불배송,,NULL,NULL,NULL
719,1075,184670,"가벽세우기 공간분리 현관 파티션 셀프인테리어 원룸, 흰색 191 X 70cm_1개",168000,1972701457,False,0,,,False,,0,,NULL,NULL,NULL
720,1076,184670,아크릴 가림막 식당 학교 관공서 800x600 3T 창구형,27500,5189991430,False,0,,,False,,"4,000",,NULL,NULL,NULL
721,1077,184670,"레트로하우스 틴우드 타공판 철제파티션 800 (하프), 화이트",64000,298365530,False,60,4.0,2.0,False,레트로하우스,착불배송,1.0,NULL,NULL,NULL
722,1078,184670,진열용 테이블칸막이 아크릴 칸막이 이동식가림막 식당이동식칸막이,9290,4671571621,False,0,,,False,,"3,000",,NULL,NULL,NULL
723,1080,184670,"데코지엔 블라인드 가벽 파티션, 높은천정고용조절바추가",4500,2122757127,False,0,5.0,1.0,False,,착불배송,1.0,NULL,NULL,NULL
